file,mean,std
images/DUKE_001/DUKE_001_0003.nii.gz,27.68764877319336,32.509185791015625
images/DUKE_001/DUKE_001_0001.nii.gz,27.455442428588867,31.191701889038086
images/DUKE_001/DUKE_001_0004.nii.gz,27.80344581604004,33.1127815246582
images/DUKE_001/DUKE_001_0002.nii.gz,27.312782287597656,31.772829055786133
images/DUKE_002/DUKE_002_0002.nii.gz,289.9447021484375,360.2294616699219
images/DUKE_002/DUKE_002_0001.nii.gz,289.50067138671875,373.45758056640625
images/DUKE_002/DUKE_002_0003.nii.gz,292.2135009765625,360.3721008300781
images/DUKE_005/DUKE_005_0001.nii.gz,46.51559066772461,53.887264251708984
images/DUKE_005/DUKE_005_0002.nii.gz,46.91133117675781,53.96183395385742
images/DUKE_005/DUKE_005_0003.nii.gz,46.26218032836914,52.60594940185547
images/DUKE_009/DUKE_009_0001.nii.gz,205.1313018798828,325.69451904296875
images/DUKE_009/DUKE_009_0002.nii.gz,200.5038604736328,299.6908874511719
images/DUKE_009/DUKE_009_0003.nii.gz,200.48329162597656,300.14129638671875
images/DUKE_010/DUKE_010_0003.nii.gz,388.4250793457031,479.2084655761719
images/DUKE_010/DUKE_010_0001.nii.gz,396.6669921875,508.1843566894531
images/DUKE_010/DUKE_010_0002.nii.gz,389.3462829589844,482.3466796875
images/DUKE_012/DUKE_012_0002.nii.gz,388.233154296875,572.6846313476562
images/DUKE_012/DUKE_012_0003.nii.gz,403.5855712890625,601.2176513671875
images/DUKE_012/DUKE_012_0001.nii.gz,368.498291015625,526.4887084960938
images/DUKE_019/DUKE_019_0001.nii.gz,43.18690872192383,65.39176177978516
images/DUKE_019/DUKE_019_0002.nii.gz,45.015708923339844,67.46990203857422
images/DUKE_019/DUKE_019_0003.nii.gz,45.35007858276367,68.32398986816406
images/DUKE_021/DUKE_021_0003.nii.gz,313.18206787109375,421.0657653808594
images/DUKE_021/DUKE_021_0002.nii.gz,314.7496337890625,411.6828308105469
images/DUKE_021/DUKE_021_0001.nii.gz,298.6701965332031,387.3182678222656
images/DUKE_022/DUKE_022_0002.nii.gz,29.649930953979492,30.559961318969727
images/DUKE_022/DUKE_022_0001.nii.gz,29.94854736328125,30.53635597229004
images/DUKE_022/DUKE_022_0003.nii.gz,29.672000885009766,30.8322811126709
images/DUKE_022/DUKE_022_0004.nii.gz,29.3565616607666,31.03509521484375
images/DUKE_028/DUKE_028_0002.nii.gz,27.97942543029785,46.056610107421875
images/DUKE_028/DUKE_028_0001.nii.gz,27.206628799438477,44.069637298583984
images/DUKE_028/DUKE_028_0003.nii.gz,28.25412940979004,47.149818420410156
images/DUKE_032/DUKE_032_0004.nii.gz,247.28587341308594,288.6778869628906
images/DUKE_032/DUKE_032_0002.nii.gz,252.16998291015625,296.83709716796875
images/DUKE_032/DUKE_032_0003.nii.gz,248.19503784179688,290.4497985839844
images/DUKE_032/DUKE_032_0001.nii.gz,247.6243438720703,294.8953857421875
images/DUKE_034/DUKE_034_0002.nii.gz,376.5904235839844,495.67230224609375
images/DUKE_034/DUKE_034_0001.nii.gz,374.7876892089844,482.8050231933594
images/DUKE_034/DUKE_034_0004.nii.gz,387.21942138671875,523.123046875
images/DUKE_034/DUKE_034_0003.nii.gz,377.2662353515625,508.14483642578125
images/DUKE_040/DUKE_040_0003.nii.gz,15.155765533447266,20.414581298828125
images/DUKE_040/DUKE_040_0001.nii.gz,15.070477485656738,19.501035690307617
images/DUKE_040/DUKE_040_0002.nii.gz,15.18325138092041,20.1416015625
images/DUKE_040/DUKE_040_0004.nii.gz,15.359591484069824,20.827219009399414
images/DUKE_041/DUKE_041_0003.nii.gz,478.4695129394531,564.8056030273438
images/DUKE_041/DUKE_041_0002.nii.gz,480.8351745605469,574.9664916992188
images/DUKE_041/DUKE_041_0004.nii.gz,474.79327392578125,555.8237915039062
images/DUKE_041/DUKE_041_0001.nii.gz,489.3118896484375,600.4073486328125
images/DUKE_043/DUKE_043_0002.nii.gz,539.3229370117188,689.8485717773438
images/DUKE_043/DUKE_043_0003.nii.gz,531.2809448242188,677.1873168945312
images/DUKE_043/DUKE_043_0004.nii.gz,531.359619140625,676.2842407226562
images/DUKE_043/DUKE_043_0001.nii.gz,548.7010498046875,712.74853515625
images/DUKE_044/DUKE_044_0001.nii.gz,23.691259384155273,38.64485168457031
images/DUKE_044/DUKE_044_0002.nii.gz,23.266908645629883,36.88446807861328
images/DUKE_044/DUKE_044_0004.nii.gz,23.34552001953125,36.416072845458984
images/DUKE_044/DUKE_044_0003.nii.gz,23.520360946655273,37.06705856323242
images/DUKE_045/DUKE_045_0003.nii.gz,215.7008514404297,254.72865295410156
images/DUKE_045/DUKE_045_0002.nii.gz,220.9742889404297,260.5736083984375
images/DUKE_045/DUKE_045_0001.nii.gz,218.38735961914062,261.8840026855469
images/DUKE_046/DUKE_046_0002.nii.gz,23.8991641998291,37.89595413208008
images/DUKE_046/DUKE_046_0003.nii.gz,23.984615325927734,38.4595947265625
images/DUKE_046/DUKE_046_0001.nii.gz,22.532312393188477,34.756893157958984
images/DUKE_048/DUKE_048_0003.nii.gz,43.69175338745117,47.517425537109375
images/DUKE_048/DUKE_048_0001.nii.gz,42.52376937866211,45.83556365966797
images/DUKE_048/DUKE_048_0002.nii.gz,43.514495849609375,47.3247184753418
images/DUKE_051/DUKE_051_0002.nii.gz,202.21200561523438,266.9447937011719
images/DUKE_051/DUKE_051_0001.nii.gz,198.93704223632812,258.33526611328125
images/DUKE_051/DUKE_051_0003.nii.gz,204.61520385742188,269.47332763671875
images/DUKE_055/DUKE_055_0002.nii.gz,529.2685546875,646.0723266601562
images/DUKE_055/DUKE_055_0003.nii.gz,536.0863037109375,647.8516235351562
images/DUKE_055/DUKE_055_0004.nii.gz,523.3639526367188,626.811279296875
images/DUKE_055/DUKE_055_0001.nii.gz,543.3067626953125,678.5536499023438
images/DUKE_057/DUKE_057_0002.nii.gz,52.44179916381836,66.97361755371094
images/DUKE_057/DUKE_057_0001.nii.gz,49.90406036376953,61.3748779296875
images/DUKE_057/DUKE_057_0003.nii.gz,53.61740493774414,69.82269287109375
images/DUKE_059/DUKE_059_0003.nii.gz,406.1011962890625,567.9024047851562
images/DUKE_059/DUKE_059_0001.nii.gz,402.77008056640625,548.0513916015625
images/DUKE_059/DUKE_059_0002.nii.gz,398.7080383300781,551.69091796875
images/DUKE_060/DUKE_060_0002.nii.gz,532.6942138671875,621.9209594726562
images/DUKE_060/DUKE_060_0003.nii.gz,531.8551635742188,617.9962158203125
images/DUKE_060/DUKE_060_0001.nii.gz,527.7393188476562,631.2109985351562
images/DUKE_060/DUKE_060_0004.nii.gz,525.1859741210938,609.8413696289062
images/DUKE_061/DUKE_061_0001.nii.gz,381.48785400390625,492.0994873046875
images/DUKE_061/DUKE_061_0002.nii.gz,390.7867736816406,504.3873291015625
images/DUKE_061/DUKE_061_0003.nii.gz,398.1534729003906,517.9212646484375
images/DUKE_064/DUKE_064_0003.nii.gz,595.482666015625,643.9673461914062
images/DUKE_064/DUKE_064_0004.nii.gz,594.40771484375,650.2666015625
images/DUKE_064/DUKE_064_0001.nii.gz,594.4481811523438,656.4375
images/DUKE_064/DUKE_064_0002.nii.gz,601.062255859375,658.1695556640625
images/DUKE_069/DUKE_069_0003.nii.gz,251.11483764648438,299.9930725097656
images/DUKE_069/DUKE_069_0004.nii.gz,248.20693969726562,297.0484313964844
images/DUKE_069/DUKE_069_0001.nii.gz,247.0561981201172,305.51190185546875
images/DUKE_069/DUKE_069_0002.nii.gz,245.697021484375,295.100341796875
images/DUKE_071/DUKE_071_0003.nii.gz,204.326416015625,289.40277099609375
images/DUKE_071/DUKE_071_0002.nii.gz,206.51651000976562,290.9254455566406
images/DUKE_071/DUKE_071_0001.nii.gz,205.72474670410156,296.36041259765625
images/DUKE_077/DUKE_077_0003.nii.gz,563.1542358398438,686.0762939453125
images/DUKE_077/DUKE_077_0001.nii.gz,552.4030151367188,692.8312377929688
images/DUKE_077/DUKE_077_0002.nii.gz,562.6021728515625,698.5614013671875
images/DUKE_077/DUKE_077_0004.nii.gz,554.9259643554688,685.1705322265625
images/DUKE_082/DUKE_082_0002.nii.gz,52.80292510986328,55.830345153808594
images/DUKE_082/DUKE_082_0001.nii.gz,53.36961364746094,57.194705963134766
images/DUKE_082/DUKE_082_0003.nii.gz,52.7928352355957,55.966094970703125
images/DUKE_086/DUKE_086_0001.nii.gz,19.725624084472656,29.714262008666992
images/DUKE_086/DUKE_086_0002.nii.gz,20.343887329101562,31.376304626464844
images/DUKE_086/DUKE_086_0003.nii.gz,20.304218292236328,31.797752380371094
images/DUKE_090/DUKE_090_0001.nii.gz,425.0077819824219,664.1910400390625
images/DUKE_090/DUKE_090_0003.nii.gz,430.1913146972656,684.634033203125
images/DUKE_090/DUKE_090_0002.nii.gz,431.4481506347656,683.402587890625
images/DUKE_091/DUKE_091_0002.nii.gz,23.694738388061523,26.712949752807617
images/DUKE_091/DUKE_091_0004.nii.gz,23.117664337158203,26.523056030273438
images/DUKE_091/DUKE_091_0003.nii.gz,23.534088134765625,26.78268051147461
images/DUKE_091/DUKE_091_0001.nii.gz,24.05034637451172,26.974075317382812
images/DUKE_097/DUKE_097_0001.nii.gz,29.81260871887207,50.26350021362305
images/DUKE_097/DUKE_097_0002.nii.gz,30.44659996032715,53.15643310546875
images/DUKE_097/DUKE_097_0003.nii.gz,30.36621856689453,53.54472351074219
images/DUKE_099/DUKE_099_0004.nii.gz,546.1010131835938,619.2316284179688
images/DUKE_099/DUKE_099_0003.nii.gz,547.84375,633.6878662109375
images/DUKE_099/DUKE_099_0002.nii.gz,544.0587768554688,645.9660034179688
images/DUKE_099/DUKE_099_0001.nii.gz,515.0614624023438,623.5744018554688
images/DUKE_101/DUKE_101_0002.nii.gz,53.88450622558594,69.5800552368164
images/DUKE_101/DUKE_101_0004.nii.gz,52.88004684448242,68.01348114013672
images/DUKE_101/DUKE_101_0001.nii.gz,54.9256591796875,72.07421112060547
images/DUKE_101/DUKE_101_0003.nii.gz,53.154972076416016,68.55001068115234
images/DUKE_103/DUKE_103_0002.nii.gz,50.98577880859375,53.61686706542969
images/DUKE_103/DUKE_103_0001.nii.gz,50.356048583984375,53.54955291748047
images/DUKE_104/DUKE_104_0002.nii.gz,43.59734344482422,40.10591506958008
images/DUKE_104/DUKE_104_0003.nii.gz,43.928707122802734,40.887939453125
images/DUKE_104/DUKE_104_0001.nii.gz,42.91236114501953,38.662864685058594
images/DUKE_105/DUKE_105_0002.nii.gz,455.0277099609375,620.1522827148438
images/DUKE_105/DUKE_105_0004.nii.gz,452.5459289550781,616.977294921875
images/DUKE_105/DUKE_105_0003.nii.gz,456.6208801269531,619.330078125
images/DUKE_105/DUKE_105_0001.nii.gz,442.9967956542969,622.7188110351562
images/DUKE_107/DUKE_107_0002.nii.gz,537.1473999023438,599.6099243164062
images/DUKE_107/DUKE_107_0001.nii.gz,526.7433471679688,588.2050170898438
images/DUKE_107/DUKE_107_0003.nii.gz,545.3336181640625,606.6657104492188
images/DUKE_107/DUKE_107_0004.nii.gz,543.0515747070312,607.4602661132812
images/DUKE_114/DUKE_114_0002.nii.gz,441.0788269042969,566.91162109375
images/DUKE_114/DUKE_114_0001.nii.gz,434.8411560058594,549.7808227539062
images/DUKE_114/DUKE_114_0003.nii.gz,441.7444152832031,579.57373046875
images/DUKE_115/DUKE_115_0001.nii.gz,514.1101684570312,653.8067626953125
images/DUKE_115/DUKE_115_0003.nii.gz,510.7454528808594,626.94140625
images/DUKE_115/DUKE_115_0004.nii.gz,511.8094787597656,623.262451171875
images/DUKE_115/DUKE_115_0002.nii.gz,514.1231079101562,633.1753540039062
images/DUKE_116/DUKE_116_0001.nii.gz,47.71321487426758,51.15863800048828
images/DUKE_116/DUKE_116_0003.nii.gz,47.969337463378906,51.923728942871094
images/DUKE_116/DUKE_116_0002.nii.gz,47.934356689453125,51.660133361816406
images/DUKE_117/DUKE_117_0003.nii.gz,385.2677307128906,527.498046875
images/DUKE_117/DUKE_117_0001.nii.gz,401.8623046875,577.9422607421875
images/DUKE_117/DUKE_117_0002.nii.gz,393.8247985839844,548.5457153320312
images/DUKE_119/DUKE_119_0002.nii.gz,60.29956817626953,79.39608764648438
images/DUKE_119/DUKE_119_0001.nii.gz,60.67548751831055,78.24900817871094
images/DUKE_119/DUKE_119_0004.nii.gz,60.05113220214844,79.87532043457031
images/DUKE_119/DUKE_119_0003.nii.gz,59.84823989868164,79.68179321289062
images/DUKE_120/DUKE_120_0001.nii.gz,53.197532653808594,63.26753234863281
images/DUKE_120/DUKE_120_0003.nii.gz,54.49496078491211,63.80546951293945
images/DUKE_120/DUKE_120_0002.nii.gz,53.445640563964844,64.37882232666016
images/DUKE_120/DUKE_120_0004.nii.gz,53.829010009765625,66.2999496459961
images/DUKE_123/DUKE_123_0002.nii.gz,255.6470489501953,305.5433349609375
images/DUKE_123/DUKE_123_0004.nii.gz,255.62925720214844,300.7369079589844
images/DUKE_123/DUKE_123_0003.nii.gz,259.991943359375,305.1751403808594
images/DUKE_123/DUKE_123_0001.nii.gz,259.9847412109375,316.7667541503906
images/DUKE_129/DUKE_129_0003.nii.gz,599.5175170898438,645.0907592773438
images/DUKE_129/DUKE_129_0004.nii.gz,598.440673828125,646.2305297851562
images/DUKE_129/DUKE_129_0001.nii.gz,582.7149658203125,642.3753662109375
images/DUKE_129/DUKE_129_0002.nii.gz,597.251953125,647.5552978515625
images/DUKE_132/DUKE_132_0001.nii.gz,38.70460891723633,53.059818267822266
images/DUKE_132/DUKE_132_0003.nii.gz,37.483482360839844,51.367698669433594
images/DUKE_132/DUKE_132_0002.nii.gz,37.75191116333008,51.55519104003906
images/DUKE_134/DUKE_134_0001.nii.gz,427.2491760253906,623.8348388671875
images/DUKE_134/DUKE_134_0002.nii.gz,433.79461669921875,601.7882690429688
images/DUKE_134/DUKE_134_0004.nii.gz,431.5430908203125,579.9151611328125
images/DUKE_134/DUKE_134_0003.nii.gz,430.15838623046875,586.358154296875
images/DUKE_136/DUKE_136_0003.nii.gz,284.6606140136719,304.6175537109375
images/DUKE_136/DUKE_136_0002.nii.gz,293.0179138183594,314.4261474609375
images/DUKE_136/DUKE_136_0004.nii.gz,283.63006591796875,305.0715026855469
images/DUKE_136/DUKE_136_0001.nii.gz,297.7753601074219,327.6448059082031
images/DUKE_137/DUKE_137_0001.nii.gz,30.732009887695312,48.850624084472656
images/DUKE_137/DUKE_137_0003.nii.gz,30.193872451782227,47.14842224121094
images/DUKE_137/DUKE_137_0002.nii.gz,30.618759155273438,48.0244140625
images/DUKE_141/DUKE_141_0003.nii.gz,36.60086441040039,54.79037094116211
images/DUKE_141/DUKE_141_0001.nii.gz,33.94978713989258,49.24365997314453
images/DUKE_141/DUKE_141_0002.nii.gz,36.29653549194336,53.48860549926758
images/DUKE_142/DUKE_142_0003.nii.gz,49.0238037109375,55.137046813964844
images/DUKE_142/DUKE_142_0002.nii.gz,49.29492950439453,55.39316940307617
images/DUKE_142/DUKE_142_0001.nii.gz,49.68638229370117,56.56707000732422
images/DUKE_144/DUKE_144_0003.nii.gz,51.951969146728516,44.228424072265625
images/DUKE_144/DUKE_144_0001.nii.gz,51.193050384521484,44.36550521850586
images/DUKE_144/DUKE_144_0002.nii.gz,51.21741485595703,43.58812713623047
images/DUKE_148/DUKE_148_0001.nii.gz,586.852294921875,801.9486694335938
images/DUKE_148/DUKE_148_0004.nii.gz,621.3310546875,861.2567749023438
images/DUKE_148/DUKE_148_0003.nii.gz,621.2325439453125,862.9605102539062
images/DUKE_148/DUKE_148_0002.nii.gz,609.0615234375,834.9942626953125
images/DUKE_150/DUKE_150_0003.nii.gz,226.0598602294922,259.9239807128906
images/DUKE_150/DUKE_150_0004.nii.gz,226.01605224609375,261.0685119628906
images/DUKE_150/DUKE_150_0001.nii.gz,216.7359619140625,247.2951202392578
images/DUKE_150/DUKE_150_0002.nii.gz,221.01617431640625,254.64906311035156
images/DUKE_156/DUKE_156_0002.nii.gz,37.2222785949707,44.596412658691406
images/DUKE_156/DUKE_156_0003.nii.gz,37.013343811035156,43.89967346191406
images/DUKE_156/DUKE_156_0001.nii.gz,36.98387908935547,44.63982009887695
images/DUKE_157/DUKE_157_0002.nii.gz,62.59759521484375,57.45374298095703
images/DUKE_157/DUKE_157_0001.nii.gz,61.07429885864258,56.809288024902344
images/DUKE_157/DUKE_157_0003.nii.gz,63.16148376464844,57.625213623046875
images/DUKE_160/DUKE_160_0004.nii.gz,530.3013305664062,597.1473999023438
images/DUKE_160/DUKE_160_0003.nii.gz,538.9449462890625,611.15087890625
images/DUKE_160/DUKE_160_0002.nii.gz,532.4677124023438,611.5750122070312
images/DUKE_160/DUKE_160_0001.nii.gz,541.5473022460938,670.6385498046875
images/DUKE_163/DUKE_163_0002.nii.gz,542.1303100585938,696.3606567382812
images/DUKE_163/DUKE_163_0003.nii.gz,543.2705078125,689.3768920898438
images/DUKE_163/DUKE_163_0001.nii.gz,548.87255859375,740.5309448242188
images/DUKE_163/DUKE_163_0004.nii.gz,553.2033081054688,697.5308227539062
images/DUKE_167/DUKE_167_0001.nii.gz,512.9998779296875,586.4262084960938
images/DUKE_167/DUKE_167_0003.nii.gz,542.0244140625,598.1771850585938
images/DUKE_167/DUKE_167_0002.nii.gz,537.7252807617188,595.3948974609375
images/DUKE_168/DUKE_168_0003.nii.gz,29.599647521972656,49.59512710571289
images/DUKE_168/DUKE_168_0001.nii.gz,27.84903335571289,45.823604583740234
images/DUKE_168/DUKE_168_0002.nii.gz,29.348417282104492,48.83637619018555
images/DUKE_176/DUKE_176_0002.nii.gz,75.9311294555664,92.92334747314453
images/DUKE_176/DUKE_176_0004.nii.gz,78.27577209472656,96.8218765258789
images/DUKE_176/DUKE_176_0003.nii.gz,76.96431732177734,95.04061889648438
images/DUKE_176/DUKE_176_0001.nii.gz,74.1863021850586,89.86561584472656
images/DUKE_177/DUKE_177_0003.nii.gz,40.53476333618164,41.37489700317383
images/DUKE_177/DUKE_177_0001.nii.gz,39.50145721435547,41.21931838989258
images/DUKE_177/DUKE_177_0002.nii.gz,40.507652282714844,41.42116928100586
images/DUKE_178/DUKE_178_0001.nii.gz,195.88902282714844,241.8604278564453
images/DUKE_178/DUKE_178_0002.nii.gz,198.71290588378906,244.43997192382812
images/DUKE_178/DUKE_178_0003.nii.gz,194.03369140625,237.7510223388672
images/DUKE_180/DUKE_180_0002.nii.gz,41.75504684448242,57.98087692260742
images/DUKE_180/DUKE_180_0003.nii.gz,41.64200973510742,58.00299072265625
images/DUKE_180/DUKE_180_0001.nii.gz,42.10539245605469,57.81272888183594
images/DUKE_183/DUKE_183_0001.nii.gz,44.92864990234375,45.405418395996094
images/DUKE_183/DUKE_183_0002.nii.gz,46.229576110839844,47.08439636230469
images/DUKE_183/DUKE_183_0003.nii.gz,46.29596710205078,47.20682907104492
images/DUKE_185/DUKE_185_0001.nii.gz,376.0916748046875,513.9913940429688
images/DUKE_185/DUKE_185_0002.nii.gz,379.57470703125,527.9666137695312
images/DUKE_185/DUKE_185_0003.nii.gz,391.9020080566406,541.0840454101562
images/DUKE_189/DUKE_189_0004.nii.gz,37.46510696411133,41.881500244140625
images/DUKE_189/DUKE_189_0002.nii.gz,37.32756042480469,40.8031120300293
images/DUKE_189/DUKE_189_0001.nii.gz,37.170570373535156,40.240943908691406
images/DUKE_189/DUKE_189_0003.nii.gz,37.382476806640625,41.3314208984375
images/DUKE_192/DUKE_192_0002.nii.gz,45.00548553466797,40.99755859375
images/DUKE_192/DUKE_192_0003.nii.gz,44.44179153442383,40.74299240112305
images/DUKE_192/DUKE_192_0001.nii.gz,45.104339599609375,40.56772232055664
images/DUKE_198/DUKE_198_0001.nii.gz,46.663818359375,59.13681411743164
images/DUKE_198/DUKE_198_0004.nii.gz,48.360862731933594,62.400146484375
images/DUKE_198/DUKE_198_0002.nii.gz,48.125022888183594,61.44597625732422
images/DUKE_198/DUKE_198_0003.nii.gz,48.22670364379883,62.043643951416016
images/DUKE_202/DUKE_202_0001.nii.gz,51.45893096923828,52.97921371459961
images/DUKE_202/DUKE_202_0003.nii.gz,53.6796760559082,56.777076721191406
images/DUKE_202/DUKE_202_0002.nii.gz,53.27710723876953,55.9025993347168
images/DUKE_205/DUKE_205_0002.nii.gz,214.0258331298828,280.7403869628906
images/DUKE_205/DUKE_205_0003.nii.gz,218.1783905029297,285.5162353515625
images/DUKE_205/DUKE_205_0001.nii.gz,207.3534698486328,273.3726806640625
images/DUKE_211/DUKE_211_0002.nii.gz,54.97655487060547,72.59909057617188
images/DUKE_211/DUKE_211_0001.nii.gz,55.77461242675781,75.06980895996094
images/DUKE_211/DUKE_211_0004.nii.gz,53.75020980834961,71.67398834228516
images/DUKE_211/DUKE_211_0003.nii.gz,54.2182502746582,71.7962875366211
images/DUKE_217/DUKE_217_0001.nii.gz,644.182861328125,852.2904052734375
images/DUKE_217/DUKE_217_0004.nii.gz,613.498291015625,761.4815063476562
images/DUKE_217/DUKE_217_0003.nii.gz,613.7906494140625,775.6392211914062
images/DUKE_217/DUKE_217_0002.nii.gz,640.4215698242188,826.8540649414062
images/DUKE_218/DUKE_218_0004.nii.gz,505.5913391113281,566.7586669921875
images/DUKE_218/DUKE_218_0002.nii.gz,496.8860168457031,559.6575317382812
images/DUKE_218/DUKE_218_0003.nii.gz,502.4585266113281,563.2780151367188
images/DUKE_218/DUKE_218_0001.nii.gz,486.9197082519531,593.8289184570312
images/DUKE_225/DUKE_225_0001.nii.gz,239.12908935546875,334.7328186035156
images/DUKE_225/DUKE_225_0003.nii.gz,238.6657257080078,326.0864562988281
images/DUKE_225/DUKE_225_0002.nii.gz,240.31866455078125,333.08660888671875
images/DUKE_228/DUKE_228_0001.nii.gz,454.7262268066406,533.4759521484375
images/DUKE_228/DUKE_228_0004.nii.gz,463.47265625,529.724365234375
images/DUKE_228/DUKE_228_0003.nii.gz,461.70751953125,529.9468383789062
images/DUKE_228/DUKE_228_0002.nii.gz,460.07513427734375,530.95654296875
images/DUKE_233/DUKE_233_0002.nii.gz,191.04983520507812,234.118896484375
images/DUKE_233/DUKE_233_0003.nii.gz,195.1620635986328,238.65309143066406
images/DUKE_233/DUKE_233_0001.nii.gz,188.494873046875,226.59811401367188
images/DUKE_234/DUKE_234_0001.nii.gz,216.24859619140625,320.7167053222656
images/DUKE_234/DUKE_234_0003.nii.gz,216.7135772705078,329.0569763183594
images/DUKE_234/DUKE_234_0002.nii.gz,215.31396484375,324.8974609375
images/DUKE_236/DUKE_236_0003.nii.gz,263.4021301269531,305.91021728515625
images/DUKE_236/DUKE_236_0002.nii.gz,257.2478332519531,296.51513671875
images/DUKE_236/DUKE_236_0001.nii.gz,244.59683227539062,281.7151794433594
images/DUKE_236/DUKE_236_0004.nii.gz,264.6846008300781,310.51654052734375
images/DUKE_237/DUKE_237_0002.nii.gz,49.47329330444336,74.34825897216797
images/DUKE_237/DUKE_237_0001.nii.gz,48.67263412475586,72.7958755493164
images/DUKE_237/DUKE_237_0003.nii.gz,48.93962097167969,74.23719787597656
images/DUKE_239/DUKE_239_0003.nii.gz,191.28518676757812,254.69580078125
images/DUKE_239/DUKE_239_0001.nii.gz,188.3127899169922,252.140625
images/DUKE_239/DUKE_239_0002.nii.gz,183.90350341796875,244.92410278320312
images/DUKE_240/DUKE_240_0001.nii.gz,238.49464416503906,296.36004638671875
images/DUKE_240/DUKE_240_0002.nii.gz,231.84300231933594,278.511962890625
images/DUKE_240/DUKE_240_0003.nii.gz,231.4774169921875,278.2890625
images/DUKE_244/DUKE_244_0002.nii.gz,638.482421875,761.2777099609375
images/DUKE_244/DUKE_244_0003.nii.gz,627.4869384765625,743.4400634765625
images/DUKE_244/DUKE_244_0001.nii.gz,647.6512451171875,820.5679931640625
images/DUKE_244/DUKE_244_0004.nii.gz,618.3222045898438,723.4103393554688
images/DUKE_250/DUKE_250_0002.nii.gz,28.81493377685547,44.57973861694336
images/DUKE_250/DUKE_250_0003.nii.gz,29.739553451538086,46.5754508972168
images/DUKE_250/DUKE_250_0001.nii.gz,27.375009536743164,41.370479583740234
images/DUKE_253/DUKE_253_0002.nii.gz,36.03145217895508,58.920318603515625
images/DUKE_253/DUKE_253_0001.nii.gz,34.339778900146484,54.97352600097656
images/DUKE_255/DUKE_255_0001.nii.gz,199.05323791503906,269.2612609863281
images/DUKE_255/DUKE_255_0002.nii.gz,203.63998413085938,282.7556457519531
images/DUKE_255/DUKE_255_0003.nii.gz,203.52513122558594,283.8887939453125
images/DUKE_256/DUKE_256_0001.nii.gz,51.600730895996094,50.652713775634766
images/DUKE_256/DUKE_256_0003.nii.gz,51.981719970703125,51.53557586669922
images/DUKE_256/DUKE_256_0002.nii.gz,51.882568359375,50.931060791015625
images/DUKE_258/DUKE_258_0001.nii.gz,187.70045471191406,276.6552429199219
images/DUKE_258/DUKE_258_0002.nii.gz,193.65953063964844,292.79644775390625
images/DUKE_260/DUKE_260_0002.nii.gz,858.564208984375,1206.8489990234375
images/DUKE_260/DUKE_260_0004.nii.gz,883.2916870117188,1258.0128173828125
images/DUKE_260/DUKE_260_0003.nii.gz,875.2718505859375,1242.704345703125
images/DUKE_260/DUKE_260_0001.nii.gz,808.431640625,1095.057373046875
images/DUKE_265/DUKE_265_0002.nii.gz,35.69492721557617,44.59036636352539
images/DUKE_265/DUKE_265_0003.nii.gz,35.68400192260742,45.36878967285156
images/DUKE_265/DUKE_265_0001.nii.gz,34.73999786376953,42.787567138671875
images/DUKE_265/DUKE_265_0004.nii.gz,35.73359298706055,46.265953063964844
images/DUKE_268/DUKE_268_0001.nii.gz,55.43366241455078,54.69691848754883
images/DUKE_268/DUKE_268_0002.nii.gz,55.80602264404297,54.00251007080078
images/DUKE_268/DUKE_268_0003.nii.gz,55.548980712890625,53.4792594909668
images/DUKE_269/DUKE_269_0003.nii.gz,562.533447265625,695.6384887695312
images/DUKE_269/DUKE_269_0004.nii.gz,575.5610961914062,710.4026489257812
images/DUKE_269/DUKE_269_0001.nii.gz,580.1331176757812,736.075927734375
images/DUKE_269/DUKE_269_0002.nii.gz,570.544677734375,706.361572265625
images/DUKE_271/DUKE_271_0001.nii.gz,51.2397346496582,66.70488739013672
images/DUKE_271/DUKE_271_0003.nii.gz,52.415348052978516,70.62518310546875
images/DUKE_271/DUKE_271_0004.nii.gz,52.870452880859375,71.74740600585938
images/DUKE_271/DUKE_271_0002.nii.gz,52.30097198486328,69.59148406982422
images/DUKE_275/DUKE_275_0002.nii.gz,43.618141174316406,42.80976867675781
images/DUKE_275/DUKE_275_0001.nii.gz,42.94167709350586,42.17055130004883
images/DUKE_275/DUKE_275_0003.nii.gz,43.636112213134766,42.859317779541016
images/DUKE_282/DUKE_282_0001.nii.gz,53.759193420410156,52.537025451660156
images/DUKE_282/DUKE_282_0002.nii.gz,53.373233795166016,51.7447624206543
images/DUKE_283/DUKE_283_0001.nii.gz,421.1470947265625,616.5869750976562
images/DUKE_283/DUKE_283_0003.nii.gz,428.5068054199219,642.771484375
images/DUKE_283/DUKE_283_0002.nii.gz,425.89013671875,631.40283203125
images/DUKE_285/DUKE_285_0003.nii.gz,319.29388427734375,415.0429992675781
images/DUKE_285/DUKE_285_0001.nii.gz,302.5922546386719,397.0620422363281
images/DUKE_285/DUKE_285_0002.nii.gz,309.904052734375,404.2528381347656
images/DUKE_287/DUKE_287_0003.nii.gz,406.7445373535156,587.3369140625
images/DUKE_287/DUKE_287_0001.nii.gz,400.7528381347656,587.1522216796875
images/DUKE_287/DUKE_287_0002.nii.gz,402.6098327636719,581.6688842773438
images/DUKE_290/DUKE_290_0001.nii.gz,26.849010467529297,42.50990676879883
images/DUKE_290/DUKE_290_0003.nii.gz,29.556241989135742,46.30345916748047
images/DUKE_290/DUKE_290_0002.nii.gz,28.848772048950195,45.416194915771484
images/DUKE_293/DUKE_293_0002.nii.gz,61.23300552368164,61.62052536010742
images/DUKE_293/DUKE_293_0001.nii.gz,56.999080657958984,54.93004608154297
images/DUKE_293/DUKE_293_0003.nii.gz,62.86669921875,64.44410705566406
images/DUKE_298/DUKE_298_0003.nii.gz,364.7999267578125,527.0189819335938
images/DUKE_298/DUKE_298_0001.nii.gz,335.4071350097656,467.4793395996094
images/DUKE_298/DUKE_298_0002.nii.gz,354.17626953125,503.9619445800781
images/DUKE_301/DUKE_301_0001.nii.gz,255.7916259765625,296.1954040527344
images/DUKE_301/DUKE_301_0002.nii.gz,245.9259796142578,272.1108703613281
images/DUKE_301/DUKE_301_0004.nii.gz,249.29454040527344,272.3538818359375
images/DUKE_301/DUKE_301_0003.nii.gz,249.07614135742188,273.0699462890625
images/DUKE_303/DUKE_303_0003.nii.gz,437.17987060546875,520.3192749023438
images/DUKE_303/DUKE_303_0002.nii.gz,438.137451171875,518.3670654296875
images/DUKE_303/DUKE_303_0004.nii.gz,434.1581726074219,523.937744140625
images/DUKE_303/DUKE_303_0001.nii.gz,431.8465881347656,514.2991943359375
images/DUKE_304/DUKE_304_0002.nii.gz,49.65986633300781,72.07080841064453
images/DUKE_304/DUKE_304_0001.nii.gz,50.21913528442383,72.17949676513672
images/DUKE_304/DUKE_304_0003.nii.gz,49.51896286010742,71.9313735961914
images/DUKE_304/DUKE_304_0004.nii.gz,49.515777587890625,72.22490692138672
images/DUKE_306/DUKE_306_0003.nii.gz,512.1907348632812,734.776123046875
images/DUKE_306/DUKE_306_0002.nii.gz,490.8677062988281,699.6752319335938
images/DUKE_306/DUKE_306_0001.nii.gz,478.1731872558594,687.16357421875
images/DUKE_306/DUKE_306_0004.nii.gz,531.3147583007812,760.3709716796875
images/DUKE_307/DUKE_307_0002.nii.gz,23.296483993530273,33.759178161621094
images/DUKE_307/DUKE_307_0001.nii.gz,22.579547882080078,32.65070343017578
images/DUKE_307/DUKE_307_0003.nii.gz,23.206037521362305,33.6266975402832
images/DUKE_313/DUKE_313_0002.nii.gz,36.51439666748047,39.7086296081543
images/DUKE_313/DUKE_313_0001.nii.gz,36.625396728515625,41.693050384521484
images/DUKE_313/DUKE_313_0003.nii.gz,36.50178146362305,38.623573303222656
images/DUKE_317/DUKE_317_0001.nii.gz,292.7478332519531,376.9413146972656
images/DUKE_317/DUKE_317_0003.nii.gz,318.95538330078125,416.71722412109375
images/DUKE_317/DUKE_317_0002.nii.gz,313.4358215332031,405.1031799316406
images/DUKE_321/DUKE_321_0002.nii.gz,55.23331832885742,75.52679443359375
images/DUKE_321/DUKE_321_0003.nii.gz,55.82172393798828,76.74610137939453
images/DUKE_321/DUKE_321_0004.nii.gz,56.08396911621094,77.86264038085938
images/DUKE_321/DUKE_321_0001.nii.gz,54.06373596191406,71.34386444091797
images/DUKE_323/DUKE_323_0002.nii.gz,45.912723541259766,62.45631790161133
images/DUKE_323/DUKE_323_0003.nii.gz,46.55978012084961,64.12879180908203
images/DUKE_323/DUKE_323_0001.nii.gz,44.74991226196289,59.12256622314453
images/DUKE_328/DUKE_328_0004.nii.gz,519.837890625,581.5256958007812
images/DUKE_328/DUKE_328_0001.nii.gz,495.6130065917969,584.5264892578125
images/DUKE_328/DUKE_328_0003.nii.gz,516.2332763671875,582.6121826171875
images/DUKE_328/DUKE_328_0002.nii.gz,514.9571533203125,590.5302734375
images/DUKE_333/DUKE_333_0003.nii.gz,438.6145935058594,581.6177978515625
images/DUKE_333/DUKE_333_0004.nii.gz,442.1324768066406,589.898193359375
images/DUKE_333/DUKE_333_0002.nii.gz,438.6688232421875,580.8604736328125
images/DUKE_333/DUKE_333_0001.nii.gz,437.060302734375,587.3914184570312
images/DUKE_335/DUKE_335_0002.nii.gz,42.1688232421875,57.16448974609375
images/DUKE_335/DUKE_335_0003.nii.gz,42.41154479980469,57.80244827270508
images/DUKE_335/DUKE_335_0001.nii.gz,41.895694732666016,55.96601486206055
images/DUKE_335/DUKE_335_0004.nii.gz,42.44367599487305,58.23598098754883
images/DUKE_338/DUKE_338_0002.nii.gz,241.385498046875,273.7414245605469
images/DUKE_338/DUKE_338_0004.nii.gz,242.6109619140625,273.4756164550781
images/DUKE_338/DUKE_338_0001.nii.gz,246.00672912597656,288.49676513671875
images/DUKE_338/DUKE_338_0003.nii.gz,241.00726318359375,271.4809265136719
images/DUKE_345/DUKE_345_0001.nii.gz,528.2315063476562,668.2282104492188
images/DUKE_345/DUKE_345_0003.nii.gz,531.4439086914062,658.1390991210938
images/DUKE_345/DUKE_345_0004.nii.gz,532.587890625,656.5792236328125
images/DUKE_345/DUKE_345_0002.nii.gz,526.2294921875,652.4669189453125
images/DUKE_346/DUKE_346_0002.nii.gz,235.41737365722656,332.73626708984375
images/DUKE_346/DUKE_346_0003.nii.gz,239.28720092773438,344.30279541015625
images/DUKE_346/DUKE_346_0001.nii.gz,217.5460662841797,300.57122802734375
images/DUKE_350/DUKE_350_0001.nii.gz,264.1260986328125,352.91558837890625
images/DUKE_350/DUKE_350_0003.nii.gz,281.74493408203125,382.7662353515625
images/DUKE_350/DUKE_350_0002.nii.gz,283.10955810546875,374.9324951171875
images/DUKE_353/DUKE_353_0002.nii.gz,56.633419036865234,51.10679244995117
images/DUKE_353/DUKE_353_0003.nii.gz,56.75499725341797,51.87222671508789
images/DUKE_353/DUKE_353_0001.nii.gz,55.10355758666992,49.494998931884766
images/DUKE_356/DUKE_356_0001.nii.gz,16.57537078857422,25.385047912597656
images/DUKE_356/DUKE_356_0003.nii.gz,15.994284629821777,23.78264808654785
images/DUKE_356/DUKE_356_0002.nii.gz,16.24440574645996,24.221172332763672
images/DUKE_356/DUKE_356_0004.nii.gz,15.745597839355469,23.512495040893555
images/DUKE_360/DUKE_360_0002.nii.gz,607.6115112304688,710.2073364257812
images/DUKE_360/DUKE_360_0001.nii.gz,589.6982421875,690.8994750976562
images/DUKE_360/DUKE_360_0003.nii.gz,617.486328125,727.1055908203125
images/DUKE_360/DUKE_360_0004.nii.gz,623.6638793945312,745.7073974609375
images/DUKE_363/DUKE_363_0001.nii.gz,59.06385803222656,75.21514129638672
images/DUKE_363/DUKE_363_0003.nii.gz,59.43444061279297,76.21160125732422
images/DUKE_363/DUKE_363_0002.nii.gz,59.714237213134766,76.03044128417969
images/DUKE_368/DUKE_368_0002.nii.gz,30.830175399780273,50.94023513793945
images/DUKE_368/DUKE_368_0003.nii.gz,31.866968154907227,53.19765853881836
images/DUKE_368/DUKE_368_0001.nii.gz,29.250837326049805,48.00534439086914
images/DUKE_377/DUKE_377_0002.nii.gz,362.54180908203125,475.9716796875
images/DUKE_377/DUKE_377_0001.nii.gz,346.6607360839844,453.58404541015625
images/DUKE_377/DUKE_377_0003.nii.gz,365.484375,477.6131286621094
images/DUKE_378/DUKE_378_0004.nii.gz,460.7397766113281,592.16552734375
images/DUKE_378/DUKE_378_0001.nii.gz,478.1569519042969,654.8985595703125
images/DUKE_378/DUKE_378_0003.nii.gz,464.188232421875,600.0017700195312
images/DUKE_378/DUKE_378_0002.nii.gz,471.0560607910156,619.5882568359375
images/DUKE_383/DUKE_383_0001.nii.gz,604.0422973632812,815.82763671875
images/DUKE_383/DUKE_383_0002.nii.gz,601.55126953125,805.4796752929688
images/DUKE_383/DUKE_383_0004.nii.gz,599.404052734375,804.6702880859375
images/DUKE_383/DUKE_383_0003.nii.gz,598.23291015625,804.22314453125
images/DUKE_385/DUKE_385_0002.nii.gz,34.90495300292969,48.87205123901367
images/DUKE_385/DUKE_385_0001.nii.gz,33.45541763305664,45.752079010009766
images/DUKE_385/DUKE_385_0003.nii.gz,34.946197509765625,50.01726531982422
images/DUKE_386/DUKE_386_0003.nii.gz,22.63081932067871,26.417387008666992
images/DUKE_386/DUKE_386_0002.nii.gz,23.009275436401367,26.903947830200195
images/DUKE_386/DUKE_386_0001.nii.gz,23.24355125427246,27.98403549194336
images/DUKE_386/DUKE_386_0004.nii.gz,22.47857666015625,26.276411056518555
images/DUKE_387/DUKE_387_0001.nii.gz,566.4509887695312,711.73046875
images/DUKE_387/DUKE_387_0003.nii.gz,574.008544921875,683.185546875
images/DUKE_387/DUKE_387_0002.nii.gz,571.60498046875,688.2904052734375
images/DUKE_387/DUKE_387_0004.nii.gz,575.23583984375,683.2418823242188
images/DUKE_395/DUKE_395_0001.nii.gz,340.4317626953125,519.9844970703125
images/DUKE_395/DUKE_395_0002.nii.gz,333.7062683105469,507.4281311035156
images/DUKE_395/DUKE_395_0003.nii.gz,331.7125549316406,495.56671142578125
images/DUKE_397/DUKE_397_0001.nii.gz,219.2362518310547,313.9856872558594
images/DUKE_397/DUKE_397_0002.nii.gz,219.26686096191406,303.77569580078125
images/DUKE_397/DUKE_397_0003.nii.gz,217.2471466064453,293.8126220703125
images/DUKE_398/DUKE_398_0002.nii.gz,58.19829177856445,50.43186950683594
images/DUKE_398/DUKE_398_0003.nii.gz,57.92650604248047,51.154029846191406
images/DUKE_398/DUKE_398_0001.nii.gz,57.97181701660156,51.25391387939453
images/DUKE_399/DUKE_399_0004.nii.gz,419.08819580078125,494.1584167480469
images/DUKE_399/DUKE_399_0001.nii.gz,418.3177185058594,513.120849609375
images/DUKE_399/DUKE_399_0002.nii.gz,418.1397399902344,500.14483642578125
images/DUKE_399/DUKE_399_0003.nii.gz,415.65203857421875,485.3009948730469
images/DUKE_400/DUKE_400_0001.nii.gz,550.0706787109375,630.182861328125
images/DUKE_400/DUKE_400_0002.nii.gz,558.8328857421875,645.784912109375
images/DUKE_400/DUKE_400_0004.nii.gz,569.7967529296875,675.2295532226562
images/DUKE_400/DUKE_400_0003.nii.gz,565.22412109375,664.776611328125
images/DUKE_406/DUKE_406_0004.nii.gz,161.25375366210938,178.4878387451172
images/DUKE_406/DUKE_406_0002.nii.gz,156.43482971191406,175.480712890625
images/DUKE_406/DUKE_406_0001.nii.gz,161.1525421142578,189.44775390625
images/DUKE_406/DUKE_406_0003.nii.gz,156.73211669921875,171.16343688964844
images/DUKE_407/DUKE_407_0003.nii.gz,212.27072143554688,303.5041198730469
images/DUKE_407/DUKE_407_0002.nii.gz,214.4249267578125,306.62066650390625
images/DUKE_407/DUKE_407_0001.nii.gz,207.9752960205078,291.1781005859375
images/DUKE_408/DUKE_408_0001.nii.gz,242.95932006835938,293.3946838378906
images/DUKE_408/DUKE_408_0003.nii.gz,247.87232971191406,298.1021728515625
images/DUKE_408/DUKE_408_0002.nii.gz,242.763671875,289.3818359375
images/DUKE_408/DUKE_408_0004.nii.gz,243.67787170410156,290.199951171875
images/DUKE_412/DUKE_412_0003.nii.gz,216.25247192382812,284.0540771484375
images/DUKE_412/DUKE_412_0002.nii.gz,214.8998260498047,277.88128662109375
images/DUKE_412/DUKE_412_0001.nii.gz,197.03257751464844,248.58241271972656
images/DUKE_414/DUKE_414_0003.nii.gz,422.7023010253906,491.9302978515625
images/DUKE_414/DUKE_414_0002.nii.gz,416.6268310546875,486.0767822265625
images/DUKE_414/DUKE_414_0001.nii.gz,406.9781799316406,487.6700439453125
images/DUKE_420/DUKE_420_0003.nii.gz,64.10665893554688,101.92467498779297
images/DUKE_420/DUKE_420_0002.nii.gz,62.5100212097168,98.54988098144531
images/DUKE_420/DUKE_420_0001.nii.gz,60.86219024658203,92.00454711914062
images/DUKE_424/DUKE_424_0002.nii.gz,503.5102844238281,600.9859008789062
images/DUKE_424/DUKE_424_0003.nii.gz,496.9248962402344,585.1683959960938
images/DUKE_424/DUKE_424_0001.nii.gz,500.5000915527344,613.1337890625
images/DUKE_424/DUKE_424_0004.nii.gz,503.1058349609375,600.32763671875
images/DUKE_428/DUKE_428_0001.nii.gz,44.677085876464844,47.18291473388672
images/DUKE_428/DUKE_428_0002.nii.gz,44.50204849243164,47.787349700927734
images/DUKE_428/DUKE_428_0003.nii.gz,44.51798629760742,48.52939987182617
images/DUKE_429/DUKE_429_0003.nii.gz,54.93382263183594,73.98081970214844
images/DUKE_429/DUKE_429_0002.nii.gz,55.00725173950195,73.96540832519531
images/DUKE_429/DUKE_429_0001.nii.gz,54.63418197631836,73.92626190185547
images/DUKE_431/DUKE_431_0003.nii.gz,56.09373474121094,73.2435531616211
images/DUKE_431/DUKE_431_0001.nii.gz,54.45185470581055,69.20138549804688
images/DUKE_431/DUKE_431_0004.nii.gz,56.83226013183594,74.45098876953125
images/DUKE_431/DUKE_431_0002.nii.gz,55.8343391418457,71.81035614013672
images/DUKE_435/DUKE_435_0004.nii.gz,547.44482421875,714.2867431640625
images/DUKE_435/DUKE_435_0003.nii.gz,534.197509765625,688.3564453125
images/DUKE_435/DUKE_435_0002.nii.gz,528.8148803710938,661.8242797851562
images/DUKE_435/DUKE_435_0001.nii.gz,515.9547729492188,620.9742431640625
images/DUKE_437/DUKE_437_0003.nii.gz,58.00584411621094,82.46015930175781
images/DUKE_437/DUKE_437_0002.nii.gz,57.23094940185547,80.6689682006836
images/DUKE_437/DUKE_437_0001.nii.gz,54.91550064086914,75.6458969116211
images/DUKE_438/DUKE_438_0002.nii.gz,340.875732421875,459.45556640625
images/DUKE_438/DUKE_438_0001.nii.gz,329.195556640625,448.48577880859375
images/DUKE_438/DUKE_438_0003.nii.gz,335.7631530761719,452.26336669921875
images/DUKE_441/DUKE_441_0001.nii.gz,474.74591064453125,617.2461547851562
images/DUKE_441/DUKE_441_0002.nii.gz,494.46112060546875,658.4841918945312
images/DUKE_441/DUKE_441_0003.nii.gz,482.8871765136719,652.4739379882812
images/DUKE_441/DUKE_441_0004.nii.gz,500.9357604980469,675.7513427734375
images/DUKE_444/DUKE_444_0003.nii.gz,319.5334167480469,463.8892517089844
images/DUKE_444/DUKE_444_0001.nii.gz,307.6153259277344,427.79547119140625
images/DUKE_444/DUKE_444_0002.nii.gz,317.43365478515625,453.1449279785156
images/DUKE_454/DUKE_454_0002.nii.gz,50.77140808105469,47.1328239440918
images/DUKE_454/DUKE_454_0003.nii.gz,50.83114242553711,47.104095458984375
images/DUKE_454/DUKE_454_0001.nii.gz,48.839080810546875,45.23640441894531
images/DUKE_457/DUKE_457_0004.nii.gz,48.03178024291992,64.00050354003906
images/DUKE_457/DUKE_457_0003.nii.gz,47.665679931640625,63.341548919677734
images/DUKE_457/DUKE_457_0001.nii.gz,45.75868225097656,60.03016662597656
images/DUKE_457/DUKE_457_0002.nii.gz,46.750938415527344,61.8038330078125
images/DUKE_464/DUKE_464_0001.nii.gz,48.359745025634766,68.2828140258789
images/DUKE_464/DUKE_464_0004.nii.gz,47.766822814941406,70.8482437133789
images/DUKE_464/DUKE_464_0002.nii.gz,48.22503662109375,69.87128448486328
images/DUKE_464/DUKE_464_0003.nii.gz,48.107505798339844,70.61293029785156
images/DUKE_465/DUKE_465_0002.nii.gz,353.6202697753906,497.9178161621094
images/DUKE_465/DUKE_465_0003.nii.gz,367.7147521972656,526.3162841796875
images/DUKE_465/DUKE_465_0001.nii.gz,342.54791259765625,473.2247619628906
images/DUKE_468/DUKE_468_0001.nii.gz,264.8460693359375,376.7658996582031
images/DUKE_468/DUKE_468_0003.nii.gz,267.2728576660156,366.11029052734375
images/DUKE_468/DUKE_468_0002.nii.gz,275.346435546875,386.5009765625
images/DUKE_470/DUKE_470_0001.nii.gz,149.5345916748047,185.25511169433594
images/DUKE_470/DUKE_470_0002.nii.gz,151.6979217529297,194.46563720703125
images/DUKE_470/DUKE_470_0003.nii.gz,157.82492065429688,201.5757293701172
images/DUKE_470/DUKE_470_0004.nii.gz,156.80877685546875,204.88632202148438
images/DUKE_474/DUKE_474_0002.nii.gz,36.937801361083984,62.05747985839844
images/DUKE_474/DUKE_474_0003.nii.gz,37.90220260620117,65.04133605957031
images/DUKE_474/DUKE_474_0001.nii.gz,34.439796447753906,55.597171783447266
images/DUKE_480/DUKE_480_0003.nii.gz,394.4597473144531,528.8106079101562
images/DUKE_480/DUKE_480_0001.nii.gz,371.8226013183594,502.207763671875
images/DUKE_480/DUKE_480_0002.nii.gz,389.0722961425781,513.7388305664062
images/DUKE_482/DUKE_482_0002.nii.gz,24.33885955810547,41.006134033203125
images/DUKE_482/DUKE_482_0003.nii.gz,24.59763526916504,42.115325927734375
images/DUKE_482/DUKE_482_0001.nii.gz,23.866979598999023,39.45465087890625
images/DUKE_486/DUKE_486_0001.nii.gz,186.11082458496094,276.50628662109375
images/DUKE_486/DUKE_486_0002.nii.gz,185.22561645507812,274.2666320800781
images/DUKE_486/DUKE_486_0004.nii.gz,184.3286590576172,273.47613525390625
images/DUKE_486/DUKE_486_0003.nii.gz,184.1362762451172,272.37188720703125
images/DUKE_489/DUKE_489_0002.nii.gz,35.74124526977539,64.18498229980469
images/DUKE_489/DUKE_489_0003.nii.gz,36.3663444519043,66.66632843017578
images/DUKE_489/DUKE_489_0001.nii.gz,34.94123077392578,59.44359588623047
images/DUKE_491/DUKE_491_0002.nii.gz,286.374755859375,374.0925598144531
images/DUKE_491/DUKE_491_0001.nii.gz,286.6692810058594,373.46630859375
images/DUKE_491/DUKE_491_0003.nii.gz,289.56536865234375,381.9501953125
images/DUKE_501/DUKE_501_0002.nii.gz,320.693115234375,457.0410461425781
images/DUKE_501/DUKE_501_0001.nii.gz,318.19024658203125,455.1272277832031
images/DUKE_501/DUKE_501_0003.nii.gz,330.015869140625,465.34576416015625
images/DUKE_506/DUKE_506_0001.nii.gz,65.53390502929688,84.34913635253906
images/DUKE_506/DUKE_506_0002.nii.gz,66.1470718383789,87.51451873779297
images/DUKE_506/DUKE_506_0004.nii.gz,65.65655517578125,89.05902099609375
images/DUKE_506/DUKE_506_0003.nii.gz,66.05388641357422,88.58084869384766
images/DUKE_507/DUKE_507_0003.nii.gz,439.9379577636719,497.97119140625
images/DUKE_507/DUKE_507_0001.nii.gz,431.3014831542969,506.4691467285156
images/DUKE_507/DUKE_507_0002.nii.gz,435.6880798339844,501.2593688964844
images/DUKE_507/DUKE_507_0004.nii.gz,442.2263488769531,502.6292724609375
images/DUKE_508/DUKE_508_0003.nii.gz,363.8500671386719,503.3674621582031
images/DUKE_508/DUKE_508_0001.nii.gz,335.5705871582031,464.0033874511719
images/DUKE_508/DUKE_508_0002.nii.gz,358.03057861328125,495.6058044433594
images/DUKE_512/DUKE_512_0002.nii.gz,40.1229362487793,41.169673919677734
images/DUKE_512/DUKE_512_0003.nii.gz,39.93115234375,40.3826904296875
images/DUKE_512/DUKE_512_0001.nii.gz,39.38275146484375,41.648902893066406
images/DUKE_514/DUKE_514_0003.nii.gz,306.1817932128906,411.097900390625
images/DUKE_514/DUKE_514_0002.nii.gz,322.4750671386719,431.14129638671875
images/DUKE_514/DUKE_514_0001.nii.gz,304.5956726074219,413.561767578125
images/DUKE_517/DUKE_517_0002.nii.gz,447.408447265625,566.2377319335938
images/DUKE_517/DUKE_517_0003.nii.gz,429.40576171875,544.0829467773438
images/DUKE_517/DUKE_517_0001.nii.gz,438.56646728515625,572.9447021484375
images/DUKE_517/DUKE_517_0004.nii.gz,434.25494384765625,548.6959838867188
images/DUKE_521/DUKE_521_0002.nii.gz,418.7955627441406,553.7835693359375
images/DUKE_521/DUKE_521_0003.nii.gz,418.11260986328125,541.7173461914062
images/DUKE_521/DUKE_521_0001.nii.gz,423.0082702636719,581.9189453125
images/DUKE_525/DUKE_525_0002.nii.gz,302.51678466796875,403.4001770019531
images/DUKE_525/DUKE_525_0001.nii.gz,295.97344970703125,405.8728942871094
images/DUKE_525/DUKE_525_0003.nii.gz,303.08258056640625,399.10894775390625
images/DUKE_527/DUKE_527_0003.nii.gz,37.40018081665039,60.317237854003906
images/DUKE_527/DUKE_527_0001.nii.gz,35.206748962402344,52.72175216674805
images/DUKE_527/DUKE_527_0002.nii.gz,37.243831634521484,58.895896911621094
images/DUKE_530/DUKE_530_0001.nii.gz,219.87933349609375,294.07421875
images/DUKE_530/DUKE_530_0002.nii.gz,221.65768432617188,288.0263671875
images/DUKE_530/DUKE_530_0004.nii.gz,219.19386291503906,278.9583740234375
images/DUKE_530/DUKE_530_0003.nii.gz,215.55445861816406,281.148681640625
images/DUKE_534/DUKE_534_0001.nii.gz,65.54229736328125,61.30303955078125
images/DUKE_534/DUKE_534_0003.nii.gz,67.55525970458984,64.97035217285156
images/DUKE_534/DUKE_534_0002.nii.gz,66.95661163330078,63.59313201904297
images/DUKE_535/DUKE_535_0001.nii.gz,214.1549072265625,322.50189208984375
images/DUKE_535/DUKE_535_0002.nii.gz,228.75242614746094,353.8201599121094
images/DUKE_535/DUKE_535_0003.nii.gz,235.69972229003906,371.6567077636719
images/DUKE_539/DUKE_539_0001.nii.gz,356.35430908203125,521.78515625
images/DUKE_539/DUKE_539_0002.nii.gz,355.01934814453125,499.25244140625
images/DUKE_539/DUKE_539_0003.nii.gz,350.27178955078125,488.17388916015625
images/DUKE_541/DUKE_541_0004.nii.gz,65.79869079589844,95.36351013183594
images/DUKE_541/DUKE_541_0002.nii.gz,65.48768615722656,92.98908233642578
images/DUKE_541/DUKE_541_0003.nii.gz,65.53823852539062,94.06481170654297
images/DUKE_541/DUKE_541_0001.nii.gz,62.16911315917969,88.21868896484375
images/DUKE_543/DUKE_543_0001.nii.gz,331.4920349121094,534.7145385742188
images/DUKE_543/DUKE_543_0002.nii.gz,373.8904113769531,635.2948608398438
images/DUKE_543/DUKE_543_0003.nii.gz,389.8173828125,668.5690307617188
images/DUKE_545/DUKE_545_0002.nii.gz,91.39170837402344,121.86336517333984
images/DUKE_545/DUKE_545_0001.nii.gz,91.34770965576172,121.00807189941406
images/DUKE_545/DUKE_545_0004.nii.gz,91.3587417602539,123.24117279052734
images/DUKE_545/DUKE_545_0003.nii.gz,91.80741119384766,123.03648376464844
images/DUKE_546/DUKE_546_0001.nii.gz,28.435985565185547,40.25627136230469
images/DUKE_546/DUKE_546_0003.nii.gz,31.016618728637695,42.7794189453125
images/DUKE_546/DUKE_546_0002.nii.gz,30.73067283630371,42.77219772338867
images/DUKE_552/DUKE_552_0002.nii.gz,603.7672119140625,702.6947021484375
images/DUKE_552/DUKE_552_0001.nii.gz,564.7161254882812,632.20556640625
images/DUKE_552/DUKE_552_0003.nii.gz,613.5990600585938,730.3101806640625
images/DUKE_552/DUKE_552_0004.nii.gz,680.1066284179688,773.8770141601562
images/DUKE_558/DUKE_558_0002.nii.gz,268.2789001464844,363.4998474121094
images/DUKE_558/DUKE_558_0003.nii.gz,264.6793518066406,355.17742919921875
images/DUKE_558/DUKE_558_0001.nii.gz,273.0948486328125,386.1545715332031
images/DUKE_559/DUKE_559_0001.nii.gz,42.861698150634766,69.99744415283203
images/DUKE_559/DUKE_559_0002.nii.gz,43.040321350097656,71.76859283447266
images/DUKE_559/DUKE_559_0003.nii.gz,42.94073486328125,72.73479461669922
images/DUKE_560/DUKE_560_0002.nii.gz,350.9191589355469,440.99371337890625
images/DUKE_560/DUKE_560_0001.nii.gz,356.5051574707031,476.94482421875
images/DUKE_560/DUKE_560_0003.nii.gz,352.93072509765625,443.50506591796875
images/DUKE_560/DUKE_560_0004.nii.gz,342.64373779296875,442.2727966308594
images/DUKE_562/DUKE_562_0002.nii.gz,30.86418914794922,39.74995803833008
images/DUKE_562/DUKE_562_0001.nii.gz,30.35167121887207,38.49565124511719
images/DUKE_562/DUKE_562_0003.nii.gz,30.360666275024414,39.80808639526367
images/DUKE_567/DUKE_567_0002.nii.gz,379.4845886230469,513.995361328125
images/DUKE_567/DUKE_567_0003.nii.gz,377.69061279296875,514.479736328125
images/DUKE_567/DUKE_567_0001.nii.gz,367.7900390625,498.6410217285156
images/DUKE_568/DUKE_568_0002.nii.gz,26.79053497314453,29.168983459472656
images/DUKE_568/DUKE_568_0003.nii.gz,26.574722290039062,29.528959274291992
images/DUKE_568/DUKE_568_0004.nii.gz,26.61762237548828,29.956148147583008
images/DUKE_568/DUKE_568_0001.nii.gz,26.897729873657227,28.738832473754883
images/DUKE_573/DUKE_573_0001.nii.gz,290.3932189941406,376.19158935546875
images/DUKE_573/DUKE_573_0002.nii.gz,291.0791931152344,382.1870422363281
images/DUKE_573/DUKE_573_0003.nii.gz,291.99383544921875,390.3024597167969
images/DUKE_577/DUKE_577_0002.nii.gz,65.1740951538086,62.49235916137695
images/DUKE_577/DUKE_577_0003.nii.gz,64.04622650146484,62.12393569946289
images/DUKE_577/DUKE_577_0001.nii.gz,63.192901611328125,60.787452697753906
images/DUKE_585/DUKE_585_0003.nii.gz,501.93377685546875,601.9553833007812
images/DUKE_585/DUKE_585_0001.nii.gz,481.0647888183594,600.8026123046875
images/DUKE_585/DUKE_585_0002.nii.gz,484.9066162109375,580.9442749023438
images/DUKE_585/DUKE_585_0004.nii.gz,481.316650390625,559.6055297851562
images/DUKE_590/DUKE_590_0003.nii.gz,512.252197265625,637.1678466796875
images/DUKE_590/DUKE_590_0001.nii.gz,510.9708557128906,631.2819213867188
images/DUKE_590/DUKE_590_0004.nii.gz,505.1199951171875,635.8727416992188
images/DUKE_590/DUKE_590_0002.nii.gz,507.8844299316406,641.9248046875
images/DUKE_592/DUKE_592_0001.nii.gz,222.25869750976562,284.64495849609375
images/DUKE_592/DUKE_592_0004.nii.gz,225.1360626220703,283.4570617675781
images/DUKE_592/DUKE_592_0003.nii.gz,222.84471130371094,278.6495666503906
images/DUKE_592/DUKE_592_0002.nii.gz,217.58074951171875,273.7996826171875
images/DUKE_595/DUKE_595_0002.nii.gz,59.49825668334961,49.79497146606445
images/DUKE_595/DUKE_595_0001.nii.gz,57.936710357666016,47.9507942199707
images/DUKE_595/DUKE_595_0003.nii.gz,58.26884078979492,49.408748626708984
images/DUKE_597/DUKE_597_0001.nii.gz,243.2461700439453,290.4963073730469
images/DUKE_597/DUKE_597_0002.nii.gz,248.6379852294922,292.1536560058594
images/DUKE_597/DUKE_597_0003.nii.gz,250.3011474609375,295.72808837890625
images/DUKE_597/DUKE_597_0004.nii.gz,252.82400512695312,300.036376953125
images/DUKE_605/DUKE_605_0002.nii.gz,34.814971923828125,59.33292007446289
images/DUKE_605/DUKE_605_0001.nii.gz,34.97528839111328,59.65729904174805
images/DUKE_605/DUKE_605_0003.nii.gz,34.30594253540039,58.90734100341797
images/DUKE_607/DUKE_607_0002.nii.gz,47.101531982421875,54.543697357177734
images/DUKE_607/DUKE_607_0001.nii.gz,45.81021499633789,52.7566032409668
images/DUKE_607/DUKE_607_0003.nii.gz,47.00943374633789,54.64274597167969
images/DUKE_609/DUKE_609_0004.nii.gz,511.40802001953125,598.257080078125
images/DUKE_609/DUKE_609_0002.nii.gz,532.1211547851562,643.4887084960938
images/DUKE_609/DUKE_609_0001.nii.gz,535.6248168945312,692.850830078125
images/DUKE_609/DUKE_609_0003.nii.gz,521.5202026367188,620.3281860351562
images/DUKE_610/DUKE_610_0003.nii.gz,553.7194213867188,646.6163330078125
images/DUKE_610/DUKE_610_0004.nii.gz,544.0430297851562,639.688232421875
images/DUKE_610/DUKE_610_0002.nii.gz,554.0863037109375,661.6448364257812
images/DUKE_610/DUKE_610_0001.nii.gz,559.651611328125,686.4487915039062
images/DUKE_612/DUKE_612_0003.nii.gz,37.350425720214844,57.644229888916016
images/DUKE_612/DUKE_612_0001.nii.gz,34.116180419921875,50.77410125732422
images/DUKE_612/DUKE_612_0002.nii.gz,36.9834098815918,56.61988830566406
images/DUKE_614/DUKE_614_0001.nii.gz,42.96160125732422,58.078060150146484
images/DUKE_614/DUKE_614_0003.nii.gz,44.17377853393555,61.59049606323242
images/DUKE_614/DUKE_614_0002.nii.gz,43.97331619262695,60.73296356201172
images/DUKE_615/DUKE_615_0002.nii.gz,204.82656860351562,263.7992248535156
images/DUKE_615/DUKE_615_0001.nii.gz,204.4453582763672,270.8182373046875
images/DUKE_615/DUKE_615_0003.nii.gz,210.45896911621094,271.4293212890625
images/DUKE_616/DUKE_616_0001.nii.gz,420.40765380859375,557.260009765625
images/DUKE_616/DUKE_616_0004.nii.gz,418.9547424316406,535.2859497070312
images/DUKE_616/DUKE_616_0003.nii.gz,420.85107421875,536.8534545898438
images/DUKE_616/DUKE_616_0002.nii.gz,420.233642578125,545.0892944335938
images/DUKE_618/DUKE_618_0002.nii.gz,496.2607421875,646.6710815429688
images/DUKE_618/DUKE_618_0003.nii.gz,498.3328552246094,633.54638671875
images/DUKE_618/DUKE_618_0001.nii.gz,500.79595947265625,684.3110961914062
images/DUKE_618/DUKE_618_0004.nii.gz,489.9049377441406,626.9404296875
images/DUKE_623/DUKE_623_0002.nii.gz,531.2391967773438,659.0887451171875
images/DUKE_623/DUKE_623_0004.nii.gz,539.0169067382812,680.5896606445312
images/DUKE_623/DUKE_623_0003.nii.gz,540.5594482421875,674.6668090820312
images/DUKE_623/DUKE_623_0001.nii.gz,518.0654907226562,640.2452392578125
images/DUKE_633/DUKE_633_0002.nii.gz,375.3297424316406,525.9035034179688
images/DUKE_633/DUKE_633_0001.nii.gz,358.5681457519531,520.284912109375
images/DUKE_633/DUKE_633_0003.nii.gz,375.50286865234375,519.6927490234375
images/DUKE_636/DUKE_636_0002.nii.gz,513.0331420898438,579.0178833007812
images/DUKE_636/DUKE_636_0003.nii.gz,513.7446899414062,565.3199462890625
images/DUKE_636/DUKE_636_0001.nii.gz,496.53338623046875,580.727294921875
images/DUKE_636/DUKE_636_0004.nii.gz,518.7804565429688,568.17626953125
images/DUKE_640/DUKE_640_0001.nii.gz,570.8731079101562,786.7305908203125
images/DUKE_640/DUKE_640_0003.nii.gz,546.1776123046875,666.8662719726562
images/DUKE_640/DUKE_640_0002.nii.gz,558.9434814453125,704.0980834960938
images/DUKE_640/DUKE_640_0004.nii.gz,548.8825073242188,661.9917602539062
images/DUKE_641/DUKE_641_0003.nii.gz,38.38927459716797,41.7734489440918
images/DUKE_641/DUKE_641_0002.nii.gz,38.16180419921875,41.83994674682617
images/DUKE_641/DUKE_641_0001.nii.gz,38.015506744384766,43.150299072265625
images/DUKE_642/DUKE_642_0002.nii.gz,264.6410827636719,332.52056884765625
images/DUKE_642/DUKE_642_0003.nii.gz,263.9827575683594,330.6091613769531
images/DUKE_642/DUKE_642_0001.nii.gz,266.4219055175781,350.94140625
images/DUKE_645/DUKE_645_0003.nii.gz,41.42110061645508,66.5574722290039
images/DUKE_645/DUKE_645_0001.nii.gz,39.47517776489258,62.3575325012207
images/DUKE_645/DUKE_645_0002.nii.gz,40.92088317871094,65.8692398071289
images/DUKE_650/DUKE_650_0001.nii.gz,497.93310546875,587.1560668945312
images/DUKE_650/DUKE_650_0002.nii.gz,504.9273681640625,587.7623291015625
images/DUKE_650/DUKE_650_0003.nii.gz,514.3268432617188,597.8714599609375
images/DUKE_650/DUKE_650_0004.nii.gz,516.7564697265625,604.1287231445312
images/DUKE_651/DUKE_651_0001.nii.gz,51.42423629760742,62.32802963256836
images/DUKE_651/DUKE_651_0002.nii.gz,52.4040412902832,62.846229553222656
images/DUKE_651/DUKE_651_0004.nii.gz,52.136478424072266,61.88699722290039
images/DUKE_651/DUKE_651_0003.nii.gz,52.47252655029297,62.73946762084961
images/DUKE_652/DUKE_652_0004.nii.gz,581.0661010742188,695.4956665039062
images/DUKE_652/DUKE_652_0001.nii.gz,549.7090454101562,651.7246704101562
images/DUKE_652/DUKE_652_0003.nii.gz,567.8948974609375,678.9947509765625
images/DUKE_652/DUKE_652_0002.nii.gz,573.9946899414062,675.9886474609375
images/DUKE_656/DUKE_656_0002.nii.gz,57.74507522583008,53.5189208984375
images/DUKE_656/DUKE_656_0001.nii.gz,56.05601119995117,52.367435455322266
images/DUKE_656/DUKE_656_0003.nii.gz,57.80177688598633,53.433719635009766
images/DUKE_660/DUKE_660_0003.nii.gz,194.83555603027344,260.4485778808594
images/DUKE_660/DUKE_660_0002.nii.gz,197.3067169189453,262.0865173339844
images/DUKE_660/DUKE_660_0001.nii.gz,193.8996124267578,254.92401123046875
images/DUKE_662/DUKE_662_0002.nii.gz,30.15601348876953,47.450782775878906
images/DUKE_662/DUKE_662_0003.nii.gz,30.881196975708008,50.51482009887695
images/DUKE_662/DUKE_662_0001.nii.gz,27.614465713500977,42.954402923583984
images/DUKE_663/DUKE_663_0002.nii.gz,194.35455322265625,240.36734008789062
images/DUKE_663/DUKE_663_0001.nii.gz,194.3509521484375,241.6212921142578
images/DUKE_663/DUKE_663_0003.nii.gz,197.81898498535156,243.22816467285156
images/DUKE_666/DUKE_666_0002.nii.gz,207.66146850585938,278.54888916015625
images/DUKE_666/DUKE_666_0003.nii.gz,213.79635620117188,286.040771484375
images/DUKE_666/DUKE_666_0004.nii.gz,210.537109375,287.1661376953125
images/DUKE_666/DUKE_666_0001.nii.gz,208.9604034423828,273.2538146972656
images/DUKE_670/DUKE_670_0004.nii.gz,616.4485473632812,730.876953125
images/DUKE_670/DUKE_670_0001.nii.gz,635.8189697265625,812.003173828125
images/DUKE_670/DUKE_670_0002.nii.gz,626.8707275390625,764.9510498046875
images/DUKE_670/DUKE_670_0003.nii.gz,607.514892578125,731.1359252929688
images/DUKE_672/DUKE_672_0001.nii.gz,446.73260498046875,538.4139404296875
images/DUKE_672/DUKE_672_0002.nii.gz,442.0887145996094,500.5793762207031
images/DUKE_672/DUKE_672_0004.nii.gz,444.95025634765625,491.6507568359375
images/DUKE_672/DUKE_672_0003.nii.gz,453.13287353515625,506.50543212890625
images/DUKE_677/DUKE_677_0004.nii.gz,484.9188232421875,614.9007568359375
images/DUKE_677/DUKE_677_0003.nii.gz,486.59637451171875,614.2555541992188
images/DUKE_677/DUKE_677_0001.nii.gz,506.4604187011719,674.1851806640625
images/DUKE_677/DUKE_677_0002.nii.gz,506.9653625488281,648.0062255859375
images/DUKE_679/DUKE_679_0003.nii.gz,51.326778411865234,57.511356353759766
images/DUKE_679/DUKE_679_0002.nii.gz,51.5936279296875,58.422035217285156
images/DUKE_679/DUKE_679_0001.nii.gz,49.90688705444336,55.78373718261719
images/DUKE_681/DUKE_681_0001.nii.gz,58.15953826904297,84.56989288330078
images/DUKE_681/DUKE_681_0004.nii.gz,54.37039566040039,80.17926025390625
images/DUKE_681/DUKE_681_0003.nii.gz,54.945228576660156,80.99642944335938
images/DUKE_681/DUKE_681_0002.nii.gz,55.568702697753906,80.49911499023438
images/DUKE_684/DUKE_684_0001.nii.gz,242.10455322265625,315.677001953125
images/DUKE_684/DUKE_684_0003.nii.gz,254.30416870117188,328.3447265625
images/DUKE_684/DUKE_684_0002.nii.gz,248.97393798828125,322.1692810058594
images/DUKE_685/DUKE_685_0001.nii.gz,260.79901123046875,307.2944030761719
images/DUKE_685/DUKE_685_0002.nii.gz,258.90863037109375,296.102294921875
images/DUKE_685/DUKE_685_0003.nii.gz,259.49041748046875,294.5990905761719
images/DUKE_686/DUKE_686_0004.nii.gz,551.658935546875,686.4522705078125
images/DUKE_686/DUKE_686_0003.nii.gz,549.225341796875,674.3033447265625
images/DUKE_686/DUKE_686_0001.nii.gz,534.2897338867188,656.0016479492188
images/DUKE_686/DUKE_686_0002.nii.gz,542.80029296875,667.0442504882812
images/DUKE_687/DUKE_687_0001.nii.gz,360.1044616699219,507.7628173828125
images/DUKE_687/DUKE_687_0003.nii.gz,365.08807373046875,492.0828552246094
images/DUKE_687/DUKE_687_0002.nii.gz,367.4286193847656,500.01898193359375
images/DUKE_688/DUKE_688_0001.nii.gz,336.1128845214844,479.8009033203125
images/DUKE_688/DUKE_688_0003.nii.gz,356.51751708984375,531.5248413085938
images/DUKE_688/DUKE_688_0002.nii.gz,353.25128173828125,518.3063354492188
images/DUKE_691/DUKE_691_0002.nii.gz,514.9666748046875,600.5721435546875
images/DUKE_691/DUKE_691_0003.nii.gz,518.3192138671875,607.2171020507812
images/DUKE_691/DUKE_691_0001.nii.gz,527.7443237304688,627.3898315429688
images/DUKE_691/DUKE_691_0004.nii.gz,506.4020690917969,613.6492919921875
images/DUKE_693/DUKE_693_0002.nii.gz,55.930335998535156,53.84552764892578
images/DUKE_693/DUKE_693_0001.nii.gz,55.45493698120117,52.0366096496582
images/DUKE_693/DUKE_693_0003.nii.gz,56.858341217041016,55.08829116821289
images/DUKE_694/DUKE_694_0003.nii.gz,362.77862548828125,518.696044921875
images/DUKE_694/DUKE_694_0002.nii.gz,351.8476257324219,498.1342468261719
images/DUKE_694/DUKE_694_0001.nii.gz,353.43988037109375,500.9400939941406
images/DUKE_697/DUKE_697_0002.nii.gz,33.11848831176758,46.099464416503906
images/DUKE_697/DUKE_697_0003.nii.gz,33.40242385864258,46.999359130859375
images/DUKE_697/DUKE_697_0001.nii.gz,31.550308227539062,42.89079284667969
images/DUKE_710/DUKE_710_0003.nii.gz,24.22408103942871,26.98151397705078
images/DUKE_710/DUKE_710_0004.nii.gz,24.197118759155273,27.222885131835938
images/DUKE_710/DUKE_710_0002.nii.gz,24.512531280517578,27.04083824157715
images/DUKE_710/DUKE_710_0001.nii.gz,24.3837890625,27.014019012451172
images/DUKE_717/DUKE_717_0001.nii.gz,66.37445831298828,117.13844299316406
images/DUKE_717/DUKE_717_0003.nii.gz,68.8841323852539,128.82305908203125
images/DUKE_717/DUKE_717_0002.nii.gz,67.54590606689453,125.46309661865234
images/DUKE_717/DUKE_717_0004.nii.gz,69.4172134399414,131.18368530273438
images/DUKE_718/DUKE_718_0003.nii.gz,33.76425552368164,57.23643112182617
images/DUKE_718/DUKE_718_0002.nii.gz,33.753963470458984,57.478675842285156
images/DUKE_718/DUKE_718_0001.nii.gz,33.163795471191406,56.581092834472656
images/DUKE_723/DUKE_723_0001.nii.gz,498.20184326171875,747.6403198242188
images/DUKE_723/DUKE_723_0003.nii.gz,473.188232421875,626.9789428710938
images/DUKE_723/DUKE_723_0002.nii.gz,490.6346130371094,679.7447509765625
images/DUKE_723/DUKE_723_0004.nii.gz,468.3572692871094,617.1524047851562
images/DUKE_724/DUKE_724_0002.nii.gz,48.956085205078125,50.71726989746094
images/DUKE_724/DUKE_724_0001.nii.gz,47.02217483520508,48.061668395996094
images/DUKE_724/DUKE_724_0003.nii.gz,49.20362854003906,51.53445816040039
images/DUKE_725/DUKE_725_0001.nii.gz,57.05569839477539,53.588890075683594
images/DUKE_725/DUKE_725_0003.nii.gz,59.3088493347168,57.46977996826172
images/DUKE_725/DUKE_725_0002.nii.gz,59.5377197265625,57.15174865722656
images/DUKE_735/DUKE_735_0002.nii.gz,493.99676513671875,624.0669555664062
images/DUKE_735/DUKE_735_0001.nii.gz,475.4230651855469,590.3881225585938
images/DUKE_735/DUKE_735_0003.nii.gz,499.46673583984375,645.3326416015625
images/DUKE_735/DUKE_735_0004.nii.gz,499.7925109863281,670.2703857421875
images/DUKE_746/DUKE_746_0004.nii.gz,444.6723327636719,630.4943237304688
images/DUKE_746/DUKE_746_0003.nii.gz,443.44873046875,623.0833129882812
images/DUKE_746/DUKE_746_0002.nii.gz,451.1418151855469,616.7098388671875
images/DUKE_746/DUKE_746_0001.nii.gz,456.7494201660156,613.8976440429688
images/DUKE_751/DUKE_751_0002.nii.gz,278.2514953613281,399.0199890136719
images/DUKE_751/DUKE_751_0003.nii.gz,278.2140197753906,406.169677734375
images/DUKE_751/DUKE_751_0001.nii.gz,285.80670166015625,424.7620544433594
images/DUKE_754/DUKE_754_0002.nii.gz,41.60680389404297,62.28584671020508
images/DUKE_754/DUKE_754_0001.nii.gz,38.688987731933594,57.337196350097656
images/DUKE_754/DUKE_754_0003.nii.gz,42.649322509765625,64.67467498779297
images/DUKE_757/DUKE_757_0003.nii.gz,432.8400573730469,571.6488037109375
images/DUKE_757/DUKE_757_0001.nii.gz,445.8511047363281,612.0172119140625
images/DUKE_757/DUKE_757_0002.nii.gz,437.46588134765625,584.220947265625
images/DUKE_758/DUKE_758_0001.nii.gz,174.59864807128906,198.59597778320312
images/DUKE_758/DUKE_758_0002.nii.gz,183.24557495117188,202.81344604492188
images/DUKE_758/DUKE_758_0003.nii.gz,180.57899475097656,200.34219360351562
images/DUKE_758/DUKE_758_0004.nii.gz,184.2807159423828,201.63197326660156
images/DUKE_762/DUKE_762_0002.nii.gz,193.0291748046875,203.83401489257812
images/DUKE_762/DUKE_762_0003.nii.gz,192.59385681152344,203.65386962890625
images/DUKE_762/DUKE_762_0001.nii.gz,199.1143341064453,216.33163452148438
images/DUKE_762/DUKE_762_0004.nii.gz,189.585205078125,200.29281616210938
images/DUKE_765/DUKE_765_0002.nii.gz,298.52874755859375,411.0989074707031
images/DUKE_765/DUKE_765_0001.nii.gz,299.3992614746094,422.2342224121094
images/DUKE_765/DUKE_765_0003.nii.gz,296.0137023925781,403.517333984375
images/DUKE_774/DUKE_774_0001.nii.gz,402.1160583496094,533.6046752929688
images/DUKE_774/DUKE_774_0003.nii.gz,408.18194580078125,530.79736328125
images/DUKE_774/DUKE_774_0002.nii.gz,411.314453125,534.7131958007812
images/DUKE_775/DUKE_775_0001.nii.gz,161.91709899902344,228.7459716796875
images/DUKE_775/DUKE_775_0003.nii.gz,165.0624542236328,238.3843231201172
images/DUKE_775/DUKE_775_0002.nii.gz,167.24514770507812,235.98318481445312
images/DUKE_775/DUKE_775_0004.nii.gz,164.5144805908203,240.7007598876953
images/DUKE_776/DUKE_776_0003.nii.gz,59.81380844116211,76.40544891357422
images/DUKE_776/DUKE_776_0002.nii.gz,58.10001754760742,72.6529312133789
images/DUKE_776/DUKE_776_0001.nii.gz,54.87187194824219,64.48182678222656
images/DUKE_778/DUKE_778_0003.nii.gz,26.012144088745117,40.72454071044922
images/DUKE_778/DUKE_778_0002.nii.gz,25.7285213470459,40.62537384033203
images/DUKE_778/DUKE_778_0001.nii.gz,24.729217529296875,39.54112243652344
images/DUKE_780/DUKE_780_0003.nii.gz,37.07191848754883,56.95051956176758
images/DUKE_780/DUKE_780_0001.nii.gz,35.60043716430664,52.93435287475586
images/DUKE_780/DUKE_780_0002.nii.gz,36.49922561645508,55.59660339355469
images/DUKE_789/DUKE_789_0001.nii.gz,466.2414855957031,553.8092041015625
images/DUKE_789/DUKE_789_0004.nii.gz,498.4296569824219,615.1714477539062
images/DUKE_789/DUKE_789_0002.nii.gz,483.6288146972656,583.9683227539062
images/DUKE_789/DUKE_789_0003.nii.gz,493.654296875,602.634521484375
images/DUKE_790/DUKE_790_0001.nii.gz,597.7388916015625,721.7073974609375
images/DUKE_790/DUKE_790_0002.nii.gz,603.1492309570312,698.5529174804688
images/DUKE_790/DUKE_790_0003.nii.gz,615.4202880859375,698.0355224609375
images/DUKE_790/DUKE_790_0004.nii.gz,602.696044921875,687.9852905273438
images/DUKE_792/DUKE_792_0001.nii.gz,373.1698913574219,537.375732421875
images/DUKE_792/DUKE_792_0003.nii.gz,384.2113342285156,559.137451171875
images/DUKE_792/DUKE_792_0002.nii.gz,381.26678466796875,547.40576171875
images/DUKE_797/DUKE_797_0002.nii.gz,45.79534149169922,61.317073822021484
images/DUKE_797/DUKE_797_0004.nii.gz,45.9423828125,61.40394973754883
images/DUKE_797/DUKE_797_0003.nii.gz,45.99266052246094,61.350677490234375
images/DUKE_797/DUKE_797_0001.nii.gz,46.437034606933594,62.897579193115234
images/DUKE_799/DUKE_799_0001.nii.gz,49.91299819946289,55.29037094116211
images/DUKE_799/DUKE_799_0002.nii.gz,51.344791412353516,57.652313232421875
images/DUKE_799/DUKE_799_0003.nii.gz,50.6258659362793,58.75646209716797
images/DUKE_804/DUKE_804_0002.nii.gz,546.9424438476562,646.7213745117188
images/DUKE_804/DUKE_804_0003.nii.gz,545.8649291992188,647.0543823242188
images/DUKE_804/DUKE_804_0004.nii.gz,551.9949951171875,650.5984497070312
images/DUKE_804/DUKE_804_0001.nii.gz,532.7803344726562,658.2921752929688
images/DUKE_805/DUKE_805_0003.nii.gz,57.19788360595703,66.80079650878906
images/DUKE_805/DUKE_805_0001.nii.gz,57.19245910644531,69.08016204833984
images/DUKE_805/DUKE_805_0004.nii.gz,57.857139587402344,67.55721282958984
images/DUKE_805/DUKE_805_0002.nii.gz,57.55392837524414,68.08350372314453
images/DUKE_809/DUKE_809_0001.nii.gz,193.24888610839844,234.63021850585938
images/DUKE_809/DUKE_809_0003.nii.gz,196.57852172851562,237.88409423828125
images/DUKE_809/DUKE_809_0002.nii.gz,195.4357452392578,236.3839569091797
images/DUKE_812/DUKE_812_0001.nii.gz,498.1453552246094,650.8851928710938
images/DUKE_812/DUKE_812_0004.nii.gz,488.8162841796875,570.7831420898438
images/DUKE_812/DUKE_812_0003.nii.gz,480.51556396484375,566.0327758789062
images/DUKE_812/DUKE_812_0002.nii.gz,487.0989990234375,583.1292724609375
images/DUKE_816/DUKE_816_0003.nii.gz,493.0962829589844,603.5745849609375
images/DUKE_816/DUKE_816_0004.nii.gz,492.0590515136719,602.4779052734375
images/DUKE_816/DUKE_816_0001.nii.gz,495.6089172363281,618.1312255859375
images/DUKE_816/DUKE_816_0002.nii.gz,496.9626159667969,608.687744140625
images/DUKE_817/DUKE_817_0002.nii.gz,403.1021728515625,552.9191284179688
images/DUKE_817/DUKE_817_0003.nii.gz,420.8643798828125,581.5631103515625
images/DUKE_817/DUKE_817_0001.nii.gz,377.4750671386719,493.626953125
images/DUKE_822/DUKE_822_0002.nii.gz,305.7485656738281,426.42578125
images/DUKE_822/DUKE_822_0003.nii.gz,321.58441162109375,445.97174072265625
images/DUKE_822/DUKE_822_0001.nii.gz,311.9720764160156,451.0402526855469
images/DUKE_830/DUKE_830_0002.nii.gz,47.76740264892578,43.30067825317383
images/DUKE_830/DUKE_830_0001.nii.gz,46.96918869018555,42.161598205566406
images/DUKE_830/DUKE_830_0003.nii.gz,47.88017654418945,43.57090759277344
images/DUKE_831/DUKE_831_0002.nii.gz,389.2572326660156,549.6409912109375
images/DUKE_831/DUKE_831_0001.nii.gz,371.20611572265625,523.7699584960938
images/DUKE_831/DUKE_831_0003.nii.gz,381.5350036621094,546.2491455078125
images/DUKE_832/DUKE_832_0004.nii.gz,577.9450073242188,664.8258666992188
images/DUKE_832/DUKE_832_0003.nii.gz,591.1508178710938,690.7958984375
images/DUKE_832/DUKE_832_0002.nii.gz,602.2197265625,715.9304809570312
images/DUKE_832/DUKE_832_0001.nii.gz,608.0213012695312,756.0963745117188
images/DUKE_833/DUKE_833_0003.nii.gz,176.0088348388672,206.09315490722656
images/DUKE_833/DUKE_833_0002.nii.gz,176.54148864746094,205.38851928710938
images/DUKE_833/DUKE_833_0001.nii.gz,176.42991638183594,205.9842071533203
images/DUKE_834/DUKE_834_0001.nii.gz,503.12420654296875,616.4522705078125
images/DUKE_834/DUKE_834_0004.nii.gz,523.1954956054688,627.3543701171875
images/DUKE_834/DUKE_834_0002.nii.gz,521.3977661132812,628.873291015625
images/DUKE_834/DUKE_834_0003.nii.gz,512.4744873046875,613.588134765625
images/DUKE_836/DUKE_836_0002.nii.gz,563.420654296875,715.987548828125
images/DUKE_836/DUKE_836_0001.nii.gz,566.4417114257812,731.2335815429688
images/DUKE_836/DUKE_836_0004.nii.gz,557.5338134765625,710.528076171875
images/DUKE_836/DUKE_836_0003.nii.gz,555.50830078125,704.1668090820312
images/DUKE_839/DUKE_839_0001.nii.gz,194.01800537109375,264.6402893066406
images/DUKE_839/DUKE_839_0002.nii.gz,199.3715057373047,271.1844177246094
images/DUKE_839/DUKE_839_0003.nii.gz,198.68836975097656,271.68035888671875
images/DUKE_847/DUKE_847_0004.nii.gz,27.203514099121094,31.061813354492188
images/DUKE_847/DUKE_847_0002.nii.gz,27.664430618286133,31.17286491394043
images/DUKE_847/DUKE_847_0001.nii.gz,27.923437118530273,31.44846534729004
images/DUKE_847/DUKE_847_0003.nii.gz,27.49141502380371,31.118385314941406
images/DUKE_850/DUKE_850_0003.nii.gz,51.78341293334961,56.55839538574219
images/DUKE_850/DUKE_850_0001.nii.gz,51.37306594848633,54.327728271484375
images/DUKE_850/DUKE_850_0002.nii.gz,51.601688385009766,55.927711486816406
images/DUKE_860/DUKE_860_0002.nii.gz,495.1092224121094,621.7342529296875
images/DUKE_860/DUKE_860_0004.nii.gz,510.2160949707031,660.765869140625
images/DUKE_860/DUKE_860_0003.nii.gz,508.61236572265625,643.7938842773438
images/DUKE_860/DUKE_860_0001.nii.gz,494.37261962890625,608.7545166015625
images/DUKE_865/DUKE_865_0002.nii.gz,539.4884033203125,729.1778564453125
images/DUKE_865/DUKE_865_0003.nii.gz,529.6722412109375,699.145263671875
images/DUKE_865/DUKE_865_0004.nii.gz,531.4205932617188,714.1025390625
images/DUKE_865/DUKE_865_0001.nii.gz,558.5262451171875,797.7337036132812
images/DUKE_869/DUKE_869_0001.nii.gz,232.68165588378906,309.52838134765625
images/DUKE_869/DUKE_869_0004.nii.gz,216.21640014648438,254.8676300048828
images/DUKE_869/DUKE_869_0003.nii.gz,221.2697296142578,267.71343994140625
images/DUKE_869/DUKE_869_0002.nii.gz,228.8953399658203,288.36737060546875
images/DUKE_873/DUKE_873_0003.nii.gz,208.8024444580078,325.5941162109375
images/DUKE_873/DUKE_873_0002.nii.gz,207.617431640625,317.59381103515625
images/DUKE_873/DUKE_873_0001.nii.gz,193.41587829589844,285.258544921875
images/DUKE_874/DUKE_874_0003.nii.gz,181.19644165039062,246.93348693847656
images/DUKE_874/DUKE_874_0001.nii.gz,170.4646453857422,228.62388610839844
images/DUKE_874/DUKE_874_0002.nii.gz,179.0186004638672,243.5715789794922
images/DUKE_879/DUKE_879_0004.nii.gz,555.8285522460938,757.618408203125
images/DUKE_879/DUKE_879_0001.nii.gz,528.2271728515625,711.3739013671875
images/DUKE_879/DUKE_879_0002.nii.gz,526.7562255859375,697.023681640625
images/DUKE_879/DUKE_879_0003.nii.gz,540.2412109375,727.076171875
images/DUKE_882/DUKE_882_0004.nii.gz,529.9221801757812,615.9174194335938
images/DUKE_882/DUKE_882_0003.nii.gz,533.378173828125,616.1708984375
images/DUKE_882/DUKE_882_0002.nii.gz,529.0352172851562,621.803955078125
images/DUKE_882/DUKE_882_0001.nii.gz,533.3246459960938,634.9396362304688
images/DUKE_883/DUKE_883_0004.nii.gz,25.18341827392578,29.779014587402344
images/DUKE_883/DUKE_883_0001.nii.gz,25.7286376953125,29.462818145751953
images/DUKE_883/DUKE_883_0003.nii.gz,25.13018035888672,29.4866886138916
images/DUKE_883/DUKE_883_0002.nii.gz,25.443288803100586,29.358232498168945
images/DUKE_884/DUKE_884_0001.nii.gz,501.8793640136719,621.1182250976562
images/DUKE_884/DUKE_884_0003.nii.gz,501.7659606933594,612.369140625
images/DUKE_884/DUKE_884_0004.nii.gz,503.7389831542969,617.9174194335938
images/DUKE_884/DUKE_884_0002.nii.gz,507.0433349609375,619.7140502929688
images/DUKE_885/DUKE_885_0003.nii.gz,377.8627624511719,533.6365966796875
images/DUKE_885/DUKE_885_0001.nii.gz,373.0633544921875,538.4401245117188
images/DUKE_885/DUKE_885_0002.nii.gz,379.7689208984375,541.2077026367188
images/DUKE_886/DUKE_886_0003.nii.gz,25.669557571411133,36.127872467041016
images/DUKE_886/DUKE_886_0002.nii.gz,25.857728958129883,36.52565002441406
images/DUKE_886/DUKE_886_0001.nii.gz,25.488487243652344,36.127159118652344
images/DUKE_891/DUKE_891_0001.nii.gz,202.84991455078125,254.69761657714844
images/DUKE_891/DUKE_891_0002.nii.gz,205.22027587890625,256.8777160644531
images/DUKE_891/DUKE_891_0003.nii.gz,209.8003692626953,266.60040283203125
images/DUKE_899/DUKE_899_0004.nii.gz,549.1566772460938,722.8971557617188
images/DUKE_899/DUKE_899_0001.nii.gz,563.3536376953125,783.6649780273438
images/DUKE_899/DUKE_899_0003.nii.gz,547.730712890625,722.0886840820312
images/DUKE_899/DUKE_899_0002.nii.gz,555.7523193359375,746.0931396484375
images/DUKE_907/DUKE_907_0004.nii.gz,35.65605163574219,39.245906829833984
images/DUKE_907/DUKE_907_0001.nii.gz,35.482967376708984,40.12987518310547
images/DUKE_907/DUKE_907_0002.nii.gz,35.37660217285156,39.377498626708984
images/DUKE_907/DUKE_907_0003.nii.gz,35.52946472167969,39.0226936340332
images/DUKE_914/DUKE_914_0001.nii.gz,511.6972961425781,672.4495239257812
images/DUKE_914/DUKE_914_0003.nii.gz,521.132080078125,668.3905029296875
images/DUKE_914/DUKE_914_0002.nii.gz,513.5745239257812,655.8585815429688
images/DUKE_915/DUKE_915_0001.nii.gz,202.22390747070312,245.18272399902344
images/DUKE_915/DUKE_915_0003.nii.gz,208.53228759765625,254.93043518066406
images/DUKE_915/DUKE_915_0002.nii.gz,204.65162658691406,249.38145446777344
images/DUKE_916/DUKE_916_0003.nii.gz,198.58685302734375,256.0099182128906
images/DUKE_916/DUKE_916_0001.nii.gz,194.7312774658203,263.50250244140625
images/DUKE_916/DUKE_916_0002.nii.gz,199.6499786376953,261.103515625
images/DUKE_917/DUKE_917_0001.nii.gz,360.9710693359375,539.3750610351562
images/DUKE_917/DUKE_917_0003.nii.gz,379.8155212402344,572.8421630859375
images/DUKE_917/DUKE_917_0002.nii.gz,389.4054260253906,583.6712646484375
images/ISPY1_1001/ISPY1_1001_0002.nii.gz,13.362868309020996,21.588850021362305
images/ISPY1_1001/ISPY1_1001_0001.nii.gz,12.505158424377441,19.43572425842285
images/ISPY1_1002/ISPY1_1002_0001.nii.gz,15.820068359375,17.20966148376465
images/ISPY1_1002/ISPY1_1002_0002.nii.gz,15.988106727600098,17.909894943237305
images/ISPY1_1003/ISPY1_1003_0002.nii.gz,11.327072143554688,14.522436141967773
images/ISPY1_1003/ISPY1_1003_0001.nii.gz,11.237223625183105,13.976951599121094
images/ISPY1_1004/ISPY1_1004_0001.nii.gz,66.79693603515625,61.29084014892578
images/ISPY1_1004/ISPY1_1004_0002.nii.gz,68.65937805175781,61.92625427246094
images/ISPY1_1005/ISPY1_1005_0002.nii.gz,59.66910934448242,55.643089294433594
images/ISPY1_1005/ISPY1_1005_0001.nii.gz,57.581607818603516,56.10842514038086
images/ISPY1_1007/ISPY1_1007_0001.nii.gz,71.33531188964844,63.35973358154297
images/ISPY1_1007/ISPY1_1007_0002.nii.gz,74.16571807861328,66.21846771240234
images/ISPY1_1008/ISPY1_1008_0001.nii.gz,16.15386962890625,21.323436737060547
images/ISPY1_1008/ISPY1_1008_0002.nii.gz,16.449182510375977,22.37337303161621
images/ISPY1_1009/ISPY1_1009_0001.nii.gz,13.62319278717041,16.8968448638916
images/ISPY1_1009/ISPY1_1009_0002.nii.gz,13.22895622253418,16.789901733398438
images/ISPY1_1010/ISPY1_1010_0001.nii.gz,15.942517280578613,21.947275161743164
images/ISPY1_1010/ISPY1_1010_0002.nii.gz,16.535398483276367,22.963241577148438
images/ISPY1_1011/ISPY1_1011_0002.nii.gz,16.467491149902344,19.21240997314453
images/ISPY1_1011/ISPY1_1011_0001.nii.gz,16.898130416870117,18.833057403564453
images/ISPY1_1012/ISPY1_1012_0002.nii.gz,14.407002449035645,24.351701736450195
images/ISPY1_1012/ISPY1_1012_0001.nii.gz,14.029565811157227,22.901676177978516
images/ISPY1_1013/ISPY1_1013_0001.nii.gz,20.704647064208984,28.156713485717773
images/ISPY1_1013/ISPY1_1013_0002.nii.gz,21.82366371154785,31.13692283630371
images/ISPY1_1015/ISPY1_1015_0002.nii.gz,14.58591365814209,22.301950454711914
images/ISPY1_1015/ISPY1_1015_0001.nii.gz,13.894726753234863,20.37369155883789
images/ISPY1_1016/ISPY1_1016_0003.nii.gz,49.792049407958984,38.860191345214844
images/ISPY1_1016/ISPY1_1016_0002.nii.gz,47.98362350463867,36.950714111328125
images/ISPY1_1016/ISPY1_1016_0001.nii.gz,51.48993682861328,42.60914993286133
images/ISPY1_1017/ISPY1_1017_0001.nii.gz,12.453843116760254,16.066471099853516
images/ISPY1_1017/ISPY1_1017_0002.nii.gz,12.502728462219238,16.758682250976562
images/ISPY1_1021/ISPY1_1021_0001.nii.gz,15.425725936889648,21.08578109741211
images/ISPY1_1021/ISPY1_1021_0002.nii.gz,15.476895332336426,22.06285285949707
images/ISPY1_1025/ISPY1_1025_0002.nii.gz,11.044093132019043,11.454244613647461
images/ISPY1_1025/ISPY1_1025_0001.nii.gz,11.391246795654297,11.64897346496582
images/ISPY1_1027/ISPY1_1027_0002.nii.gz,25.718088150024414,28.216838836669922
images/ISPY1_1027/ISPY1_1027_0001.nii.gz,25.768354415893555,28.80082130432129
images/ISPY1_1029/ISPY1_1029_0002.nii.gz,19.250558853149414,25.444196701049805
images/ISPY1_1029/ISPY1_1029_0001.nii.gz,18.15064239501953,23.1492977142334
images/ISPY1_1030/ISPY1_1030_0001.nii.gz,15.542948722839355,16.67751121520996
images/ISPY1_1030/ISPY1_1030_0002.nii.gz,15.233416557312012,16.162919998168945
images/ISPY1_1031/ISPY1_1031_0001.nii.gz,16.200204849243164,19.442726135253906
images/ISPY1_1031/ISPY1_1031_0002.nii.gz,16.99884033203125,20.846269607543945
images/ISPY1_1032/ISPY1_1032_0002.nii.gz,18.4040470123291,23.4986572265625
images/ISPY1_1032/ISPY1_1032_0001.nii.gz,18.044116973876953,22.226770401000977
images/ISPY1_1034/ISPY1_1034_0003.nii.gz,37.514408111572266,31.14803695678711
images/ISPY1_1034/ISPY1_1034_0002.nii.gz,39.2711067199707,35.28143310546875
images/ISPY1_1034/ISPY1_1034_0001.nii.gz,40.73603057861328,38.48032760620117
images/ISPY1_1035/ISPY1_1035_0002.nii.gz,9.733201026916504,12.512347221374512
images/ISPY1_1035/ISPY1_1035_0001.nii.gz,10.308782577514648,13.60114574432373
images/ISPY1_1035/ISPY1_1035_0003.nii.gz,9.93702220916748,12.46225643157959
images/ISPY1_1036/ISPY1_1036_0002.nii.gz,12.46535587310791,15.550561904907227
images/ISPY1_1036/ISPY1_1036_0001.nii.gz,11.73888111114502,14.08317756652832
images/ISPY1_1037/ISPY1_1037_0002.nii.gz,22.57427978515625,30.356159210205078
images/ISPY1_1037/ISPY1_1037_0001.nii.gz,21.54926872253418,27.91689682006836
images/ISPY1_1037/ISPY1_1037_0003.nii.gz,22.690963745117188,31.275407791137695
images/ISPY1_1038/ISPY1_1038_0002.nii.gz,25.418563842773438,30.227487564086914
images/ISPY1_1038/ISPY1_1038_0003.nii.gz,25.54209327697754,30.38945198059082
images/ISPY1_1038/ISPY1_1038_0001.nii.gz,25.107484817504883,29.64311981201172
images/ISPY1_1040/ISPY1_1040_0001.nii.gz,23.575973510742188,32.34367752075195
images/ISPY1_1040/ISPY1_1040_0002.nii.gz,25.411619186401367,34.14594268798828
images/ISPY1_1041/ISPY1_1041_0001.nii.gz,17.44220733642578,26.47398567199707
images/ISPY1_1041/ISPY1_1041_0002.nii.gz,17.336658477783203,26.28884506225586
images/ISPY1_1042/ISPY1_1042_0002.nii.gz,45.49790954589844,46.19578170776367
images/ISPY1_1042/ISPY1_1042_0003.nii.gz,31.827110290527344,37.89643859863281
images/ISPY1_1042/ISPY1_1042_0001.nii.gz,44.873741149902344,44.796173095703125
images/ISPY1_1049/ISPY1_1049_0002.nii.gz,41.94719696044922,33.06087875366211
images/ISPY1_1049/ISPY1_1049_0001.nii.gz,34.958919525146484,41.89482116699219
images/ISPY1_1051/ISPY1_1051_0002.nii.gz,17.201066970825195,25.45625114440918
images/ISPY1_1051/ISPY1_1051_0001.nii.gz,16.205900192260742,22.9525089263916
images/ISPY1_1053/ISPY1_1053_0002.nii.gz,23.07109832763672,17.777341842651367
images/ISPY1_1053/ISPY1_1053_0001.nii.gz,25.109230041503906,19.67121696472168
images/ISPY1_1054/ISPY1_1054_0002.nii.gz,32.668209075927734,37.36592483520508
images/ISPY1_1054/ISPY1_1054_0001.nii.gz,32.191139221191406,36.65629577636719
images/ISPY1_1056/ISPY1_1056_0002.nii.gz,15.103416442871094,20.465885162353516
images/ISPY1_1056/ISPY1_1056_0001.nii.gz,15.036170959472656,20.28679847717285
images/ISPY1_1058/ISPY1_1058_0002.nii.gz,36.47395324707031,35.23338317871094
images/ISPY1_1058/ISPY1_1058_0001.nii.gz,35.1053466796875,33.653297424316406
images/ISPY1_1060/ISPY1_1060_0005.nii.gz,1057.4425048828125,676.0609741210938
images/ISPY1_1060/ISPY1_1060_0003.nii.gz,1044.5369873046875,679.107421875
images/ISPY1_1060/ISPY1_1060_0002.nii.gz,1032.6336669921875,676.8452758789062
images/ISPY1_1060/ISPY1_1060_0004.nii.gz,1058.218017578125,679.5160522460938
images/ISPY1_1060/ISPY1_1060_0001.nii.gz,1025.4093017578125,692.1209716796875
images/ISPY1_1061/ISPY1_1061_0002.nii.gz,15.869248390197754,19.988727569580078
images/ISPY1_1061/ISPY1_1061_0001.nii.gz,15.319483757019043,19.028011322021484
images/ISPY1_1062/ISPY1_1062_0002.nii.gz,21.199962615966797,30.47758674621582
images/ISPY1_1062/ISPY1_1062_0001.nii.gz,19.833492279052734,27.076303482055664
images/ISPY1_1064/ISPY1_1064_0001.nii.gz,13.129132270812988,16.503829956054688
images/ISPY1_1064/ISPY1_1064_0002.nii.gz,13.647971153259277,17.96493911743164
images/ISPY1_1065/ISPY1_1065_0003.nii.gz,423.5240783691406,253.40953063964844
images/ISPY1_1065/ISPY1_1065_0001.nii.gz,411.8498840332031,249.53846740722656
images/ISPY1_1065/ISPY1_1065_0004.nii.gz,427.39886474609375,256.1026306152344
images/ISPY1_1065/ISPY1_1065_0005.nii.gz,439.38018798828125,255.4346923828125
images/ISPY1_1065/ISPY1_1065_0002.nii.gz,420.4061279296875,250.482177734375
images/ISPY1_1066/ISPY1_1066_0001.nii.gz,32.899070739746094,34.073177337646484
images/ISPY1_1066/ISPY1_1066_0002.nii.gz,33.56623458862305,35.390926361083984
images/ISPY1_1067/ISPY1_1067_0001.nii.gz,36.42964553833008,37.589454650878906
images/ISPY1_1067/ISPY1_1067_0002.nii.gz,37.95146179199219,41.01552963256836
images/ISPY1_1069/ISPY1_1069_0001.nii.gz,9.816596984863281,11.649406433105469
images/ISPY1_1069/ISPY1_1069_0002.nii.gz,9.809820175170898,11.484687805175781
images/ISPY1_1070/ISPY1_1070_0001.nii.gz,14.801250457763672,15.398528099060059
images/ISPY1_1070/ISPY1_1070_0002.nii.gz,14.934203147888184,15.868474006652832
images/ISPY1_1072/ISPY1_1072_0002.nii.gz,59.04393005371094,67.06340026855469
images/ISPY1_1072/ISPY1_1072_0001.nii.gz,57.82451629638672,64.55511474609375
images/ISPY1_1073/ISPY1_1073_0002.nii.gz,37.13694381713867,39.264564514160156
images/ISPY1_1073/ISPY1_1073_0001.nii.gz,34.70438766479492,35.334468841552734
images/ISPY1_1074/ISPY1_1074_0001.nii.gz,53.75893020629883,65.83802795410156
images/ISPY1_1074/ISPY1_1074_0002.nii.gz,57.325782775878906,73.92137908935547
images/ISPY1_1075/ISPY1_1075_0001.nii.gz,21.295101165771484,33.157623291015625
images/ISPY1_1075/ISPY1_1075_0002.nii.gz,22.299758911132812,35.92328643798828
images/ISPY1_1077/ISPY1_1077_0001.nii.gz,11.553995132446289,12.423210144042969
images/ISPY1_1077/ISPY1_1077_0002.nii.gz,12.071560859680176,13.128373146057129
images/ISPY1_1078/ISPY1_1078_0002.nii.gz,19.214351654052734,25.390146255493164
images/ISPY1_1078/ISPY1_1078_0001.nii.gz,18.894657135009766,23.636463165283203
images/ISPY1_1082/ISPY1_1082_0001.nii.gz,27.067508697509766,26.140625
images/ISPY1_1082/ISPY1_1082_0002.nii.gz,28.88751983642578,30.4825496673584
images/ISPY1_1083/ISPY1_1083_0001.nii.gz,28.363500595092773,32.944679260253906
images/ISPY1_1083/ISPY1_1083_0002.nii.gz,26.85475730895996,32.366756439208984
images/ISPY1_1084/ISPY1_1084_0002.nii.gz,147.7357940673828,162.63003540039062
images/ISPY1_1084/ISPY1_1084_0003.nii.gz,150.4000701904297,167.8338165283203
images/ISPY1_1084/ISPY1_1084_0001.nii.gz,140.8433074951172,156.5153045654297
images/ISPY1_1087/ISPY1_1087_0002.nii.gz,17.571950912475586,19.0651798248291
images/ISPY1_1087/ISPY1_1087_0001.nii.gz,17.43532371520996,18.809389114379883
images/ISPY1_1088/ISPY1_1088_0002.nii.gz,11.739218711853027,16.15984344482422
images/ISPY1_1088/ISPY1_1088_0001.nii.gz,11.504914283752441,14.785642623901367
images/ISPY1_1089/ISPY1_1089_0005.nii.gz,745.0525512695312,616.7516479492188
images/ISPY1_1089/ISPY1_1089_0004.nii.gz,744.4843139648438,626.1254272460938
images/ISPY1_1089/ISPY1_1089_0001.nii.gz,733.332275390625,690.4619750976562
images/ISPY1_1089/ISPY1_1089_0002.nii.gz,734.1697387695312,662.863037109375
images/ISPY1_1089/ISPY1_1089_0003.nii.gz,741.94921875,649.3410034179688
images/ISPY1_1090/ISPY1_1090_0002.nii.gz,27.14724349975586,26.615510940551758
images/ISPY1_1090/ISPY1_1090_0001.nii.gz,26.55206298828125,26.07034683227539
images/ISPY1_1094/ISPY1_1094_0001.nii.gz,20.798784255981445,32.19059371948242
images/ISPY1_1094/ISPY1_1094_0002.nii.gz,22.276683807373047,35.68425369262695
images/ISPY1_1096/ISPY1_1096_0002.nii.gz,49.15498733520508,34.12543869018555
images/ISPY1_1096/ISPY1_1096_0001.nii.gz,48.1346321105957,32.98372268676758
images/ISPY1_1097/ISPY1_1097_0002.nii.gz,26.85838508605957,32.83921432495117
images/ISPY1_1097/ISPY1_1097_0001.nii.gz,24.2274112701416,28.789695739746094
images/ISPY1_1098/ISPY1_1098_0004.nii.gz,688.7922973632812,562.27392578125
images/ISPY1_1098/ISPY1_1098_0002.nii.gz,658.3048706054688,542.961669921875
images/ISPY1_1098/ISPY1_1098_0001.nii.gz,669.74755859375,597.83544921875
images/ISPY1_1098/ISPY1_1098_0005.nii.gz,675.899658203125,537.2462768554688
images/ISPY1_1098/ISPY1_1098_0003.nii.gz,676.751708984375,548.1675415039062
images/ISPY1_1099/ISPY1_1099_0001.nii.gz,10.331698417663574,13.318469047546387
images/ISPY1_1099/ISPY1_1099_0002.nii.gz,9.946454048156738,13.1091890335083
images/ISPY1_1100/ISPY1_1100_0001.nii.gz,11.108183860778809,12.053872108459473
images/ISPY1_1100/ISPY1_1100_0002.nii.gz,11.279288291931152,12.440388679504395
images/ISPY1_1101/ISPY1_1101_0002.nii.gz,25.78480339050293,34.187278747558594
images/ISPY1_1101/ISPY1_1101_0001.nii.gz,24.414932250976562,30.7005558013916
images/ISPY1_1102/ISPY1_1102_0002.nii.gz,20.542030334472656,27.367895126342773
images/ISPY1_1102/ISPY1_1102_0001.nii.gz,18.720426559448242,23.686445236206055
images/ISPY1_1103/ISPY1_1103_0001.nii.gz,36.02614974975586,39.43145751953125
images/ISPY1_1103/ISPY1_1103_0002.nii.gz,38.561622619628906,43.98896408081055
images/ISPY1_1104/ISPY1_1104_0001.nii.gz,727.9489135742188,722.8116455078125
images/ISPY1_1104/ISPY1_1104_0002.nii.gz,734.5841064453125,687.4810791015625
images/ISPY1_1104/ISPY1_1104_0004.nii.gz,716.052490234375,613.3909912109375
images/ISPY1_1104/ISPY1_1104_0005.nii.gz,719.1117553710938,594.3258056640625
images/ISPY1_1104/ISPY1_1104_0003.nii.gz,713.4053955078125,643.0375366210938
images/ISPY1_1106/ISPY1_1106_0005.nii.gz,585.134765625,513.9257202148438
images/ISPY1_1106/ISPY1_1106_0002.nii.gz,612.0601806640625,568.7993774414062
images/ISPY1_1106/ISPY1_1106_0003.nii.gz,627.9368896484375,570.2479248046875
images/ISPY1_1106/ISPY1_1106_0001.nii.gz,618.5963745117188,604.08349609375
images/ISPY1_1106/ISPY1_1106_0004.nii.gz,596.7168579101562,526.1639404296875
images/ISPY1_1107/ISPY1_1107_0001.nii.gz,25.880428314208984,24.610990524291992
images/ISPY1_1107/ISPY1_1107_0002.nii.gz,25.817968368530273,24.27349853515625
images/ISPY1_1112/ISPY1_1112_0001.nii.gz,28.23790740966797,30.66866111755371
images/ISPY1_1112/ISPY1_1112_0002.nii.gz,27.969011306762695,29.673728942871094
images/ISPY1_1114/ISPY1_1114_0001.nii.gz,20.078014373779297,16.554187774658203
images/ISPY1_1114/ISPY1_1114_0002.nii.gz,20.790164947509766,18.288923263549805
images/ISPY1_1117/ISPY1_1117_0002.nii.gz,10.762234687805176,18.385379791259766
images/ISPY1_1117/ISPY1_1117_0001.nii.gz,10.198325157165527,15.985452651977539
images/ISPY1_1122/ISPY1_1122_0001.nii.gz,26.731243133544922,29.169498443603516
images/ISPY1_1122/ISPY1_1122_0002.nii.gz,26.474943161010742,27.59288787841797
images/ISPY1_1123/ISPY1_1123_0001.nii.gz,26.175060272216797,30.039661407470703
images/ISPY1_1123/ISPY1_1123_0002.nii.gz,26.554906845092773,30.5172119140625
images/ISPY1_1124/ISPY1_1124_0003.nii.gz,1193.83740234375,1078.5728759765625
images/ISPY1_1124/ISPY1_1124_0004.nii.gz,1161.49169921875,1039.511962890625
images/ISPY1_1124/ISPY1_1124_0002.nii.gz,1223.1390380859375,1144.998779296875
images/ISPY1_1124/ISPY1_1124_0005.nii.gz,1176.7332763671875,1046.642333984375
images/ISPY1_1124/ISPY1_1124_0001.nii.gz,1232.3436279296875,1246.9766845703125
images/ISPY1_1125/ISPY1_1125_0001.nii.gz,801.3162841796875,735.1549072265625
images/ISPY1_1125/ISPY1_1125_0004.nii.gz,739.2657470703125,642.5205688476562
images/ISPY1_1125/ISPY1_1125_0002.nii.gz,760.3326416015625,669.7443237304688
images/ISPY1_1125/ISPY1_1125_0005.nii.gz,716.411865234375,623.0148315429688
images/ISPY1_1125/ISPY1_1125_0003.nii.gz,748.9588623046875,648.8799438476562
images/ISPY1_1127/ISPY1_1127_0001.nii.gz,13.013094902038574,15.317745208740234
images/ISPY1_1127/ISPY1_1127_0002.nii.gz,12.943059921264648,15.46734619140625
images/ISPY1_1128/ISPY1_1128_0001.nii.gz,12.160003662109375,19.23265266418457
images/ISPY1_1128/ISPY1_1128_0002.nii.gz,12.543954849243164,20.859560012817383
images/ISPY1_1129/ISPY1_1129_0002.nii.gz,128.83045959472656,146.09750366210938
images/ISPY1_1129/ISPY1_1129_0001.nii.gz,129.91348266601562,148.15802001953125
images/ISPY1_1130/ISPY1_1130_0002.nii.gz,25.816726684570312,26.277692794799805
images/ISPY1_1130/ISPY1_1130_0001.nii.gz,26.142004013061523,26.70548439025879
images/ISPY1_1132/ISPY1_1132_0001.nii.gz,9.237810134887695,10.414191246032715
images/ISPY1_1132/ISPY1_1132_0002.nii.gz,9.353570938110352,10.874836921691895
images/ISPY1_1134/ISPY1_1134_0002.nii.gz,11.462267875671387,15.007185935974121
images/ISPY1_1134/ISPY1_1134_0001.nii.gz,11.114825248718262,14.065591812133789
images/ISPY1_1135/ISPY1_1135_0002.nii.gz,13.979432106018066,16.56636619567871
images/ISPY1_1135/ISPY1_1135_0001.nii.gz,13.734170913696289,15.891571044921875
images/ISPY1_1136/ISPY1_1136_0001.nii.gz,33.065738677978516,33.631900787353516
images/ISPY1_1136/ISPY1_1136_0002.nii.gz,34.92208480834961,35.61100769042969
images/ISPY1_1137/ISPY1_1137_0001.nii.gz,9.76158618927002,14.359769821166992
images/ISPY1_1137/ISPY1_1137_0002.nii.gz,9.580207824707031,14.673474311828613
images/ISPY1_1139/ISPY1_1139_0002.nii.gz,36.95863723754883,46.86127853393555
images/ISPY1_1139/ISPY1_1139_0001.nii.gz,36.66718292236328,50.43559646606445
images/ISPY1_1140/ISPY1_1140_0002.nii.gz,10.928112983703613,16.740589141845703
images/ISPY1_1140/ISPY1_1140_0001.nii.gz,10.418985366821289,15.050549507141113
images/ISPY1_1141/ISPY1_1141_0001.nii.gz,266.76947021484375,328.4794006347656
images/ISPY1_1141/ISPY1_1141_0002.nii.gz,264.360107421875,330.87738037109375
images/ISPY1_1142/ISPY1_1142_0002.nii.gz,29.72905921936035,32.188148498535156
images/ISPY1_1142/ISPY1_1142_0001.nii.gz,29.23740005493164,30.21214485168457
images/ISPY1_1144/ISPY1_1144_0001.nii.gz,16.519685745239258,21.801746368408203
images/ISPY1_1144/ISPY1_1144_0002.nii.gz,17.594589233398438,25.01180076599121
images/ISPY1_1145/ISPY1_1145_0002.nii.gz,23.699026107788086,29.310285568237305
images/ISPY1_1145/ISPY1_1145_0001.nii.gz,22.061113357543945,27.228628158569336
images/ISPY1_1146/ISPY1_1146_0002.nii.gz,24.928529739379883,24.54745101928711
images/ISPY1_1146/ISPY1_1146_0001.nii.gz,25.276779174804688,25.705453872680664
images/ISPY1_1147/ISPY1_1147_0002.nii.gz,11.395312309265137,15.957836151123047
images/ISPY1_1147/ISPY1_1147_0001.nii.gz,11.16443157196045,15.207772254943848
images/ISPY1_1148/ISPY1_1148_0003.nii.gz,23.37282943725586,24.292863845825195
images/ISPY1_1148/ISPY1_1148_0002.nii.gz,35.29717254638672,30.7661075592041
images/ISPY1_1148/ISPY1_1148_0001.nii.gz,35.991493225097656,31.45993995666504
images/ISPY1_1149/ISPY1_1149_0002.nii.gz,45.381011962890625,57.85214614868164
images/ISPY1_1149/ISPY1_1149_0001.nii.gz,42.73426055908203,51.60045623779297
images/ISPY1_1150/ISPY1_1150_0001.nii.gz,40.62617492675781,41.89593505859375
images/ISPY1_1150/ISPY1_1150_0002.nii.gz,42.785335540771484,44.69437789916992
images/ISPY1_1151/ISPY1_1151_0002.nii.gz,46.9249382019043,50.18383026123047
images/ISPY1_1151/ISPY1_1151_0001.nii.gz,42.35199737548828,44.096561431884766
images/ISPY1_1152/ISPY1_1152_0001.nii.gz,5.924661636352539,9.372455596923828
images/ISPY1_1152/ISPY1_1152_0002.nii.gz,5.867929935455322,10.084514617919922
images/ISPY1_1155/ISPY1_1155_0001.nii.gz,48.67671203613281,51.31199264526367
images/ISPY1_1155/ISPY1_1155_0002.nii.gz,49.73676300048828,52.571044921875
images/ISPY1_1156/ISPY1_1156_0002.nii.gz,34.316219329833984,36.90887451171875
images/ISPY1_1156/ISPY1_1156_0001.nii.gz,32.660648345947266,35.45363235473633
images/ISPY1_1157/ISPY1_1157_0001.nii.gz,11.227188110351562,17.519126892089844
images/ISPY1_1157/ISPY1_1157_0002.nii.gz,11.517465591430664,18.49153709411621
images/ISPY1_1158/ISPY1_1158_0002.nii.gz,10.165497779846191,15.10788345336914
images/ISPY1_1158/ISPY1_1158_0001.nii.gz,10.07138442993164,14.579530715942383
images/ISPY1_1159/ISPY1_1159_0001.nii.gz,50.70603561401367,50.659568786621094
images/ISPY1_1159/ISPY1_1159_0002.nii.gz,51.44392776489258,53.1991081237793
images/ISPY1_1160/ISPY1_1160_0003.nii.gz,58.23750686645508,62.16893768310547
images/ISPY1_1160/ISPY1_1160_0001.nii.gz,56.72423553466797,59.68932342529297
images/ISPY1_1160/ISPY1_1160_0002.nii.gz,57.90089797973633,61.183685302734375
images/ISPY1_1161/ISPY1_1161_0002.nii.gz,28.331762313842773,30.778173446655273
images/ISPY1_1161/ISPY1_1161_0003.nii.gz,29.60129737854004,32.170448303222656
images/ISPY1_1161/ISPY1_1161_0001.nii.gz,26.567081451416016,28.999784469604492
images/ISPY1_1163/ISPY1_1163_0002.nii.gz,26.517887115478516,27.976089477539062
images/ISPY1_1163/ISPY1_1163_0001.nii.gz,26.44775390625,27.575180053710938
images/ISPY1_1164/ISPY1_1164_0002.nii.gz,37.267822265625,39.94077682495117
images/ISPY1_1164/ISPY1_1164_0001.nii.gz,36.36992645263672,39.73648452758789
images/ISPY1_1165/ISPY1_1165_0003.nii.gz,1297.8863525390625,1176.8621826171875
images/ISPY1_1165/ISPY1_1165_0001.nii.gz,1322.9022216796875,1307.571533203125
images/ISPY1_1165/ISPY1_1165_0005.nii.gz,1280.0494384765625,1102.811767578125
images/ISPY1_1165/ISPY1_1165_0002.nii.gz,1327.49560546875,1233.156005859375
images/ISPY1_1165/ISPY1_1165_0004.nii.gz,1293.779052734375,1133.596923828125
images/ISPY1_1166/ISPY1_1166_0001.nii.gz,18.89152717590332,20.09212303161621
images/ISPY1_1166/ISPY1_1166_0002.nii.gz,18.615320205688477,20.02252960205078
images/ISPY1_1167/ISPY1_1167_0003.nii.gz,62.38395690917969,61.501136779785156
images/ISPY1_1167/ISPY1_1167_0001.nii.gz,61.51779556274414,60.429996490478516
images/ISPY1_1167/ISPY1_1167_0002.nii.gz,61.91559982299805,60.88107681274414
images/ISPY1_1168/ISPY1_1168_0001.nii.gz,5.751787185668945,8.981293678283691
images/ISPY1_1168/ISPY1_1168_0002.nii.gz,5.681626796722412,9.248799324035645
images/ISPY1_1169/ISPY1_1169_0002.nii.gz,39.68199920654297,51.448482513427734
images/ISPY1_1169/ISPY1_1169_0001.nii.gz,38.294281005859375,48.755043029785156
images/ISPY1_1171/ISPY1_1171_0001.nii.gz,9.238177299499512,12.867681503295898
images/ISPY1_1171/ISPY1_1171_0002.nii.gz,9.476850509643555,13.837371826171875
images/ISPY1_1172/ISPY1_1172_0001.nii.gz,25.163854598999023,25.101078033447266
images/ISPY1_1172/ISPY1_1172_0002.nii.gz,25.030305862426758,25.039661407470703
images/ISPY1_1173/ISPY1_1173_0001.nii.gz,255.6310272216797,349.8984375
images/ISPY1_1173/ISPY1_1173_0003.nii.gz,253.255126953125,351.2068176269531
images/ISPY1_1173/ISPY1_1173_0002.nii.gz,254.4508819580078,353.43035888671875
images/ISPY1_1174/ISPY1_1174_0001.nii.gz,23.744647979736328,29.69780158996582
images/ISPY1_1174/ISPY1_1174_0002.nii.gz,24.268463134765625,30.054729461669922
images/ISPY1_1175/ISPY1_1175_0001.nii.gz,42.53150177001953,47.755374908447266
images/ISPY1_1175/ISPY1_1175_0002.nii.gz,45.195587158203125,51.27471160888672
images/ISPY1_1176/ISPY1_1176_0002.nii.gz,28.319904327392578,27.687088012695312
images/ISPY1_1176/ISPY1_1176_0001.nii.gz,27.11378288269043,27.2302303314209
images/ISPY1_1177/ISPY1_1177_0002.nii.gz,10.423453330993652,15.276948928833008
images/ISPY1_1177/ISPY1_1177_0001.nii.gz,10.483009338378906,14.51053524017334
images/ISPY1_1179/ISPY1_1179_0002.nii.gz,26.344226837158203,24.198625564575195
images/ISPY1_1179/ISPY1_1179_0001.nii.gz,25.809507369995117,24.048173904418945
images/ISPY1_1180/ISPY1_1180_0001.nii.gz,245.20289611816406,280.23486328125
images/ISPY1_1180/ISPY1_1180_0003.nii.gz,246.9318084716797,288.80718994140625
images/ISPY1_1180/ISPY1_1180_0002.nii.gz,241.58995056152344,281.27728271484375
images/ISPY1_1181/ISPY1_1181_0002.nii.gz,47.768733978271484,51.62436294555664
images/ISPY1_1181/ISPY1_1181_0001.nii.gz,47.33384704589844,49.36062240600586
images/ISPY1_1182/ISPY1_1182_0004.nii.gz,56.017513275146484,57.01538848876953
images/ISPY1_1182/ISPY1_1182_0002.nii.gz,56.055870056152344,57.839359283447266
images/ISPY1_1182/ISPY1_1182_0005.nii.gz,56.03276062011719,56.82194519042969
images/ISPY1_1182/ISPY1_1182_0001.nii.gz,57.30021286010742,59.58860778808594
images/ISPY1_1182/ISPY1_1182_0003.nii.gz,56.24717712402344,57.1378173828125
images/ISPY1_1183/ISPY1_1183_0001.nii.gz,23.846538543701172,20.63372230529785
images/ISPY1_1183/ISPY1_1183_0002.nii.gz,25.092308044433594,23.713367462158203
images/ISPY1_1184/ISPY1_1184_0001.nii.gz,1214.49658203125,1254.01611328125
images/ISPY1_1184/ISPY1_1184_0003.nii.gz,1030.2867431640625,910.6370849609375
images/ISPY1_1184/ISPY1_1184_0005.nii.gz,1000.8475341796875,824.4549560546875
images/ISPY1_1184/ISPY1_1184_0004.nii.gz,1006.9782104492188,866.6665649414062
images/ISPY1_1184/ISPY1_1184_0002.nii.gz,1162.3900146484375,1114.193115234375
images/ISPY1_1185/ISPY1_1185_0002.nii.gz,9.145344734191895,14.319859504699707
images/ISPY1_1185/ISPY1_1185_0001.nii.gz,9.459450721740723,13.348572731018066
images/ISPY1_1187/ISPY1_1187_0002.nii.gz,85.13050079345703,82.60591888427734
images/ISPY1_1187/ISPY1_1187_0001.nii.gz,81.33084106445312,76.46095275878906
images/ISPY1_1188/ISPY1_1188_0003.nii.gz,22.053438186645508,22.96062660217285
images/ISPY1_1188/ISPY1_1188_0002.nii.gz,22.17108917236328,22.767946243286133
images/ISPY1_1188/ISPY1_1188_0001.nii.gz,21.475460052490234,22.001272201538086
images/ISPY1_1189/ISPY1_1189_0002.nii.gz,10.444844245910645,18.067684173583984
images/ISPY1_1189/ISPY1_1189_0001.nii.gz,10.14284610748291,16.917224884033203
images/ISPY1_1191/ISPY1_1191_0002.nii.gz,21.45445442199707,23.718618392944336
images/ISPY1_1191/ISPY1_1191_0001.nii.gz,22.64162254333496,24.686277389526367
images/ISPY1_1192/ISPY1_1192_0002.nii.gz,25.248680114746094,29.777639389038086
images/ISPY1_1192/ISPY1_1192_0001.nii.gz,24.445362091064453,28.928897857666016
images/ISPY1_1193/ISPY1_1193_0001.nii.gz,33.503387451171875,34.0791015625
images/ISPY1_1193/ISPY1_1193_0002.nii.gz,35.77976989746094,36.83884811401367
images/ISPY1_1194/ISPY1_1194_0002.nii.gz,17.834280014038086,22.488040924072266
images/ISPY1_1194/ISPY1_1194_0001.nii.gz,17.583829879760742,21.499786376953125
images/ISPY1_1196/ISPY1_1196_0001.nii.gz,21.627363204956055,26.615873336791992
images/ISPY1_1196/ISPY1_1196_0002.nii.gz,22.002269744873047,28.062231063842773
images/ISPY1_1196/ISPY1_1196_0003.nii.gz,22.054283142089844,27.752683639526367
images/ISPY1_1197/ISPY1_1197_0002.nii.gz,82.25801086425781,96.98853302001953
images/ISPY1_1197/ISPY1_1197_0001.nii.gz,82.09140014648438,94.45289611816406
images/ISPY1_1198/ISPY1_1198_0001.nii.gz,323.87811279296875,307.50152587890625
images/ISPY1_1198/ISPY1_1198_0002.nii.gz,340.4141845703125,331.7580261230469
images/ISPY1_1199/ISPY1_1199_0002.nii.gz,47.964012145996094,44.952125549316406
images/ISPY1_1199/ISPY1_1199_0001.nii.gz,46.83290100097656,43.406856536865234
images/ISPY1_1201/ISPY1_1201_0001.nii.gz,39.76841735839844,44.90496063232422
images/ISPY1_1201/ISPY1_1201_0002.nii.gz,39.05045700073242,45.379302978515625
images/ISPY1_1202/ISPY1_1202_0002.nii.gz,23.368621826171875,25.01068687438965
images/ISPY1_1202/ISPY1_1202_0001.nii.gz,22.881155014038086,24.304410934448242
images/ISPY1_1203/ISPY1_1203_0001.nii.gz,47.490142822265625,48.02720260620117
images/ISPY1_1203/ISPY1_1203_0002.nii.gz,45.94068908691406,47.162757873535156
images/ISPY1_1204/ISPY1_1204_0001.nii.gz,11.840134620666504,19.446491241455078
images/ISPY1_1204/ISPY1_1204_0002.nii.gz,12.440037727355957,21.609027862548828
images/ISPY1_1207/ISPY1_1207_0001.nii.gz,10.773029327392578,18.180583953857422
images/ISPY1_1207/ISPY1_1207_0002.nii.gz,10.650322914123535,18.471389770507812
images/ISPY1_1208/ISPY1_1208_0001.nii.gz,43.008235931396484,44.98845291137695
images/ISPY1_1208/ISPY1_1208_0002.nii.gz,45.64271926879883,49.33380889892578
images/ISPY1_1209/ISPY1_1209_0002.nii.gz,25.706087112426758,31.78774070739746
images/ISPY1_1209/ISPY1_1209_0001.nii.gz,24.85198211669922,30.547819137573242
images/ISPY1_1210/ISPY1_1210_0001.nii.gz,37.687217712402344,42.53416061401367
images/ISPY1_1210/ISPY1_1210_0002.nii.gz,39.30935287475586,46.614707946777344
images/ISPY1_1212/ISPY1_1212_0001.nii.gz,1016.8469848632812,959.0032958984375
images/ISPY1_1212/ISPY1_1212_0004.nii.gz,866.8499755859375,731.0504760742188
images/ISPY1_1212/ISPY1_1212_0005.nii.gz,850.8226928710938,704.8740844726562
images/ISPY1_1212/ISPY1_1212_0002.nii.gz,911.0009765625,798.0714111328125
images/ISPY1_1212/ISPY1_1212_0003.nii.gz,902.0155639648438,772.9569091796875
images/ISPY1_1215/ISPY1_1215_0002.nii.gz,1114.484130859375,919.4756469726562
images/ISPY1_1215/ISPY1_1215_0005.nii.gz,1085.5025634765625,835.4007568359375
images/ISPY1_1215/ISPY1_1215_0003.nii.gz,1059.0355224609375,842.0625610351562
images/ISPY1_1215/ISPY1_1215_0001.nii.gz,1149.7462158203125,1026.0279541015625
images/ISPY1_1215/ISPY1_1215_0004.nii.gz,1098.765380859375,862.1353149414062
images/ISPY1_1216/ISPY1_1216_0002.nii.gz,9.101911544799805,18.198007583618164
images/ISPY1_1216/ISPY1_1216_0001.nii.gz,8.946507453918457,17.25495719909668
images/ISPY1_1217/ISPY1_1217_0001.nii.gz,201.66583251953125,238.09735107421875
images/ISPY1_1217/ISPY1_1217_0002.nii.gz,217.38522338867188,270.3901062011719
images/ISPY1_1218/ISPY1_1218_0001.nii.gz,30.59968376159668,30.938575744628906
images/ISPY1_1218/ISPY1_1218_0002.nii.gz,32.269134521484375,33.36330032348633
images/ISPY1_1219/ISPY1_1219_0001.nii.gz,79.8330078125,109.38385772705078
images/ISPY1_1219/ISPY1_1219_0002.nii.gz,83.55194091796875,121.14854431152344
images/ISPY1_1220/ISPY1_1220_0001.nii.gz,11.982841491699219,17.116233825683594
images/ISPY1_1220/ISPY1_1220_0002.nii.gz,12.06253719329834,18.176443099975586
images/ISPY1_1221/ISPY1_1221_0002.nii.gz,42.34819030761719,55.83347702026367
images/ISPY1_1221/ISPY1_1221_0001.nii.gz,39.19052505493164,50.12434387207031
images/ISPY1_1222/ISPY1_1222_0002.nii.gz,6.551003932952881,13.296524047851562
images/ISPY1_1222/ISPY1_1222_0001.nii.gz,6.434326648712158,12.208169937133789
images/ISPY1_1223/ISPY1_1223_0001.nii.gz,14.350114822387695,19.90878677368164
images/ISPY1_1223/ISPY1_1223_0002.nii.gz,14.672710418701172,21.20756721496582
images/ISPY1_1224/ISPY1_1224_0001.nii.gz,46.01132583618164,57.30931091308594
images/ISPY1_1224/ISPY1_1224_0002.nii.gz,48.5626220703125,59.76472473144531
images/ISPY1_1225/ISPY1_1225_0001.nii.gz,77.13278198242188,74.76537322998047
images/ISPY1_1225/ISPY1_1225_0002.nii.gz,79.41585540771484,79.79676818847656
images/ISPY1_1226/ISPY1_1226_0001.nii.gz,5.085301399230957,8.161060333251953
images/ISPY1_1226/ISPY1_1226_0002.nii.gz,5.230588912963867,8.955106735229492
images/ISPY1_1227/ISPY1_1227_0002.nii.gz,11.76684284210205,20.187673568725586
images/ISPY1_1227/ISPY1_1227_0001.nii.gz,11.501319885253906,18.353376388549805
images/ISPY1_1228/ISPY1_1228_0002.nii.gz,256.1719055175781,327.4237060546875
images/ISPY1_1228/ISPY1_1228_0001.nii.gz,250.2923583984375,311.7872009277344
images/ISPY1_1229/ISPY1_1229_0001.nii.gz,5.543018817901611,10.45724868774414
images/ISPY1_1229/ISPY1_1229_0002.nii.gz,5.7249274253845215,11.623207092285156
images/ISPY1_1230/ISPY1_1230_0002.nii.gz,67.08704376220703,76.92423248291016
images/ISPY1_1230/ISPY1_1230_0001.nii.gz,64.26678466796875,74.16807556152344
images/ISPY1_1231/ISPY1_1231_0001.nii.gz,5.78909969329834,9.354769706726074
images/ISPY1_1231/ISPY1_1231_0002.nii.gz,6.222402572631836,10.970551490783691
images/ISPY1_1233/ISPY1_1233_0002.nii.gz,35.62432098388672,38.346656799316406
images/ISPY1_1233/ISPY1_1233_0001.nii.gz,35.055721282958984,36.99396896362305
images/ISPY1_1234/ISPY1_1234_0002.nii.gz,19.22335433959961,26.638690948486328
images/ISPY1_1234/ISPY1_1234_0001.nii.gz,18.471647262573242,24.9960994720459
images/ISPY1_1235/ISPY1_1235_0002.nii.gz,24.005844116210938,22.440067291259766
images/ISPY1_1235/ISPY1_1235_0001.nii.gz,23.76513671875,21.955429077148438
images/ISPY1_1236/ISPY1_1236_0002.nii.gz,36.750816345214844,36.40034103393555
images/ISPY1_1236/ISPY1_1236_0001.nii.gz,34.75553894042969,33.530975341796875
images/ISPY1_1237/ISPY1_1237_0002.nii.gz,26.583589553833008,26.83919906616211
images/ISPY1_1237/ISPY1_1237_0001.nii.gz,25.178234100341797,24.965160369873047
images/ISPY1_1238/ISPY1_1238_0002.nii.gz,83.82144165039062,93.9588851928711
images/ISPY1_1238/ISPY1_1238_0001.nii.gz,80.18132019042969,93.18083190917969
images/ISPY1_1239/ISPY1_1239_0002.nii.gz,4.661031723022461,7.278451919555664
images/ISPY1_1239/ISPY1_1239_0001.nii.gz,4.932844638824463,7.44730806350708
images/ISPY2_100899/ISPY2_100899_0002.nii.gz,213.8424835205078,252.15106201171875
images/ISPY2_100899/ISPY2_100899_0001.nii.gz,184.94854736328125,219.45343017578125
images/ISPY2_100899/ISPY2_100899_0005.nii.gz,247.7008819580078,290.8671569824219
images/ISPY2_100899/ISPY2_100899_0004.nii.gz,236.8721923828125,278.6338195800781
images/ISPY2_100899/ISPY2_100899_0003.nii.gz,228.68115234375,266.7098083496094
images/ISPY2_102011/ISPY2_102011_0002.nii.gz,187.7202606201172,194.69989013671875
images/ISPY2_102011/ISPY2_102011_0005.nii.gz,199.78216552734375,205.0666961669922
images/ISPY2_102011/ISPY2_102011_0004.nii.gz,194.72299194335938,199.84591674804688
images/ISPY2_102011/ISPY2_102011_0001.nii.gz,170.72018432617188,179.57737731933594
images/ISPY2_102011/ISPY2_102011_0003.nii.gz,194.44065856933594,201.0662841796875
images/ISPY2_102212/ISPY2_102212_0003.nii.gz,232.96566772460938,262.46978759765625
images/ISPY2_102212/ISPY2_102212_0004.nii.gz,237.94808959960938,266.37353515625
images/ISPY2_102212/ISPY2_102212_0001.nii.gz,228.60777282714844,257.27166748046875
images/ISPY2_102212/ISPY2_102212_0002.nii.gz,235.51695251464844,263.37591552734375
images/ISPY2_102212/ISPY2_102212_0005.nii.gz,230.99432373046875,260.86279296875
images/ISPY2_103693/ISPY2_103693_0003.nii.gz,480.24676513671875,528.4380493164062
images/ISPY2_103693/ISPY2_103693_0004.nii.gz,481.2861328125,527.9485473632812
images/ISPY2_103693/ISPY2_103693_0001.nii.gz,468.9281311035156,590.0196533203125
images/ISPY2_103693/ISPY2_103693_0005.nii.gz,472.27935791015625,504.93389892578125
images/ISPY2_103693/ISPY2_103693_0002.nii.gz,480.77838134765625,557.205810546875
images/ISPY2_103939/ISPY2_103939_0003.nii.gz,127.45767211914062,161.5343017578125
images/ISPY2_103939/ISPY2_103939_0001.nii.gz,136.06468200683594,185.49952697753906
images/ISPY2_103939/ISPY2_103939_0002.nii.gz,130.34181213378906,169.05120849609375
images/ISPY2_103939/ISPY2_103939_0004.nii.gz,127.2968978881836,159.18896484375
images/ISPY2_103939/ISPY2_103939_0005.nii.gz,125.77694702148438,156.26670837402344
images/ISPY2_104268/ISPY2_104268_0002.nii.gz,85.47718811035156,107.32774353027344
images/ISPY2_104268/ISPY2_104268_0005.nii.gz,87.04837799072266,105.09465789794922
images/ISPY2_104268/ISPY2_104268_0003.nii.gz,86.65853118896484,106.23988342285156
images/ISPY2_104268/ISPY2_104268_0001.nii.gz,82.0129165649414,105.05254364013672
images/ISPY2_104268/ISPY2_104268_0004.nii.gz,86.3193588256836,104.95928192138672
images/ISPY2_104384/ISPY2_104384_0003.nii.gz,32.97333526611328,40.010074615478516
images/ISPY2_104384/ISPY2_104384_0005.nii.gz,34.76567840576172,41.82820129394531
images/ISPY2_104384/ISPY2_104384_0001.nii.gz,27.871885299682617,33.25764083862305
images/ISPY2_104384/ISPY2_104384_0004.nii.gz,34.18693923950195,41.316429138183594
images/ISPY2_104384/ISPY2_104384_0002.nii.gz,31.548250198364258,38.40238571166992
images/ISPY2_105286/ISPY2_105286_0004.nii.gz,50.93671417236328,70.02547454833984
images/ISPY2_105286/ISPY2_105286_0002.nii.gz,50.48961639404297,68.30398559570312
images/ISPY2_105286/ISPY2_105286_0005.nii.gz,50.76162338256836,70.48451232910156
images/ISPY2_105286/ISPY2_105286_0001.nii.gz,47.20374298095703,64.73320770263672
images/ISPY2_105286/ISPY2_105286_0003.nii.gz,50.6432991027832,68.90644073486328
images/ISPY2_105513/ISPY2_105513_0005.nii.gz,93.34314727783203,137.40499877929688
images/ISPY2_105513/ISPY2_105513_0002.nii.gz,92.02386474609375,131.01295471191406
images/ISPY2_105513/ISPY2_105513_0003.nii.gz,92.00535583496094,133.7254180908203
images/ISPY2_105513/ISPY2_105513_0004.nii.gz,93.52326202392578,136.59976196289062
images/ISPY2_105513/ISPY2_105513_0001.nii.gz,86.72404479980469,122.8482894897461
images/ISPY2_107700/ISPY2_107700_0005.nii.gz,141.7751922607422,181.94699096679688
images/ISPY2_107700/ISPY2_107700_0002.nii.gz,146.71371459960938,200.6652069091797
images/ISPY2_107700/ISPY2_107700_0003.nii.gz,143.6930694580078,192.43032836914062
images/ISPY2_107700/ISPY2_107700_0001.nii.gz,142.1223602294922,202.49002075195312
images/ISPY2_107700/ISPY2_107700_0004.nii.gz,142.3259735107422,184.48556518554688
images/ISPY2_108939/ISPY2_108939_0003.nii.gz,58.27570343017578,76.4178237915039
images/ISPY2_108939/ISPY2_108939_0004.nii.gz,57.882293701171875,76.3353500366211
images/ISPY2_108939/ISPY2_108939_0005.nii.gz,57.58066940307617,75.58436584472656
images/ISPY2_108939/ISPY2_108939_0002.nii.gz,59.51023864746094,79.2496337890625
images/ISPY2_108939/ISPY2_108939_0001.nii.gz,59.74105453491211,80.30084991455078
images/ISPY2_108969/ISPY2_108969_0005.nii.gz,107.42513275146484,113.87689208984375
images/ISPY2_108969/ISPY2_108969_0003.nii.gz,103.36498260498047,108.03076934814453
images/ISPY2_108969/ISPY2_108969_0001.nii.gz,88.29849243164062,85.6750259399414
images/ISPY2_108969/ISPY2_108969_0002.nii.gz,98.1246566772461,102.4500961303711
images/ISPY2_108969/ISPY2_108969_0004.nii.gz,104.95599365234375,110.92768096923828
images/ISPY2_109623/ISPY2_109623_0005.nii.gz,205.1927947998047,251.14834594726562
images/ISPY2_109623/ISPY2_109623_0002.nii.gz,205.08743286132812,267.4845886230469
images/ISPY2_109623/ISPY2_109623_0004.nii.gz,205.0729217529297,252.40655517578125
images/ISPY2_109623/ISPY2_109623_0001.nii.gz,199.69947814941406,282.9919738769531
images/ISPY2_109623/ISPY2_109623_0003.nii.gz,200.082763671875,251.62088012695312
images/ISPY2_109874/ISPY2_109874_0001.nii.gz,290.6747131347656,422.8525390625
images/ISPY2_109874/ISPY2_109874_0002.nii.gz,309.3274230957031,424.5791320800781
images/ISPY2_109874/ISPY2_109874_0004.nii.gz,313.5074768066406,409.98480224609375
images/ISPY2_109874/ISPY2_109874_0005.nii.gz,317.87176513671875,400.7149353027344
images/ISPY2_109874/ISPY2_109874_0003.nii.gz,314.4755859375,421.0995788574219
images/ISPY2_109980/ISPY2_109980_0002.nii.gz,237.9885711669922,305.0818176269531
images/ISPY2_109980/ISPY2_109980_0001.nii.gz,182.34613037109375,242.15829467773438
images/ISPY2_109980/ISPY2_109980_0004.nii.gz,265.470703125,326.379638671875
images/ISPY2_109980/ISPY2_109980_0003.nii.gz,247.4433135986328,317.8878173828125
images/ISPY2_109980/ISPY2_109980_0005.nii.gz,261.75433349609375,328.30816650390625
images/ISPY2_111004/ISPY2_111004_0005.nii.gz,58.68660354614258,85.39791107177734
images/ISPY2_111004/ISPY2_111004_0004.nii.gz,57.27829360961914,83.37581634521484
images/ISPY2_111004/ISPY2_111004_0001.nii.gz,43.99215316772461,65.27366638183594
images/ISPY2_111004/ISPY2_111004_0002.nii.gz,51.59547805786133,75.84810638427734
images/ISPY2_111004/ISPY2_111004_0003.nii.gz,55.35150146484375,80.45672607421875
images/ISPY2_111038/ISPY2_111038_0003.nii.gz,595.4031982421875,641.280517578125
images/ISPY2_111038/ISPY2_111038_0004.nii.gz,603.464599609375,631.9380493164062
images/ISPY2_111038/ISPY2_111038_0005.nii.gz,608.8648681640625,643.86083984375
images/ISPY2_111038/ISPY2_111038_0001.nii.gz,569.1553344726562,641.4628295898438
images/ISPY2_111038/ISPY2_111038_0002.nii.gz,589.5785522460938,648.5261840820312
images/ISPY2_111344/ISPY2_111344_0003.nii.gz,577.3215942382812,502.24542236328125
images/ISPY2_111344/ISPY2_111344_0001.nii.gz,488.5663146972656,432.0390930175781
images/ISPY2_111344/ISPY2_111344_0002.nii.gz,593.8204345703125,533.5587768554688
images/ISPY2_111344/ISPY2_111344_0005.nii.gz,559.9953002929688,469.25738525390625
images/ISPY2_111344/ISPY2_111344_0004.nii.gz,573.0220336914062,488.1614685058594
images/ISPY2_111646/ISPY2_111646_0004.nii.gz,25.830801010131836,29.93092155456543
images/ISPY2_111646/ISPY2_111646_0001.nii.gz,21.392107009887695,23.801227569580078
images/ISPY2_111646/ISPY2_111646_0005.nii.gz,26.67698097229004,30.48699951171875
images/ISPY2_111646/ISPY2_111646_0003.nii.gz,24.352964401245117,28.54657745361328
images/ISPY2_111646/ISPY2_111646_0002.nii.gz,23.990690231323242,26.99066162109375
images/ISPY2_111674/ISPY2_111674_0004.nii.gz,22.27365493774414,40.010684967041016
images/ISPY2_111674/ISPY2_111674_0003.nii.gz,22.189599990844727,40.32270812988281
images/ISPY2_111674/ISPY2_111674_0001.nii.gz,22.419391632080078,39.896549224853516
images/ISPY2_111674/ISPY2_111674_0002.nii.gz,22.175127029418945,40.69359588623047
images/ISPY2_111674/ISPY2_111674_0005.nii.gz,22.01504898071289,39.82271957397461
images/ISPY2_111881/ISPY2_111881_0002.nii.gz,414.3392333984375,502.246337890625
images/ISPY2_111881/ISPY2_111881_0003.nii.gz,401.7934875488281,492.0663757324219
images/ISPY2_111881/ISPY2_111881_0001.nii.gz,384.50006103515625,474.4568786621094
images/ISPY2_111881/ISPY2_111881_0004.nii.gz,406.74041748046875,497.15679931640625
images/ISPY2_111881/ISPY2_111881_0005.nii.gz,416.1748962402344,500.131103515625
images/ISPY2_112606/ISPY2_112606_0005.nii.gz,62.636375427246094,77.69901275634766
images/ISPY2_112606/ISPY2_112606_0002.nii.gz,61.61127853393555,75.72122192382812
images/ISPY2_112606/ISPY2_112606_0001.nii.gz,58.75016403198242,70.58165740966797
images/ISPY2_112606/ISPY2_112606_0003.nii.gz,62.11421203613281,76.42704772949219
images/ISPY2_112606/ISPY2_112606_0004.nii.gz,62.043678283691406,76.49768829345703
images/ISPY2_114087/ISPY2_114087_0004.nii.gz,102.07649993896484,126.90017700195312
images/ISPY2_114087/ISPY2_114087_0001.nii.gz,90.85256958007812,112.95369720458984
images/ISPY2_114087/ISPY2_114087_0002.nii.gz,99.31913757324219,120.64189147949219
images/ISPY2_114087/ISPY2_114087_0003.nii.gz,100.70559692382812,124.19552612304688
images/ISPY2_114087/ISPY2_114087_0005.nii.gz,102.00199890136719,127.74901580810547
images/ISPY2_115638/ISPY2_115638_0003.nii.gz,53.04355239868164,63.5577392578125
images/ISPY2_115638/ISPY2_115638_0002.nii.gz,52.90809631347656,62.52033615112305
images/ISPY2_115638/ISPY2_115638_0001.nii.gz,50.14360427856445,57.34170150756836
images/ISPY2_115638/ISPY2_115638_0005.nii.gz,54.41071319580078,67.08152770996094
images/ISPY2_115638/ISPY2_115638_0004.nii.gz,54.06904983520508,65.79029846191406
images/ISPY2_115987/ISPY2_115987_0001.nii.gz,288.0660400390625,326.7643127441406
images/ISPY2_115987/ISPY2_115987_0002.nii.gz,287.34716796875,319.4968566894531
images/ISPY2_115987/ISPY2_115987_0003.nii.gz,276.62823486328125,294.6887512207031
images/ISPY2_115987/ISPY2_115987_0004.nii.gz,270.65740966796875,282.6790771484375
images/ISPY2_115987/ISPY2_115987_0005.nii.gz,276.7435302734375,290.4874572753906
images/ISPY2_116165/ISPY2_116165_0005.nii.gz,251.19374084472656,226.59902954101562
images/ISPY2_116165/ISPY2_116165_0004.nii.gz,251.22621154785156,230.69821166992188
images/ISPY2_116165/ISPY2_116165_0001.nii.gz,237.5469512939453,230.25367736816406
images/ISPY2_116165/ISPY2_116165_0003.nii.gz,247.44564819335938,226.91705322265625
images/ISPY2_116165/ISPY2_116165_0002.nii.gz,247.1133270263672,234.02671813964844
images/ISPY2_116603/ISPY2_116603_0005.nii.gz,183.2975616455078,190.7770233154297
images/ISPY2_116603/ISPY2_116603_0003.nii.gz,178.08399963378906,185.27853393554688
images/ISPY2_116603/ISPY2_116603_0001.nii.gz,157.20494079589844,164.22718811035156
images/ISPY2_116603/ISPY2_116603_0002.nii.gz,173.46441650390625,180.3358612060547
images/ISPY2_116603/ISPY2_116603_0004.nii.gz,182.0921630859375,188.8775634765625
images/ISPY2_117424/ISPY2_117424_0005.nii.gz,419.1353759765625,526.42626953125
images/ISPY2_117424/ISPY2_117424_0002.nii.gz,403.39459228515625,522.4348754882812
images/ISPY2_117424/ISPY2_117424_0001.nii.gz,377.82989501953125,495.1942138671875
images/ISPY2_117424/ISPY2_117424_0004.nii.gz,425.5657653808594,533.4957885742188
images/ISPY2_117424/ISPY2_117424_0003.nii.gz,412.2929992675781,524.34326171875
images/ISPY2_117707/ISPY2_117707_0003.nii.gz,74.15888214111328,93.09983825683594
images/ISPY2_117707/ISPY2_117707_0004.nii.gz,73.00470733642578,89.7125473022461
images/ISPY2_117707/ISPY2_117707_0001.nii.gz,61.51967239379883,81.56404876708984
images/ISPY2_117707/ISPY2_117707_0002.nii.gz,73.3904037475586,97.04862976074219
images/ISPY2_117707/ISPY2_117707_0005.nii.gz,73.48662567138672,89.07164001464844
images/ISPY2_118307/ISPY2_118307_0005.nii.gz,243.0357666015625,250.47874450683594
images/ISPY2_118307/ISPY2_118307_0001.nii.gz,230.12432861328125,253.65293884277344
images/ISPY2_118307/ISPY2_118307_0004.nii.gz,253.1358184814453,259.8900451660156
images/ISPY2_118307/ISPY2_118307_0002.nii.gz,246.32223510742188,265.0381164550781
images/ISPY2_118307/ISPY2_118307_0003.nii.gz,245.69261169433594,259.13006591796875
images/ISPY2_119928/ISPY2_119928_0002.nii.gz,36.25597381591797,50.8748664855957
images/ISPY2_119928/ISPY2_119928_0005.nii.gz,35.08747863769531,47.90495300292969
images/ISPY2_119928/ISPY2_119928_0003.nii.gz,35.77471160888672,49.822669982910156
images/ISPY2_119928/ISPY2_119928_0004.nii.gz,35.25701141357422,48.50131607055664
images/ISPY2_119928/ISPY2_119928_0001.nii.gz,35.267581939697266,49.493896484375
images/ISPY2_120422/ISPY2_120422_0002.nii.gz,70.44823455810547,99.89845275878906
images/ISPY2_120422/ISPY2_120422_0004.nii.gz,70.7123794555664,102.67861938476562
images/ISPY2_120422/ISPY2_120422_0001.nii.gz,63.60481643676758,88.36956024169922
images/ISPY2_120422/ISPY2_120422_0005.nii.gz,71.54823303222656,104.69526672363281
images/ISPY2_120422/ISPY2_120422_0003.nii.gz,70.57428741455078,101.26156616210938
images/ISPY2_122287/ISPY2_122287_0004.nii.gz,557.4067993164062,433.6158752441406
images/ISPY2_122287/ISPY2_122287_0003.nii.gz,532.6015625,424.972412109375
images/ISPY2_122287/ISPY2_122287_0001.nii.gz,446.3461608886719,392.07720947265625
images/ISPY2_122287/ISPY2_122287_0005.nii.gz,527.6109008789062,410.3495178222656
images/ISPY2_122287/ISPY2_122287_0002.nii.gz,493.933837890625,415.6961364746094
images/ISPY2_122579/ISPY2_122579_0002.nii.gz,492.7557373046875,729.9510498046875
images/ISPY2_122579/ISPY2_122579_0005.nii.gz,488.2758483886719,696.6025390625
images/ISPY2_122579/ISPY2_122579_0001.nii.gz,451.925048828125,680.9869384765625
images/ISPY2_122579/ISPY2_122579_0003.nii.gz,491.5461730957031,713.1017456054688
images/ISPY2_122579/ISPY2_122579_0004.nii.gz,490.7056579589844,709.38623046875
images/ISPY2_122795/ISPY2_122795_0001.nii.gz,184.45123291015625,251.15098571777344
images/ISPY2_122795/ISPY2_122795_0004.nii.gz,197.64564514160156,252.3584747314453
images/ISPY2_122795/ISPY2_122795_0005.nii.gz,197.6232147216797,252.23483276367188
images/ISPY2_122795/ISPY2_122795_0003.nii.gz,193.87612915039062,248.48919677734375
images/ISPY2_122795/ISPY2_122795_0002.nii.gz,196.3374481201172,254.7367401123047
images/ISPY2_123660/ISPY2_123660_0005.nii.gz,54.8405876159668,85.29598236083984
images/ISPY2_123660/ISPY2_123660_0003.nii.gz,54.323585510253906,83.15908813476562
images/ISPY2_123660/ISPY2_123660_0004.nii.gz,54.515869140625,84.40711212158203
images/ISPY2_123660/ISPY2_123660_0002.nii.gz,53.64306640625,81.48873901367188
images/ISPY2_123660/ISPY2_123660_0001.nii.gz,50.65028381347656,74.19207763671875
images/ISPY2_125130/ISPY2_125130_0002.nii.gz,206.88177490234375,245.7696990966797
images/ISPY2_125130/ISPY2_125130_0001.nii.gz,174.18020629882812,207.41038513183594
images/ISPY2_125130/ISPY2_125130_0004.nii.gz,214.0562744140625,261.8468933105469
images/ISPY2_125130/ISPY2_125130_0005.nii.gz,229.2584991455078,272.9087829589844
images/ISPY2_125130/ISPY2_125130_0003.nii.gz,209.3712158203125,254.38162231445312
images/ISPY2_125418/ISPY2_125418_0001.nii.gz,47.73285675048828,56.89116287231445
images/ISPY2_125418/ISPY2_125418_0004.nii.gz,52.83248519897461,67.49947357177734
images/ISPY2_125418/ISPY2_125418_0005.nii.gz,53.142578125,68.33863067626953
images/ISPY2_125418/ISPY2_125418_0003.nii.gz,51.81644058227539,65.65218353271484
images/ISPY2_125418/ISPY2_125418_0002.nii.gz,50.99536895751953,64.07677459716797
images/ISPY2_127675/ISPY2_127675_0005.nii.gz,374.1659851074219,456.5314636230469
images/ISPY2_127675/ISPY2_127675_0002.nii.gz,345.5843811035156,413.6623229980469
images/ISPY2_127675/ISPY2_127675_0003.nii.gz,355.90740966796875,430.4024963378906
images/ISPY2_127675/ISPY2_127675_0001.nii.gz,306.4554748535156,366.9437255859375
images/ISPY2_127675/ISPY2_127675_0004.nii.gz,372.5496826171875,446.32843017578125
images/ISPY2_127791/ISPY2_127791_0001.nii.gz,508.79095458984375,462.0191650390625
images/ISPY2_127791/ISPY2_127791_0003.nii.gz,527.09130859375,421.1034851074219
images/ISPY2_127791/ISPY2_127791_0002.nii.gz,537.88232421875,448.0003356933594
images/ISPY2_127791/ISPY2_127791_0004.nii.gz,528.7050170898438,419.3702392578125
images/ISPY2_127791/ISPY2_127791_0005.nii.gz,521.6370849609375,404.64959716796875
images/ISPY2_128051/ISPY2_128051_0002.nii.gz,220.1211395263672,284.2564697265625
images/ISPY2_128051/ISPY2_128051_0005.nii.gz,232.6518096923828,297.3908386230469
images/ISPY2_128051/ISPY2_128051_0001.nii.gz,196.773193359375,239.8104705810547
images/ISPY2_128051/ISPY2_128051_0003.nii.gz,225.5646514892578,290.39434814453125
images/ISPY2_128051/ISPY2_128051_0004.nii.gz,228.55799865722656,293.9851379394531
images/ISPY2_128675/ISPY2_128675_0003.nii.gz,264.669677734375,259.7689514160156
images/ISPY2_128675/ISPY2_128675_0002.nii.gz,269.33013916015625,271.7383117675781
images/ISPY2_128675/ISPY2_128675_0004.nii.gz,269.637451171875,261.5714416503906
images/ISPY2_128675/ISPY2_128675_0005.nii.gz,275.9296569824219,264.086669921875
images/ISPY2_128675/ISPY2_128675_0001.nii.gz,261.2566223144531,281.4606018066406
images/ISPY2_129837/ISPY2_129837_0004.nii.gz,302.4861145019531,436.73822021484375
images/ISPY2_129837/ISPY2_129837_0001.nii.gz,241.2882080078125,350.59686279296875
images/ISPY2_129837/ISPY2_129837_0005.nii.gz,307.8456115722656,447.4717102050781
images/ISPY2_129837/ISPY2_129837_0002.nii.gz,276.3722839355469,400.76116943359375
images/ISPY2_129837/ISPY2_129837_0003.nii.gz,289.10272216796875,421.13800048828125
images/ISPY2_129973/ISPY2_129973_0002.nii.gz,44.79018020629883,53.94913101196289
images/ISPY2_129973/ISPY2_129973_0004.nii.gz,44.56117630004883,53.0569953918457
images/ISPY2_129973/ISPY2_129973_0005.nii.gz,43.90744400024414,52.03066635131836
images/ISPY2_129973/ISPY2_129973_0001.nii.gz,45.096717834472656,54.250301361083984
images/ISPY2_129973/ISPY2_129973_0003.nii.gz,44.494117736816406,52.726539611816406
images/ISPY2_130580/ISPY2_130580_0002.nii.gz,62.75464630126953,70.89326477050781
images/ISPY2_130580/ISPY2_130580_0004.nii.gz,64.3770980834961,75.21418762207031
images/ISPY2_130580/ISPY2_130580_0001.nii.gz,53.696022033691406,59.24409103393555
images/ISPY2_130580/ISPY2_130580_0005.nii.gz,65.11565399169922,75.6994400024414
images/ISPY2_130580/ISPY2_130580_0003.nii.gz,63.417537689208984,73.3045654296875
images/ISPY2_130892/ISPY2_130892_0003.nii.gz,72.6973648071289,81.48159790039062
images/ISPY2_130892/ISPY2_130892_0005.nii.gz,73.58332824707031,83.21493530273438
images/ISPY2_130892/ISPY2_130892_0004.nii.gz,72.3796615600586,82.2740478515625
images/ISPY2_130892/ISPY2_130892_0001.nii.gz,64.34711456298828,71.4443588256836
images/ISPY2_130892/ISPY2_130892_0002.nii.gz,71.4453353881836,79.38565063476562
images/ISPY2_131595/ISPY2_131595_0002.nii.gz,313.794677734375,380.3866271972656
images/ISPY2_131595/ISPY2_131595_0005.nii.gz,299.39703369140625,353.55670166015625
images/ISPY2_131595/ISPY2_131595_0003.nii.gz,307.9473876953125,372.2579040527344
images/ISPY2_131595/ISPY2_131595_0001.nii.gz,322.6784362792969,414.85125732421875
images/ISPY2_131595/ISPY2_131595_0004.nii.gz,301.5104064941406,360.2636413574219
images/ISPY2_131961/ISPY2_131961_0003.nii.gz,313.7891845703125,608.9818115234375
images/ISPY2_131961/ISPY2_131961_0004.nii.gz,320.8343811035156,625.1470336914062
images/ISPY2_131961/ISPY2_131961_0002.nii.gz,300.6676025390625,581.425048828125
images/ISPY2_131961/ISPY2_131961_0005.nii.gz,328.39288330078125,645.9658203125
images/ISPY2_131961/ISPY2_131961_0001.nii.gz,264.7906494140625,521.5934448242188
images/ISPY2_132463/ISPY2_132463_0002.nii.gz,446.7737121582031,512.3329467773438
images/ISPY2_132463/ISPY2_132463_0004.nii.gz,465.7602844238281,516.6665649414062
images/ISPY2_132463/ISPY2_132463_0005.nii.gz,454.396240234375,513.9786987304688
images/ISPY2_132463/ISPY2_132463_0003.nii.gz,448.2650146484375,506.35748291015625
images/ISPY2_132463/ISPY2_132463_0001.nii.gz,411.7536926269531,479.47314453125
images/ISPY2_133650/ISPY2_133650_0003.nii.gz,400.65826416015625,509.6928405761719
images/ISPY2_133650/ISPY2_133650_0005.nii.gz,398.3326721191406,506.551513671875
images/ISPY2_133650/ISPY2_133650_0001.nii.gz,356.0777893066406,450.4297790527344
images/ISPY2_133650/ISPY2_133650_0004.nii.gz,391.6175842285156,503.5058288574219
images/ISPY2_133650/ISPY2_133650_0002.nii.gz,380.3162841796875,487.35858154296875
images/ISPY2_134526/ISPY2_134526_0002.nii.gz,312.2114562988281,375.279052734375
images/ISPY2_134526/ISPY2_134526_0001.nii.gz,306.0635681152344,370.5437927246094
images/ISPY2_134526/ISPY2_134526_0003.nii.gz,325.88726806640625,390.512451171875
images/ISPY2_134526/ISPY2_134526_0005.nii.gz,343.576171875,408.9808349609375
images/ISPY2_134526/ISPY2_134526_0004.nii.gz,332.52520751953125,400.3287048339844
images/ISPY2_136536/ISPY2_136536_0002.nii.gz,718.02783203125,695.4385986328125
images/ISPY2_136536/ISPY2_136536_0005.nii.gz,714.2553100585938,663.3453979492188
images/ISPY2_136536/ISPY2_136536_0004.nii.gz,704.2510375976562,659.9815673828125
images/ISPY2_136536/ISPY2_136536_0001.nii.gz,689.7822265625,692.2617797851562
images/ISPY2_136536/ISPY2_136536_0003.nii.gz,724.99169921875,693.0449829101562
images/ISPY2_138027/ISPY2_138027_0002.nii.gz,387.67840576171875,543.870849609375
images/ISPY2_138027/ISPY2_138027_0004.nii.gz,411.8126525878906,572.2048950195312
images/ISPY2_138027/ISPY2_138027_0005.nii.gz,415.1402893066406,570.7310180664062
images/ISPY2_138027/ISPY2_138027_0003.nii.gz,397.56884765625,560.2918090820312
images/ISPY2_138027/ISPY2_138027_0001.nii.gz,346.134765625,494.2685852050781
images/ISPY2_138425/ISPY2_138425_0003.nii.gz,66.91813659667969,71.74380493164062
images/ISPY2_138425/ISPY2_138425_0001.nii.gz,61.649078369140625,67.16795349121094
images/ISPY2_138425/ISPY2_138425_0002.nii.gz,66.53925323486328,71.88800811767578
images/ISPY2_138425/ISPY2_138425_0004.nii.gz,66.2059555053711,71.03671264648438
images/ISPY2_138425/ISPY2_138425_0005.nii.gz,67.33539581298828,72.27788543701172
images/ISPY2_139137/ISPY2_139137_0005.nii.gz,191.21116638183594,211.95147705078125
images/ISPY2_139137/ISPY2_139137_0001.nii.gz,181.94052124023438,218.90109252929688
images/ISPY2_139137/ISPY2_139137_0004.nii.gz,192.9981689453125,215.36122131347656
images/ISPY2_139137/ISPY2_139137_0003.nii.gz,195.02755737304688,219.904541015625
images/ISPY2_139137/ISPY2_139137_0002.nii.gz,190.56744384765625,218.77903747558594
images/ISPY2_139771/ISPY2_139771_0002.nii.gz,498.18328857421875,637.1309814453125
images/ISPY2_139771/ISPY2_139771_0001.nii.gz,491.5152282714844,658.2138671875
images/ISPY2_139771/ISPY2_139771_0005.nii.gz,470.4776611328125,573.3040771484375
images/ISPY2_139771/ISPY2_139771_0003.nii.gz,480.6830749511719,597.1258544921875
images/ISPY2_139771/ISPY2_139771_0004.nii.gz,490.92095947265625,605.9304809570312
images/ISPY2_139973/ISPY2_139973_0005.nii.gz,594.7169799804688,615.9901123046875
images/ISPY2_139973/ISPY2_139973_0003.nii.gz,597.8946533203125,635.8172607421875
images/ISPY2_139973/ISPY2_139973_0001.nii.gz,558.1015625,621.8948364257812
images/ISPY2_139973/ISPY2_139973_0004.nii.gz,607.4931030273438,631.2781372070312
images/ISPY2_139973/ISPY2_139973_0002.nii.gz,575.6527099609375,617.1276245117188
images/ISPY2_141782/ISPY2_141782_0002.nii.gz,71.6006088256836,88.26596069335938
images/ISPY2_141782/ISPY2_141782_0003.nii.gz,73.58013153076172,90.40892791748047
images/ISPY2_141782/ISPY2_141782_0004.nii.gz,72.67496490478516,88.3576431274414
images/ISPY2_141782/ISPY2_141782_0001.nii.gz,65.90740966796875,79.48558044433594
images/ISPY2_141782/ISPY2_141782_0005.nii.gz,72.48059844970703,88.07998657226562
images/ISPY2_142688/ISPY2_142688_0004.nii.gz,53.649810791015625,55.75574493408203
images/ISPY2_142688/ISPY2_142688_0003.nii.gz,53.55157470703125,55.935447692871094
images/ISPY2_142688/ISPY2_142688_0002.nii.gz,55.69588088989258,60.294044494628906
images/ISPY2_142688/ISPY2_142688_0001.nii.gz,54.68224334716797,63.30440139770508
images/ISPY2_142688/ISPY2_142688_0005.nii.gz,54.203006744384766,55.87148666381836
images/ISPY2_144302/ISPY2_144302_0004.nii.gz,66.7768783569336,76.1710433959961
images/ISPY2_144302/ISPY2_144302_0002.nii.gz,66.76173400878906,76.69165802001953
images/ISPY2_144302/ISPY2_144302_0005.nii.gz,67.05722045898438,75.84636688232422
images/ISPY2_144302/ISPY2_144302_0001.nii.gz,58.404117584228516,66.13066101074219
images/ISPY2_144302/ISPY2_144302_0003.nii.gz,66.98521423339844,76.04466247558594
images/ISPY2_145513/ISPY2_145513_0005.nii.gz,69.19539642333984,78.19457244873047
images/ISPY2_145513/ISPY2_145513_0002.nii.gz,68.78365325927734,78.12533569335938
images/ISPY2_145513/ISPY2_145513_0004.nii.gz,69.19563293457031,78.11737823486328
images/ISPY2_145513/ISPY2_145513_0003.nii.gz,69.4211196899414,78.5117416381836
images/ISPY2_145513/ISPY2_145513_0001.nii.gz,64.30500793457031,71.81246948242188
images/ISPY2_145777/ISPY2_145777_0002.nii.gz,96.27006530761719,105.91664123535156
images/ISPY2_145777/ISPY2_145777_0001.nii.gz,85.7004165649414,92.10888671875
images/ISPY2_145777/ISPY2_145777_0005.nii.gz,98.46991729736328,110.98788452148438
images/ISPY2_145777/ISPY2_145777_0003.nii.gz,98.72454833984375,109.86675262451172
images/ISPY2_145777/ISPY2_145777_0004.nii.gz,98.03218078613281,109.68643951416016
images/ISPY2_146033/ISPY2_146033_0003.nii.gz,295.9825134277344,359.5538024902344
images/ISPY2_146033/ISPY2_146033_0001.nii.gz,289.0877990722656,395.2035827636719
images/ISPY2_146033/ISPY2_146033_0005.nii.gz,312.3670349121094,367.841064453125
images/ISPY2_146033/ISPY2_146033_0002.nii.gz,319.76922607421875,416.9364929199219
images/ISPY2_146033/ISPY2_146033_0004.nii.gz,320.51129150390625,390.1690673828125
images/ISPY2_146987/ISPY2_146987_0004.nii.gz,128.47706604003906,180.5981903076172
images/ISPY2_146987/ISPY2_146987_0002.nii.gz,127.85771179199219,188.7095947265625
images/ISPY2_146987/ISPY2_146987_0003.nii.gz,129.5288543701172,185.88580322265625
images/ISPY2_146987/ISPY2_146987_0005.nii.gz,125.97997283935547,172.55101013183594
images/ISPY2_146987/ISPY2_146987_0001.nii.gz,124.97773742675781,196.2957305908203
images/ISPY2_147139/ISPY2_147139_0002.nii.gz,398.2399597167969,541.2632446289062
images/ISPY2_147139/ISPY2_147139_0001.nii.gz,345.7694396972656,479.00982666015625
images/ISPY2_147139/ISPY2_147139_0004.nii.gz,432.21148681640625,583.3117065429688
images/ISPY2_147139/ISPY2_147139_0005.nii.gz,441.11236572265625,596.16650390625
images/ISPY2_147139/ISPY2_147139_0003.nii.gz,421.4200134277344,567.1217041015625
images/ISPY2_148357/ISPY2_148357_0004.nii.gz,269.08050537109375,337.0380859375
images/ISPY2_148357/ISPY2_148357_0003.nii.gz,269.98846435546875,336.9410095214844
images/ISPY2_148357/ISPY2_148357_0005.nii.gz,266.0531311035156,328.8598937988281
images/ISPY2_148357/ISPY2_148357_0001.nii.gz,271.1512756347656,358.2822265625
images/ISPY2_148357/ISPY2_148357_0002.nii.gz,274.357421875,346.4024658203125
images/ISPY2_149654/ISPY2_149654_0003.nii.gz,62.65127182006836,70.02664947509766
images/ISPY2_149654/ISPY2_149654_0002.nii.gz,62.10622787475586,70.73454284667969
images/ISPY2_149654/ISPY2_149654_0005.nii.gz,62.37935256958008,68.31471252441406
images/ISPY2_149654/ISPY2_149654_0001.nii.gz,57.3339729309082,66.38034057617188
images/ISPY2_149654/ISPY2_149654_0004.nii.gz,62.66221237182617,69.08609008789062
images/ISPY2_150547/ISPY2_150547_0001.nii.gz,60.695404052734375,93.53071594238281
images/ISPY2_150547/ISPY2_150547_0005.nii.gz,74.27230834960938,111.95685577392578
images/ISPY2_150547/ISPY2_150547_0003.nii.gz,71.76460266113281,109.17628479003906
images/ISPY2_150547/ISPY2_150547_0004.nii.gz,73.64344024658203,111.19062805175781
images/ISPY2_150547/ISPY2_150547_0002.nii.gz,69.12596130371094,105.8238525390625
images/ISPY2_151230/ISPY2_151230_0005.nii.gz,81.10107421875,87.45736694335938
images/ISPY2_151230/ISPY2_151230_0001.nii.gz,79.59454345703125,87.7793960571289
images/ISPY2_151230/ISPY2_151230_0004.nii.gz,82.17488861083984,89.13351440429688
images/ISPY2_151230/ISPY2_151230_0003.nii.gz,81.76128387451172,89.20325469970703
images/ISPY2_151230/ISPY2_151230_0002.nii.gz,81.945556640625,91.14215087890625
images/ISPY2_151481/ISPY2_151481_0003.nii.gz,66.95221710205078,95.96391296386719
images/ISPY2_151481/ISPY2_151481_0004.nii.gz,65.94556427001953,94.82997131347656
images/ISPY2_151481/ISPY2_151481_0002.nii.gz,67.62234497070312,96.77022552490234
images/ISPY2_151481/ISPY2_151481_0001.nii.gz,68.93409729003906,98.62583923339844
images/ISPY2_151980/ISPY2_151980_0004.nii.gz,47.63930892944336,83.52239227294922
images/ISPY2_151980/ISPY2_151980_0003.nii.gz,46.98127746582031,81.65967559814453
images/ISPY2_151980/ISPY2_151980_0002.nii.gz,46.5160026550293,79.1286392211914
images/ISPY2_151980/ISPY2_151980_0005.nii.gz,47.318294525146484,84.60796356201172
images/ISPY2_151980/ISPY2_151980_0001.nii.gz,43.2469596862793,70.22569274902344
images/ISPY2_152090/ISPY2_152090_0005.nii.gz,533.6389770507812,611.7305908203125
images/ISPY2_152090/ISPY2_152090_0002.nii.gz,531.5995483398438,642.7761840820312
images/ISPY2_152090/ISPY2_152090_0003.nii.gz,530.6666870117188,622.3965454101562
images/ISPY2_152090/ISPY2_152090_0004.nii.gz,529.0706176757812,611.8518676757812
images/ISPY2_152090/ISPY2_152090_0001.nii.gz,516.9246826171875,656.065673828125
images/ISPY2_152197/ISPY2_152197_0003.nii.gz,255.45790100097656,326.8485412597656
images/ISPY2_152197/ISPY2_152197_0005.nii.gz,274.8857116699219,338.4256896972656
images/ISPY2_152197/ISPY2_152197_0002.nii.gz,242.2519073486328,316.0780334472656
images/ISPY2_152197/ISPY2_152197_0004.nii.gz,255.79205322265625,331.1878967285156
images/ISPY2_152197/ISPY2_152197_0001.nii.gz,210.52261352539062,280.8573303222656
images/ISPY2_153327/ISPY2_153327_0002.nii.gz,20.8764705657959,25.791812896728516
images/ISPY2_153327/ISPY2_153327_0003.nii.gz,21.19930076599121,26.313613891601562
images/ISPY2_153327/ISPY2_153327_0001.nii.gz,18.78697395324707,24.148073196411133
images/ISPY2_153327/ISPY2_153327_0005.nii.gz,22.432100296020508,27.5058650970459
images/ISPY2_153327/ISPY2_153327_0004.nii.gz,22.37042808532715,27.30694007873535
images/ISPY2_153880/ISPY2_153880_0002.nii.gz,37.5963134765625,47.93865966796875
images/ISPY2_153880/ISPY2_153880_0005.nii.gz,41.52125549316406,52.561920166015625
images/ISPY2_153880/ISPY2_153880_0001.nii.gz,32.56688690185547,41.68324661254883
images/ISPY2_153880/ISPY2_153880_0003.nii.gz,39.460479736328125,49.92530059814453
images/ISPY2_153880/ISPY2_153880_0004.nii.gz,40.86404800415039,51.625518798828125
images/ISPY2_154293/ISPY2_154293_0005.nii.gz,193.66542053222656,218.13746643066406
images/ISPY2_154293/ISPY2_154293_0001.nii.gz,169.74822998046875,190.9565887451172
images/ISPY2_154293/ISPY2_154293_0003.nii.gz,188.50265502929688,215.00631713867188
images/ISPY2_154293/ISPY2_154293_0002.nii.gz,185.54464721679688,210.54751586914062
images/ISPY2_154293/ISPY2_154293_0004.nii.gz,189.01095581054688,217.8419189453125
images/ISPY2_155171/ISPY2_155171_0005.nii.gz,590.0379638671875,684.3681640625
images/ISPY2_155171/ISPY2_155171_0003.nii.gz,584.7503051757812,688.8941040039062
images/ISPY2_155171/ISPY2_155171_0001.nii.gz,558.519775390625,694.3705444335938
images/ISPY2_155171/ISPY2_155171_0002.nii.gz,581.281494140625,697.8805541992188
images/ISPY2_155171/ISPY2_155171_0004.nii.gz,583.7890625,683.3428344726562
images/ISPY2_156163/ISPY2_156163_0004.nii.gz,167.9820098876953,188.1923065185547
images/ISPY2_156163/ISPY2_156163_0001.nii.gz,158.81219482421875,194.68386840820312
images/ISPY2_156163/ISPY2_156163_0002.nii.gz,172.41766357421875,202.15298461914062
images/ISPY2_156163/ISPY2_156163_0003.nii.gz,171.33729553222656,196.67111206054688
images/ISPY2_156163/ISPY2_156163_0005.nii.gz,168.9712371826172,187.83291625976562
images/ISPY2_157270/ISPY2_157270_0005.nii.gz,111.67036437988281,127.47157287597656
images/ISPY2_157270/ISPY2_157270_0003.nii.gz,112.66392517089844,124.8459243774414
images/ISPY2_157270/ISPY2_157270_0001.nii.gz,109.09239196777344,115.53995513916016
images/ISPY2_157270/ISPY2_157270_0002.nii.gz,111.70812225341797,123.39093780517578
images/ISPY2_157270/ISPY2_157270_0004.nii.gz,110.84249114990234,126.3124008178711
images/ISPY2_157463/ISPY2_157463_0001.nii.gz,154.61753845214844,157.03916931152344
images/ISPY2_157463/ISPY2_157463_0004.nii.gz,154.44003295898438,141.7825469970703
images/ISPY2_157463/ISPY2_157463_0003.nii.gz,152.57852172851562,141.08290100097656
images/ISPY2_157463/ISPY2_157463_0005.nii.gz,154.28187561035156,140.3862762451172
images/ISPY2_157463/ISPY2_157463_0002.nii.gz,153.41311645507812,146.71185302734375
images/ISPY2_159284/ISPY2_159284_0005.nii.gz,104.6050796508789,131.16693115234375
images/ISPY2_159284/ISPY2_159284_0002.nii.gz,99.31420135498047,122.46306610107422
images/ISPY2_159284/ISPY2_159284_0004.nii.gz,104.95216369628906,129.55953979492188
images/ISPY2_159284/ISPY2_159284_0001.nii.gz,90.70122528076172,112.84929656982422
images/ISPY2_159284/ISPY2_159284_0003.nii.gz,102.53882598876953,127.0882797241211
images/ISPY2_159352/ISPY2_159352_0002.nii.gz,70.50045776367188,93.81729888916016
images/ISPY2_159352/ISPY2_159352_0005.nii.gz,70.34162902832031,95.18994903564453
images/ISPY2_159352/ISPY2_159352_0004.nii.gz,70.48143768310547,94.69278717041016
images/ISPY2_159352/ISPY2_159352_0003.nii.gz,71.00001525878906,95.04721069335938
images/ISPY2_159352/ISPY2_159352_0001.nii.gz,67.12259674072266,88.04074096679688
images/ISPY2_160120/ISPY2_160120_0003.nii.gz,79.63047790527344,90.07990264892578
images/ISPY2_160120/ISPY2_160120_0001.nii.gz,70.1220474243164,83.47916412353516
images/ISPY2_160120/ISPY2_160120_0005.nii.gz,81.8418960571289,91.03474426269531
images/ISPY2_160120/ISPY2_160120_0004.nii.gz,79.09065246582031,89.15553283691406
images/ISPY2_160120/ISPY2_160120_0002.nii.gz,77.23271179199219,90.70020294189453
images/ISPY2_162562/ISPY2_162562_0005.nii.gz,113.68341064453125,147.35447692871094
images/ISPY2_162562/ISPY2_162562_0001.nii.gz,109.63345336914062,169.8575897216797
images/ISPY2_162562/ISPY2_162562_0003.nii.gz,112.57032775878906,150.230224609375
images/ISPY2_162562/ISPY2_162562_0002.nii.gz,114.78994750976562,159.2091522216797
images/ISPY2_162562/ISPY2_162562_0004.nii.gz,114.05886840820312,148.1457061767578
images/ISPY2_164468/ISPY2_164468_0004.nii.gz,290.75921630859375,270.84100341796875
images/ISPY2_164468/ISPY2_164468_0001.nii.gz,252.5009002685547,240.70079040527344
images/ISPY2_164468/ISPY2_164468_0003.nii.gz,279.57476806640625,262.61138916015625
images/ISPY2_164468/ISPY2_164468_0005.nii.gz,300.4248962402344,274.30865478515625
images/ISPY2_164468/ISPY2_164468_0002.nii.gz,269.7340393066406,253.68186950683594
images/ISPY2_165925/ISPY2_165925_0003.nii.gz,260.280029296875,247.530517578125
images/ISPY2_165925/ISPY2_165925_0004.nii.gz,270.53668212890625,252.260498046875
images/ISPY2_165925/ISPY2_165925_0001.nii.gz,257.41864013671875,255.62904357910156
images/ISPY2_165925/ISPY2_165925_0005.nii.gz,269.2733459472656,249.71336364746094
images/ISPY2_165925/ISPY2_165925_0002.nii.gz,263.27294921875,254.26275634765625
images/ISPY2_166412/ISPY2_166412_0004.nii.gz,553.7296142578125,638.4058227539062
images/ISPY2_166412/ISPY2_166412_0003.nii.gz,572.28662109375,678.3861694335938
images/ISPY2_166412/ISPY2_166412_0005.nii.gz,544.6171264648438,636.6099243164062
images/ISPY2_166412/ISPY2_166412_0002.nii.gz,585.0474853515625,696.5147705078125
images/ISPY2_166412/ISPY2_166412_0001.nii.gz,560.0997924804688,677.9240112304688
images/ISPY2_166782/ISPY2_166782_0001.nii.gz,189.25119018554688,265.6893310546875
images/ISPY2_166782/ISPY2_166782_0005.nii.gz,187.0062713623047,231.1168670654297
images/ISPY2_166782/ISPY2_166782_0003.nii.gz,192.23231506347656,246.27325439453125
images/ISPY2_166782/ISPY2_166782_0004.nii.gz,189.96531677246094,241.05992126464844
images/ISPY2_166782/ISPY2_166782_0002.nii.gz,192.98789978027344,256.0030517578125
images/ISPY2_167271/ISPY2_167271_0004.nii.gz,284.6806945800781,285.1523742675781
images/ISPY2_167271/ISPY2_167271_0005.nii.gz,271.6123352050781,265.71868896484375
images/ISPY2_167271/ISPY2_167271_0001.nii.gz,259.4661865234375,264.4584655761719
images/ISPY2_167271/ISPY2_167271_0003.nii.gz,263.02880859375,256.25872802734375
images/ISPY2_167271/ISPY2_167271_0002.nii.gz,271.48486328125,274.3078918457031
images/ISPY2_168044/ISPY2_168044_0004.nii.gz,164.59776306152344,178.32769775390625
images/ISPY2_168044/ISPY2_168044_0003.nii.gz,162.91812133789062,180.27999877929688
images/ISPY2_168044/ISPY2_168044_0005.nii.gz,163.43655395507812,175.27162170410156
images/ISPY2_168044/ISPY2_168044_0001.nii.gz,165.1793212890625,203.0437469482422
images/ISPY2_168044/ISPY2_168044_0002.nii.gz,158.6600341796875,179.55690002441406
images/ISPY2_169536/ISPY2_169536_0001.nii.gz,24.605955123901367,39.28077697753906
images/ISPY2_169536/ISPY2_169536_0004.nii.gz,26.214414596557617,41.66273880004883
images/ISPY2_169536/ISPY2_169536_0005.nii.gz,26.563554763793945,42.40292739868164
images/ISPY2_169536/ISPY2_169536_0003.nii.gz,25.585857391357422,40.53125
images/ISPY2_169536/ISPY2_169536_0002.nii.gz,25.313350677490234,40.5301628112793
images/ISPY2_169918/ISPY2_169918_0002.nii.gz,321.45306396484375,334.1940612792969
images/ISPY2_169918/ISPY2_169918_0001.nii.gz,269.80438232421875,275.3509826660156
images/ISPY2_169918/ISPY2_169918_0005.nii.gz,315.3580322265625,325.3526611328125
images/ISPY2_169918/ISPY2_169918_0004.nii.gz,313.12481689453125,321.47528076171875
images/ISPY2_169918/ISPY2_169918_0003.nii.gz,323.6700439453125,338.06414794921875
images/ISPY2_172168/ISPY2_172168_0002.nii.gz,54.9116096496582,95.18052673339844
images/ISPY2_172168/ISPY2_172168_0004.nii.gz,55.54167175292969,97.8265380859375
images/ISPY2_172168/ISPY2_172168_0003.nii.gz,56.059600830078125,97.79496765136719
images/ISPY2_172168/ISPY2_172168_0001.nii.gz,54.950653076171875,91.90393829345703
images/ISPY2_172168/ISPY2_172168_0005.nii.gz,56.0071907043457,99.37399291992188
images/ISPY2_172283/ISPY2_172283_0005.nii.gz,38.48833465576172,46.282569885253906
images/ISPY2_172283/ISPY2_172283_0001.nii.gz,37.798099517822266,45.91208267211914
images/ISPY2_172283/ISPY2_172283_0003.nii.gz,39.40797805786133,47.422996520996094
images/ISPY2_172283/ISPY2_172283_0004.nii.gz,39.05503463745117,46.79377746582031
images/ISPY2_172283/ISPY2_172283_0002.nii.gz,39.80448913574219,49.030609130859375
images/ISPY2_172366/ISPY2_172366_0005.nii.gz,75.2587661743164,111.54369354248047
images/ISPY2_172366/ISPY2_172366_0001.nii.gz,70.90425872802734,122.58102416992188
images/ISPY2_172366/ISPY2_172366_0002.nii.gz,72.88052368164062,117.3599624633789
images/ISPY2_172366/ISPY2_172366_0003.nii.gz,75.5374755859375,116.467529296875
images/ISPY2_172366/ISPY2_172366_0004.nii.gz,75.95065307617188,115.13275146484375
images/ISPY2_174903/ISPY2_174903_0005.nii.gz,188.11410522460938,248.40646362304688
images/ISPY2_174903/ISPY2_174903_0001.nii.gz,141.13706970214844,183.033447265625
images/ISPY2_174903/ISPY2_174903_0003.nii.gz,175.37535095214844,230.50048828125
images/ISPY2_174903/ISPY2_174903_0002.nii.gz,154.78001403808594,204.41168212890625
images/ISPY2_174903/ISPY2_174903_0004.nii.gz,182.6090087890625,237.11167907714844
images/ISPY2_174904/ISPY2_174904_0004.nii.gz,125.99616241455078,161.36996459960938
images/ISPY2_174904/ISPY2_174904_0003.nii.gz,124.29874420166016,155.88711547851562
images/ISPY2_174904/ISPY2_174904_0001.nii.gz,116.61683654785156,131.0734100341797
images/ISPY2_174904/ISPY2_174904_0005.nii.gz,127.61241912841797,165.16075134277344
images/ISPY2_174904/ISPY2_174904_0002.nii.gz,122.68521881103516,148.81382751464844
images/ISPY2_177795/ISPY2_177795_0003.nii.gz,438.239501953125,537.236572265625
images/ISPY2_177795/ISPY2_177795_0005.nii.gz,426.6400146484375,484.4573059082031
images/ISPY2_177795/ISPY2_177795_0002.nii.gz,453.4632568359375,585.8932495117188
images/ISPY2_177795/ISPY2_177795_0004.nii.gz,425.9739685058594,491.3951416015625
images/ISPY2_177795/ISPY2_177795_0001.nii.gz,433.29730224609375,590.32763671875
images/ISPY2_178649/ISPY2_178649_0005.nii.gz,522.979248046875,567.4151000976562
images/ISPY2_178649/ISPY2_178649_0002.nii.gz,557.8197021484375,620.1939697265625
images/ISPY2_178649/ISPY2_178649_0004.nii.gz,524.2377319335938,566.138916015625
images/ISPY2_178649/ISPY2_178649_0003.nii.gz,548.4893188476562,602.3289184570312
images/ISPY2_178649/ISPY2_178649_0001.nii.gz,548.791015625,626.519775390625
images/ISPY2_178815/ISPY2_178815_0003.nii.gz,181.1772003173828,190.2670135498047
images/ISPY2_178815/ISPY2_178815_0002.nii.gz,183.35353088378906,195.1740264892578
images/ISPY2_178815/ISPY2_178815_0005.nii.gz,181.09434509277344,185.95509338378906
images/ISPY2_178815/ISPY2_178815_0004.nii.gz,178.91221618652344,183.49371337890625
images/ISPY2_178815/ISPY2_178815_0001.nii.gz,188.03997802734375,212.8687286376953
images/ISPY2_179369/ISPY2_179369_0004.nii.gz,198.61251831054688,219.970947265625
images/ISPY2_179369/ISPY2_179369_0001.nii.gz,191.82608032226562,226.25270080566406
images/ISPY2_179369/ISPY2_179369_0002.nii.gz,197.06057739257812,223.0349884033203
images/ISPY2_179369/ISPY2_179369_0003.nii.gz,200.13587951660156,223.328125
images/ISPY2_179369/ISPY2_179369_0005.nii.gz,196.73825073242188,215.2172088623047
images/ISPY2_179568/ISPY2_179568_0001.nii.gz,80.97081756591797,125.781494140625
images/ISPY2_179568/ISPY2_179568_0005.nii.gz,91.94841766357422,130.34971618652344
images/ISPY2_179568/ISPY2_179568_0002.nii.gz,89.58763885498047,132.31614685058594
images/ISPY2_179568/ISPY2_179568_0004.nii.gz,92.86443328857422,132.32066345214844
images/ISPY2_179568/ISPY2_179568_0003.nii.gz,90.28606414794922,131.0111541748047
images/ISPY2_180027/ISPY2_180027_0002.nii.gz,293.66973876953125,404.49560546875
images/ISPY2_180027/ISPY2_180027_0005.nii.gz,284.412353515625,384.14898681640625
images/ISPY2_180027/ISPY2_180027_0001.nii.gz,283.6031494140625,386.3185119628906
images/ISPY2_180027/ISPY2_180027_0003.nii.gz,288.6672058105469,394.15570068359375
images/ISPY2_180027/ISPY2_180027_0004.nii.gz,294.9589538574219,390.82171630859375
images/ISPY2_180663/ISPY2_180663_0001.nii.gz,52.110595703125,62.11850357055664
images/ISPY2_180663/ISPY2_180663_0003.nii.gz,54.20304489135742,68.48211669921875
images/ISPY2_180663/ISPY2_180663_0005.nii.gz,54.33517837524414,69.4099349975586
images/ISPY2_180663/ISPY2_180663_0002.nii.gz,53.651729583740234,67.29924774169922
images/ISPY2_180663/ISPY2_180663_0004.nii.gz,54.02647018432617,68.78441619873047
images/ISPY2_181442/ISPY2_181442_0003.nii.gz,301.2016296386719,624.1591796875
images/ISPY2_181442/ISPY2_181442_0001.nii.gz,255.82598876953125,562.0128173828125
images/ISPY2_181442/ISPY2_181442_0005.nii.gz,314.52349853515625,644.2850341796875
images/ISPY2_181442/ISPY2_181442_0004.nii.gz,309.3336181640625,634.4585571289062
images/ISPY2_181442/ISPY2_181442_0002.nii.gz,288.76092529296875,614.0615234375
images/ISPY2_181819/ISPY2_181819_0005.nii.gz,404.8729248046875,433.2209167480469
images/ISPY2_181819/ISPY2_181819_0003.nii.gz,396.87115478515625,442.1998291015625
images/ISPY2_181819/ISPY2_181819_0001.nii.gz,408.00457763671875,524.4707641601562
images/ISPY2_181819/ISPY2_181819_0004.nii.gz,409.7550048828125,451.8029479980469
images/ISPY2_181819/ISPY2_181819_0002.nii.gz,400.2067565917969,471.0950927734375
images/ISPY2_182346/ISPY2_182346_0004.nii.gz,27.482881546020508,45.36968994140625
images/ISPY2_182346/ISPY2_182346_0002.nii.gz,27.33957862854004,44.41202926635742
images/ISPY2_182346/ISPY2_182346_0001.nii.gz,24.4727840423584,38.768680572509766
images/ISPY2_182346/ISPY2_182346_0003.nii.gz,27.528179168701172,44.9637565612793
images/ISPY2_182346/ISPY2_182346_0005.nii.gz,27.645740509033203,45.82122802734375
images/ISPY2_183831/ISPY2_183831_0004.nii.gz,389.6933898925781,495.3489074707031
images/ISPY2_183831/ISPY2_183831_0001.nii.gz,354.22064208984375,471.5350341796875
images/ISPY2_183831/ISPY2_183831_0005.nii.gz,368.5726623535156,474.3812255859375
images/ISPY2_183831/ISPY2_183831_0002.nii.gz,365.0700378417969,482.63446044921875
images/ISPY2_183831/ISPY2_183831_0003.nii.gz,371.33978271484375,481.8080139160156
images/ISPY2_188091/ISPY2_188091_0004.nii.gz,79.24308776855469,101.63191986083984
images/ISPY2_188091/ISPY2_188091_0001.nii.gz,74.72777557373047,107.7266845703125
images/ISPY2_188091/ISPY2_188091_0003.nii.gz,78.42577362060547,102.37044525146484
images/ISPY2_188091/ISPY2_188091_0005.nii.gz,78.55767059326172,99.88180541992188
images/ISPY2_188091/ISPY2_188091_0002.nii.gz,79.71429443359375,108.64215087890625
images/ISPY2_188511/ISPY2_188511_0004.nii.gz,43.503868103027344,59.16139221191406
images/ISPY2_188511/ISPY2_188511_0003.nii.gz,43.04556655883789,58.205299377441406
images/ISPY2_188511/ISPY2_188511_0005.nii.gz,43.03734588623047,58.70612335205078
images/ISPY2_188511/ISPY2_188511_0002.nii.gz,42.82394027709961,57.49768829345703
images/ISPY2_188511/ISPY2_188511_0001.nii.gz,40.748619079589844,52.69654846191406
images/ISPY2_188700/ISPY2_188700_0002.nii.gz,539.5858154296875,447.1563720703125
images/ISPY2_188700/ISPY2_188700_0005.nii.gz,555.9273071289062,444.2108459472656
images/ISPY2_188700/ISPY2_188700_0003.nii.gz,554.5963134765625,451.5502014160156
images/ISPY2_188700/ISPY2_188700_0001.nii.gz,507.3143005371094,450.7000732421875
images/ISPY2_188700/ISPY2_188700_0004.nii.gz,544.9592895507812,443.8582763671875
images/ISPY2_190224/ISPY2_190224_0003.nii.gz,268.7815856933594,365.98577880859375
images/ISPY2_190224/ISPY2_190224_0004.nii.gz,276.2135314941406,372.3864440917969
images/ISPY2_190224/ISPY2_190224_0001.nii.gz,224.09217834472656,320.842041015625
images/ISPY2_190224/ISPY2_190224_0002.nii.gz,259.51763916015625,357.9921569824219
images/ISPY2_190224/ISPY2_190224_0005.nii.gz,285.0316162109375,379.8456726074219
images/ISPY2_192548/ISPY2_192548_0003.nii.gz,135.99208068847656,139.50694274902344
images/ISPY2_192548/ISPY2_192548_0002.nii.gz,130.95164489746094,133.9573211669922
images/ISPY2_192548/ISPY2_192548_0004.nii.gz,136.94326782226562,139.114501953125
images/ISPY2_192548/ISPY2_192548_0001.nii.gz,119.74497985839844,124.1946792602539
images/ISPY2_192548/ISPY2_192548_0005.nii.gz,139.79075622558594,141.5298309326172
images/ISPY2_194024/ISPY2_194024_0005.nii.gz,59.659095764160156,65.75240325927734
images/ISPY2_194024/ISPY2_194024_0002.nii.gz,56.16367721557617,63.23389434814453
images/ISPY2_194024/ISPY2_194024_0001.nii.gz,52.086124420166016,59.36924743652344
images/ISPY2_194024/ISPY2_194024_0003.nii.gz,58.09883499145508,64.457275390625
images/ISPY2_194024/ISPY2_194024_0004.nii.gz,58.163814544677734,64.3293685913086
images/ISPY2_196024/ISPY2_196024_0003.nii.gz,206.18130493164062,237.32936096191406
images/ISPY2_196024/ISPY2_196024_0005.nii.gz,200.32737731933594,230.03155517578125
images/ISPY2_196024/ISPY2_196024_0004.nii.gz,205.47962951660156,231.2938690185547
images/ISPY2_196024/ISPY2_196024_0002.nii.gz,201.5918426513672,236.17984008789062
images/ISPY2_196024/ISPY2_196024_0001.nii.gz,177.9722137451172,211.5074005126953
images/ISPY2_196064/ISPY2_196064_0005.nii.gz,310.37237548828125,335.08349609375
images/ISPY2_196064/ISPY2_196064_0003.nii.gz,305.4275207519531,332.8957214355469
images/ISPY2_196064/ISPY2_196064_0004.nii.gz,305.7769775390625,335.19232177734375
images/ISPY2_196064/ISPY2_196064_0002.nii.gz,308.9178771972656,353.7512512207031
images/ISPY2_196064/ISPY2_196064_0001.nii.gz,280.5586242675781,320.158447265625
images/ISPY2_197942/ISPY2_197942_0003.nii.gz,39.7633171081543,56.062721252441406
images/ISPY2_197942/ISPY2_197942_0001.nii.gz,35.274986267089844,46.66699981689453
images/ISPY2_197942/ISPY2_197942_0004.nii.gz,40.08808135986328,57.64537811279297
images/ISPY2_197942/ISPY2_197942_0005.nii.gz,40.543582916259766,58.4345817565918
images/ISPY2_197942/ISPY2_197942_0002.nii.gz,38.69933319091797,54.39176559448242
images/ISPY2_198891/ISPY2_198891_0001.nii.gz,236.2248992919922,300.38397216796875
images/ISPY2_198891/ISPY2_198891_0005.nii.gz,272.1860046386719,311.7812194824219
images/ISPY2_198891/ISPY2_198891_0002.nii.gz,253.25584411621094,306.50555419921875
images/ISPY2_198891/ISPY2_198891_0003.nii.gz,258.6900634765625,301.3782653808594
images/ISPY2_198891/ISPY2_198891_0004.nii.gz,264.42095947265625,306.08978271484375
images/ISPY2_199115/ISPY2_199115_0004.nii.gz,276.5016174316406,340.28021240234375
images/ISPY2_199115/ISPY2_199115_0003.nii.gz,268.076416015625,335.19635009765625
images/ISPY2_199115/ISPY2_199115_0001.nii.gz,217.6267547607422,302.6814880371094
images/ISPY2_199115/ISPY2_199115_0002.nii.gz,264.146484375,338.8620300292969
images/ISPY2_199115/ISPY2_199115_0005.nii.gz,277.4804382324219,342.77532958984375
images/ISPY2_199960/ISPY2_199960_0004.nii.gz,27.99346351623535,52.25904846191406
images/ISPY2_199960/ISPY2_199960_0001.nii.gz,26.056034088134766,46.88458251953125
images/ISPY2_199960/ISPY2_199960_0005.nii.gz,27.714075088500977,52.1444091796875
images/ISPY2_199960/ISPY2_199960_0003.nii.gz,28.01057243347168,52.14033126831055
images/ISPY2_199960/ISPY2_199960_0002.nii.gz,27.644784927368164,51.17782974243164
images/ISPY2_200222/ISPY2_200222_0002.nii.gz,329.4972839355469,473.8059387207031
images/ISPY2_200222/ISPY2_200222_0003.nii.gz,350.88238525390625,506.7646179199219
images/ISPY2_200222/ISPY2_200222_0001.nii.gz,283.44439697265625,395.0079040527344
images/ISPY2_200222/ISPY2_200222_0004.nii.gz,357.03961181640625,527.6297607421875
images/ISPY2_201831/ISPY2_201831_0005.nii.gz,447.8078918457031,489.13946533203125
images/ISPY2_201831/ISPY2_201831_0004.nii.gz,468.8045349121094,508.80853271484375
images/ISPY2_201831/ISPY2_201831_0003.nii.gz,453.7835388183594,498.1551208496094
images/ISPY2_201831/ISPY2_201831_0002.nii.gz,454.5538635253906,506.5584411621094
images/ISPY2_201831/ISPY2_201831_0001.nii.gz,445.2313232421875,511.4977111816406
images/ISPY2_201873/ISPY2_201873_0004.nii.gz,587.3766479492188,728.728515625
images/ISPY2_201873/ISPY2_201873_0005.nii.gz,603.9097900390625,751.7406616210938
images/ISPY2_201873/ISPY2_201873_0002.nii.gz,530.44970703125,661.0967407226562
images/ISPY2_201873/ISPY2_201873_0003.nii.gz,563.19482421875,700.2422485351562
images/ISPY2_201873/ISPY2_201873_0001.nii.gz,455.3959655761719,574.69287109375
images/ISPY2_202535/ISPY2_202535_0003.nii.gz,60.634830474853516,76.54122161865234
images/ISPY2_202535/ISPY2_202535_0002.nii.gz,57.80455017089844,73.81802368164062
images/ISPY2_202535/ISPY2_202535_0001.nii.gz,51.24742889404297,65.37991333007812
images/ISPY2_202535/ISPY2_202535_0004.nii.gz,58.974021911621094,75.3277359008789
images/ISPY2_202535/ISPY2_202535_0005.nii.gz,59.13996887207031,75.5831069946289
images/ISPY2_202539/ISPY2_202539_0003.nii.gz,340.67437744140625,447.7021179199219
images/ISPY2_202539/ISPY2_202539_0004.nii.gz,343.4151916503906,450.1140441894531
images/ISPY2_202539/ISPY2_202539_0005.nii.gz,335.677978515625,434.57696533203125
images/ISPY2_202539/ISPY2_202539_0001.nii.gz,326.9941711425781,447.9112243652344
images/ISPY2_202539/ISPY2_202539_0002.nii.gz,337.2789001464844,446.16650390625
images/ISPY2_202956/ISPY2_202956_0004.nii.gz,32.24422836303711,33.76791763305664
images/ISPY2_202956/ISPY2_202956_0001.nii.gz,29.647676467895508,29.96649932861328
images/ISPY2_202956/ISPY2_202956_0005.nii.gz,33.83597183227539,35.06845474243164
images/ISPY2_202956/ISPY2_202956_0003.nii.gz,31.813037872314453,33.1634635925293
images/ISPY2_202956/ISPY2_202956_0002.nii.gz,31.883127212524414,32.88996505737305
images/ISPY2_203060/ISPY2_203060_0004.nii.gz,319.98773193359375,394.9390869140625
images/ISPY2_203060/ISPY2_203060_0005.nii.gz,318.7194519042969,396.243896484375
images/ISPY2_203060/ISPY2_203060_0001.nii.gz,295.5095520019531,388.4559326171875
images/ISPY2_203060/ISPY2_203060_0003.nii.gz,315.20721435546875,391.7399597167969
images/ISPY2_203060/ISPY2_203060_0002.nii.gz,316.2742004394531,414.07354736328125
images/ISPY2_203254/ISPY2_203254_0001.nii.gz,615.4791870117188,748.82421875
images/ISPY2_203254/ISPY2_203254_0002.nii.gz,648.094482421875,784.9976806640625
images/ISPY2_203254/ISPY2_203254_0004.nii.gz,654.7573852539062,800.0818481445312
images/ISPY2_203254/ISPY2_203254_0005.nii.gz,651.7028198242188,804.1407470703125
images/ISPY2_203254/ISPY2_203254_0003.nii.gz,641.4414672851562,780.729248046875
images/ISPY2_204939/ISPY2_204939_0005.nii.gz,53.780540466308594,71.16703033447266
images/ISPY2_204939/ISPY2_204939_0004.nii.gz,54.76035690307617,73.86521911621094
images/ISPY2_204939/ISPY2_204939_0003.nii.gz,53.93116760253906,74.3758773803711
images/ISPY2_204939/ISPY2_204939_0001.nii.gz,44.310359954833984,63.414573669433594
images/ISPY2_204939/ISPY2_204939_0002.nii.gz,50.53108215332031,71.29788970947266
images/ISPY2_208265/ISPY2_208265_0005.nii.gz,70.83995056152344,85.88111114501953
images/ISPY2_208265/ISPY2_208265_0003.nii.gz,71.52589416503906,87.19710540771484
images/ISPY2_208265/ISPY2_208265_0002.nii.gz,73.06477355957031,90.73401641845703
images/ISPY2_208265/ISPY2_208265_0004.nii.gz,71.47686767578125,87.0716323852539
images/ISPY2_208265/ISPY2_208265_0001.nii.gz,73.71705627441406,93.33112335205078
images/ISPY2_208303/ISPY2_208303_0004.nii.gz,206.7666778564453,214.41099548339844
images/ISPY2_208303/ISPY2_208303_0001.nii.gz,204.01577758789062,224.113525390625
images/ISPY2_208303/ISPY2_208303_0002.nii.gz,210.69140625,223.00961303710938
images/ISPY2_208303/ISPY2_208303_0005.nii.gz,219.22402954101562,230.41038513183594
images/ISPY2_208303/ISPY2_208303_0003.nii.gz,207.11849975585938,220.29464721679688
images/ISPY2_208650/ISPY2_208650_0004.nii.gz,267.86553955078125,383.19525146484375
images/ISPY2_208650/ISPY2_208650_0005.nii.gz,269.23333740234375,385.8978271484375
images/ISPY2_208650/ISPY2_208650_0002.nii.gz,250.1832733154297,360.26727294921875
images/ISPY2_208650/ISPY2_208650_0003.nii.gz,260.72418212890625,374.41064453125
images/ISPY2_208650/ISPY2_208650_0001.nii.gz,221.89707946777344,316.0233154296875
images/ISPY2_209397/ISPY2_209397_0001.nii.gz,572.0028076171875,726.3809204101562
images/ISPY2_209397/ISPY2_209397_0002.nii.gz,587.7130737304688,682.4922485351562
images/ISPY2_209397/ISPY2_209397_0003.nii.gz,602.584716796875,692.9130249023438
images/ISPY2_209397/ISPY2_209397_0005.nii.gz,600.7503051757812,680.2564086914062
images/ISPY2_209397/ISPY2_209397_0004.nii.gz,605.3536376953125,690.7500610351562
images/ISPY2_209967/ISPY2_209967_0003.nii.gz,148.59349060058594,211.09243774414062
images/ISPY2_209967/ISPY2_209967_0002.nii.gz,141.75137329101562,205.30377197265625
images/ISPY2_209967/ISPY2_209967_0005.nii.gz,153.16006469726562,213.37164306640625
images/ISPY2_209967/ISPY2_209967_0001.nii.gz,131.6981201171875,193.94338989257812
images/ISPY2_209967/ISPY2_209967_0004.nii.gz,151.61883544921875,213.37464904785156
images/ISPY2_211408/ISPY2_211408_0003.nii.gz,363.665771484375,498.0256652832031
images/ISPY2_211408/ISPY2_211408_0005.nii.gz,349.3617248535156,461.69873046875
images/ISPY2_211408/ISPY2_211408_0001.nii.gz,343.8513488769531,491.756591796875
images/ISPY2_211408/ISPY2_211408_0004.nii.gz,352.7696838378906,478.7447509765625
images/ISPY2_211408/ISPY2_211408_0002.nii.gz,359.7041015625,496.6087951660156
images/ISPY2_212307/ISPY2_212307_0003.nii.gz,56.96549606323242,98.88717651367188
images/ISPY2_212307/ISPY2_212307_0005.nii.gz,58.1007194519043,103.67982482910156
images/ISPY2_212307/ISPY2_212307_0004.nii.gz,58.02480697631836,101.79468536376953
images/ISPY2_212307/ISPY2_212307_0002.nii.gz,56.24131774902344,94.81388854980469
images/ISPY2_212307/ISPY2_212307_0001.nii.gz,52.88457107543945,82.42304229736328
images/ISPY2_213328/ISPY2_213328_0002.nii.gz,26.378257751464844,36.178104400634766
images/ISPY2_213328/ISPY2_213328_0004.nii.gz,30.171852111816406,40.912384033203125
images/ISPY2_213328/ISPY2_213328_0005.nii.gz,30.57617950439453,41.712886810302734
images/ISPY2_213328/ISPY2_213328_0001.nii.gz,22.684131622314453,31.609161376953125
images/ISPY2_213328/ISPY2_213328_0003.nii.gz,28.668899536132812,39.04209899902344
images/ISPY2_213672/ISPY2_213672_0005.nii.gz,541.24658203125,450.4532165527344
images/ISPY2_213672/ISPY2_213672_0003.nii.gz,547.5079345703125,464.759521484375
images/ISPY2_213672/ISPY2_213672_0002.nii.gz,560.670166015625,503.2684326171875
images/ISPY2_213672/ISPY2_213672_0001.nii.gz,465.6882019042969,441.956787109375
images/ISPY2_213672/ISPY2_213672_0004.nii.gz,536.1841430664062,445.7354431152344
images/ISPY2_213913/ISPY2_213913_0001.nii.gz,319.4421691894531,492.0843811035156
images/ISPY2_213913/ISPY2_213913_0002.nii.gz,346.5143737792969,518.3907470703125
images/ISPY2_213913/ISPY2_213913_0003.nii.gz,349.9793395996094,520.7987670898438
images/ISPY2_213913/ISPY2_213913_0005.nii.gz,354.23388671875,530.4328002929688
images/ISPY2_213913/ISPY2_213913_0004.nii.gz,354.7833251953125,532.4859008789062
images/ISPY2_215932/ISPY2_215932_0003.nii.gz,367.18499755859375,452.7552490234375
images/ISPY2_215932/ISPY2_215932_0005.nii.gz,356.3506164550781,435.6863708496094
images/ISPY2_215932/ISPY2_215932_0002.nii.gz,361.5500183105469,455.75146484375
images/ISPY2_215932/ISPY2_215932_0004.nii.gz,357.37286376953125,436.95947265625
images/ISPY2_215932/ISPY2_215932_0001.nii.gz,354.74609375,451.5562438964844
images/ISPY2_218249/ISPY2_218249_0004.nii.gz,249.67137145996094,294.7245788574219
images/ISPY2_218249/ISPY2_218249_0001.nii.gz,207.57667541503906,255.6737060546875
images/ISPY2_218249/ISPY2_218249_0005.nii.gz,255.46424865722656,297.0442199707031
images/ISPY2_218249/ISPY2_218249_0002.nii.gz,242.17401123046875,292.5594787597656
images/ISPY2_218249/ISPY2_218249_0003.nii.gz,246.9908447265625,293.6824645996094
images/ISPY2_218503/ISPY2_218503_0001.nii.gz,277.5066223144531,261.96209716796875
images/ISPY2_218503/ISPY2_218503_0004.nii.gz,295.58221435546875,268.4261779785156
images/ISPY2_218503/ISPY2_218503_0002.nii.gz,284.25958251953125,265.8722229003906
images/ISPY2_218503/ISPY2_218503_0005.nii.gz,286.03448486328125,257.08203125
images/ISPY2_218503/ISPY2_218503_0003.nii.gz,286.84808349609375,260.6708679199219
images/ISPY2_219545/ISPY2_219545_0002.nii.gz,420.15875244140625,554.4620971679688
images/ISPY2_219545/ISPY2_219545_0003.nii.gz,440.9690856933594,574.1973266601562
images/ISPY2_219545/ISPY2_219545_0004.nii.gz,455.5557861328125,588.3394775390625
images/ISPY2_219545/ISPY2_219545_0001.nii.gz,367.6297607421875,498.8570251464844
images/ISPY2_219545/ISPY2_219545_0005.nii.gz,463.6134338378906,594.9323120117188
images/ISPY2_220471/ISPY2_220471_0002.nii.gz,68.40496826171875,100.21416473388672
images/ISPY2_220471/ISPY2_220471_0004.nii.gz,67.6204833984375,99.17012786865234
images/ISPY2_220471/ISPY2_220471_0003.nii.gz,67.95545196533203,99.814697265625
images/ISPY2_220471/ISPY2_220471_0005.nii.gz,67.77347564697266,99.7623062133789
images/ISPY2_220471/ISPY2_220471_0001.nii.gz,64.74842834472656,94.14219665527344
images/ISPY2_220664/ISPY2_220664_0002.nii.gz,434.2748107910156,468.9769592285156
images/ISPY2_220664/ISPY2_220664_0004.nii.gz,422.6620178222656,450.8666687011719
images/ISPY2_220664/ISPY2_220664_0001.nii.gz,432.17529296875,486.55426025390625
images/ISPY2_220664/ISPY2_220664_0003.nii.gz,430.57855224609375,461.250732421875
images/ISPY2_220664/ISPY2_220664_0005.nii.gz,422.1229553222656,450.2503662109375
images/ISPY2_220925/ISPY2_220925_0001.nii.gz,89.92932891845703,145.9772491455078
images/ISPY2_220925/ISPY2_220925_0002.nii.gz,95.99642944335938,147.62344360351562
images/ISPY2_220925/ISPY2_220925_0004.nii.gz,100.65469360351562,146.7561492919922
images/ISPY2_220925/ISPY2_220925_0005.nii.gz,101.05026245117188,145.5460968017578
images/ISPY2_220925/ISPY2_220925_0003.nii.gz,99.77054595947266,148.15185546875
images/ISPY2_221375/ISPY2_221375_0005.nii.gz,76.12490844726562,110.51366424560547
images/ISPY2_221375/ISPY2_221375_0003.nii.gz,71.27294921875,103.37207794189453
images/ISPY2_221375/ISPY2_221375_0004.nii.gz,73.8234634399414,107.1405029296875
images/ISPY2_221375/ISPY2_221375_0001.nii.gz,62.447174072265625,90.57350158691406
images/ISPY2_221375/ISPY2_221375_0002.nii.gz,68.18009948730469,98.98172760009766
images/ISPY2_221686/ISPY2_221686_0003.nii.gz,350.7957763671875,544.411865234375
images/ISPY2_221686/ISPY2_221686_0005.nii.gz,375.13446044921875,578.9384155273438
images/ISPY2_221686/ISPY2_221686_0001.nii.gz,285.7889404296875,441.761474609375
images/ISPY2_221686/ISPY2_221686_0004.nii.gz,362.3348693847656,564.00146484375
images/ISPY2_221686/ISPY2_221686_0002.nii.gz,328.60467529296875,515.8055419921875
images/ISPY2_222135/ISPY2_222135_0001.nii.gz,354.9400634765625,318.35406494140625
images/ISPY2_222135/ISPY2_222135_0005.nii.gz,448.9229431152344,431.9735412597656
images/ISPY2_222135/ISPY2_222135_0004.nii.gz,443.444091796875,420.7527770996094
images/ISPY2_222135/ISPY2_222135_0003.nii.gz,429.7938232421875,409.0787048339844
images/ISPY2_222135/ISPY2_222135_0002.nii.gz,414.8096618652344,389.6462097167969
images/ISPY2_223030/ISPY2_223030_0005.nii.gz,54.07506561279297,59.00737762451172
images/ISPY2_223030/ISPY2_223030_0004.nii.gz,55.24961853027344,60.9412727355957
images/ISPY2_223030/ISPY2_223030_0002.nii.gz,58.902923583984375,68.2002182006836
images/ISPY2_223030/ISPY2_223030_0003.nii.gz,57.53927993774414,63.98712921142578
images/ISPY2_223030/ISPY2_223030_0001.nii.gz,59.683380126953125,71.77281188964844
images/ISPY2_223526/ISPY2_223526_0001.nii.gz,168.94253540039062,211.95602416992188
images/ISPY2_223526/ISPY2_223526_0002.nii.gz,218.1682891845703,260.8444519042969
images/ISPY2_223526/ISPY2_223526_0003.nii.gz,231.9610137939453,277.96929931640625
images/ISPY2_223526/ISPY2_223526_0004.nii.gz,236.65745544433594,285.61578369140625
images/ISPY2_223526/ISPY2_223526_0005.nii.gz,245.1605987548828,295.4923095703125
images/ISPY2_225836/ISPY2_225836_0003.nii.gz,190.17678833007812,253.8105926513672
images/ISPY2_225836/ISPY2_225836_0002.nii.gz,181.75030517578125,246.94871520996094
images/ISPY2_225836/ISPY2_225836_0005.nii.gz,192.6098175048828,253.59194946289062
images/ISPY2_225836/ISPY2_225836_0001.nii.gz,159.54803466796875,226.8478546142578
images/ISPY2_225836/ISPY2_225836_0004.nii.gz,186.0833282470703,240.14938354492188
images/ISPY2_227055/ISPY2_227055_0004.nii.gz,518.7700805664062,619.2371215820312
images/ISPY2_227055/ISPY2_227055_0002.nii.gz,497.7541198730469,629.6860961914062
images/ISPY2_227055/ISPY2_227055_0001.nii.gz,469.0913391113281,647.2061767578125
images/ISPY2_227055/ISPY2_227055_0005.nii.gz,519.7328491210938,617.2968139648438
images/ISPY2_227055/ISPY2_227055_0003.nii.gz,513.0928344726562,627.6210327148438
images/ISPY2_227832/ISPY2_227832_0001.nii.gz,345.76202392578125,439.1340637207031
images/ISPY2_227832/ISPY2_227832_0004.nii.gz,401.63897705078125,516.2835083007812
images/ISPY2_227832/ISPY2_227832_0003.nii.gz,392.1810607910156,504.9020080566406
images/ISPY2_227832/ISPY2_227832_0002.nii.gz,385.2862243652344,489.9515686035156
images/ISPY2_227832/ISPY2_227832_0005.nii.gz,402.2410888671875,517.1991577148438
images/ISPY2_227881/ISPY2_227881_0002.nii.gz,296.3124694824219,296.4236755371094
images/ISPY2_227881/ISPY2_227881_0005.nii.gz,303.76708984375,290.5502624511719
images/ISPY2_227881/ISPY2_227881_0001.nii.gz,280.4678039550781,288.0693054199219
images/ISPY2_227881/ISPY2_227881_0004.nii.gz,308.5441589355469,297.0816955566406
images/ISPY2_227881/ISPY2_227881_0003.nii.gz,295.6989440917969,288.880615234375
images/ISPY2_228192/ISPY2_228192_0004.nii.gz,575.6700439453125,474.9986877441406
images/ISPY2_228192/ISPY2_228192_0005.nii.gz,566.122802734375,456.2321472167969
images/ISPY2_228192/ISPY2_228192_0002.nii.gz,581.029541015625,512.9290771484375
images/ISPY2_228192/ISPY2_228192_0003.nii.gz,579.923828125,494.1825256347656
images/ISPY2_228192/ISPY2_228192_0001.nii.gz,561.542236328125,550.3465576171875
images/ISPY2_228340/ISPY2_228340_0002.nii.gz,129.8316650390625,138.3488006591797
images/ISPY2_228340/ISPY2_228340_0004.nii.gz,129.47979736328125,131.97900390625
images/ISPY2_228340/ISPY2_228340_0001.nii.gz,122.88644409179688,142.48715209960938
images/ISPY2_228340/ISPY2_228340_0005.nii.gz,130.31564331054688,130.70953369140625
images/ISPY2_228340/ISPY2_228340_0003.nii.gz,126.81880950927734,131.59280395507812
images/ISPY2_229144/ISPY2_229144_0001.nii.gz,45.09392547607422,52.770225524902344
images/ISPY2_229144/ISPY2_229144_0004.nii.gz,44.37709045410156,52.0769157409668
images/ISPY2_229144/ISPY2_229144_0003.nii.gz,45.29732131958008,53.432369232177734
images/ISPY2_229144/ISPY2_229144_0002.nii.gz,45.76753616333008,55.16332244873047
images/ISPY2_229144/ISPY2_229144_0005.nii.gz,44.23003387451172,51.737422943115234
images/ISPY2_229328/ISPY2_229328_0001.nii.gz,333.9637756347656,381.1751708984375
images/ISPY2_229328/ISPY2_229328_0004.nii.gz,372.5507507324219,366.06683349609375
images/ISPY2_229328/ISPY2_229328_0005.nii.gz,382.36102294921875,369.3964538574219
images/ISPY2_229328/ISPY2_229328_0003.nii.gz,372.4457092285156,371.8590393066406
images/ISPY2_229328/ISPY2_229328_0002.nii.gz,368.34014892578125,381.37750244140625
images/ISPY2_229824/ISPY2_229824_0002.nii.gz,68.20097351074219,94.04756164550781
images/ISPY2_229824/ISPY2_229824_0005.nii.gz,68.34484100341797,97.10529327392578
images/ISPY2_229824/ISPY2_229824_0001.nii.gz,67.65001678466797,91.14503479003906
images/ISPY2_229824/ISPY2_229824_0004.nii.gz,68.28903198242188,96.26368713378906
images/ISPY2_229824/ISPY2_229824_0003.nii.gz,68.26091003417969,95.26995849609375
images/ISPY2_231633/ISPY2_231633_0005.nii.gz,119.78263854980469,146.4327850341797
images/ISPY2_231633/ISPY2_231633_0002.nii.gz,103.74037170410156,127.08260345458984
images/ISPY2_231633/ISPY2_231633_0001.nii.gz,86.7306900024414,106.1126480102539
images/ISPY2_231633/ISPY2_231633_0004.nii.gz,111.68951416015625,140.50196838378906
images/ISPY2_231633/ISPY2_231633_0003.nii.gz,106.56401062011719,134.42312622070312
images/ISPY2_233191/ISPY2_233191_0003.nii.gz,165.19581604003906,202.7479248046875
images/ISPY2_233191/ISPY2_233191_0002.nii.gz,166.2005615234375,208.02987670898438
images/ISPY2_233191/ISPY2_233191_0005.nii.gz,158.851806640625,188.96270751953125
images/ISPY2_233191/ISPY2_233191_0004.nii.gz,153.41195678710938,185.48611450195312
images/ISPY2_233191/ISPY2_233191_0001.nii.gz,151.39479064941406,194.70628356933594
images/ISPY2_233832/ISPY2_233832_0002.nii.gz,90.3021240234375,104.62779998779297
images/ISPY2_233832/ISPY2_233832_0001.nii.gz,83.11150360107422,97.16294860839844
images/ISPY2_233832/ISPY2_233832_0003.nii.gz,87.68592071533203,96.17914581298828
images/ISPY2_233832/ISPY2_233832_0004.nii.gz,90.06585693359375,98.89453125
images/ISPY2_233832/ISPY2_233832_0005.nii.gz,91.418212890625,102.03246307373047
images/ISPY2_233962/ISPY2_233962_0001.nii.gz,32.526466369628906,47.317996978759766
images/ISPY2_233962/ISPY2_233962_0003.nii.gz,33.564422607421875,48.73725891113281
images/ISPY2_233962/ISPY2_233962_0005.nii.gz,33.3850212097168,47.879180908203125
images/ISPY2_233962/ISPY2_233962_0002.nii.gz,33.937095642089844,49.980525970458984
images/ISPY2_233962/ISPY2_233962_0004.nii.gz,33.55366897583008,48.22550964355469
images/ISPY2_234272/ISPY2_234272_0002.nii.gz,113.58120727539062,147.8092498779297
images/ISPY2_234272/ISPY2_234272_0005.nii.gz,118.51441192626953,164.6053924560547
images/ISPY2_234272/ISPY2_234272_0003.nii.gz,114.8154296875,155.7906494140625
images/ISPY2_234272/ISPY2_234272_0001.nii.gz,98.4378890991211,127.49140167236328
images/ISPY2_234272/ISPY2_234272_0004.nii.gz,119.11937713623047,164.82029724121094
images/ISPY2_234723/ISPY2_234723_0003.nii.gz,530.5961303710938,394.0979919433594
images/ISPY2_234723/ISPY2_234723_0005.nii.gz,513.7921752929688,374.1599426269531
images/ISPY2_234723/ISPY2_234723_0004.nii.gz,529.2698364257812,386.15386962890625
images/ISPY2_234723/ISPY2_234723_0001.nii.gz,524.084716796875,425.8987121582031
images/ISPY2_234723/ISPY2_234723_0002.nii.gz,526.75927734375,403.9798889160156
images/ISPY2_235995/ISPY2_235995_0004.nii.gz,617.9517822265625,880.3756713867188
images/ISPY2_235995/ISPY2_235995_0005.nii.gz,634.669189453125,904.7293090820312
images/ISPY2_235995/ISPY2_235995_0002.nii.gz,575.8900756835938,794.5538940429688
images/ISPY2_235995/ISPY2_235995_0001.nii.gz,502.1835021972656,675.6580810546875
images/ISPY2_235995/ISPY2_235995_0003.nii.gz,603.2653198242188,844.147705078125
images/ISPY2_236470/ISPY2_236470_0002.nii.gz,63.91279983520508,99.0561294555664
images/ISPY2_236470/ISPY2_236470_0004.nii.gz,63.88905334472656,98.67718505859375
images/ISPY2_236470/ISPY2_236470_0005.nii.gz,63.70302963256836,98.56648254394531
images/ISPY2_236470/ISPY2_236470_0003.nii.gz,63.80643844604492,98.9211196899414
images/ISPY2_236470/ISPY2_236470_0001.nii.gz,63.07875442504883,97.52909088134766
images/ISPY2_237158/ISPY2_237158_0004.nii.gz,77.13341522216797,84.08586120605469
images/ISPY2_237158/ISPY2_237158_0003.nii.gz,77.45060729980469,84.22480773925781
images/ISPY2_237158/ISPY2_237158_0002.nii.gz,76.30157470703125,83.83413696289062
images/ISPY2_237158/ISPY2_237158_0001.nii.gz,68.06356048583984,73.07945251464844
images/ISPY2_237158/ISPY2_237158_0005.nii.gz,77.86396789550781,84.67314147949219
images/ISPY2_238790/ISPY2_238790_0004.nii.gz,109.65245056152344,150.60101318359375
images/ISPY2_238790/ISPY2_238790_0003.nii.gz,107.18253326416016,147.2440185546875
images/ISPY2_238790/ISPY2_238790_0002.nii.gz,103.86865997314453,142.62953186035156
images/ISPY2_238790/ISPY2_238790_0001.nii.gz,99.47614288330078,135.8305206298828
images/ISPY2_238790/ISPY2_238790_0005.nii.gz,111.93053436279297,153.4463653564453
images/ISPY2_239061/ISPY2_239061_0002.nii.gz,155.96499633789062,189.26898193359375
images/ISPY2_239061/ISPY2_239061_0003.nii.gz,163.24554443359375,195.3160858154297
images/ISPY2_239061/ISPY2_239061_0004.nii.gz,166.59686279296875,198.4259490966797
images/ISPY2_239061/ISPY2_239061_0001.nii.gz,143.03656005859375,175.34690856933594
images/ISPY2_239061/ISPY2_239061_0005.nii.gz,162.46775817871094,193.10861206054688
images/ISPY2_239910/ISPY2_239910_0002.nii.gz,391.0828552246094,652.962158203125
images/ISPY2_239910/ISPY2_239910_0003.nii.gz,410.9488830566406,679.0681762695312
images/ISPY2_239910/ISPY2_239910_0005.nii.gz,411.9700622558594,667.344970703125
images/ISPY2_239910/ISPY2_239910_0004.nii.gz,400.1727600097656,650.0647583007812
images/ISPY2_239910/ISPY2_239910_0001.nii.gz,376.3740234375,651.393310546875
images/ISPY2_240035/ISPY2_240035_0003.nii.gz,267.3265075683594,333.897216796875
images/ISPY2_240035/ISPY2_240035_0004.nii.gz,282.7118225097656,341.3981628417969
images/ISPY2_240035/ISPY2_240035_0002.nii.gz,260.2539978027344,326.85919189453125
images/ISPY2_240035/ISPY2_240035_0005.nii.gz,287.61859130859375,345.831787109375
images/ISPY2_240035/ISPY2_240035_0001.nii.gz,214.0196990966797,287.1432189941406
images/ISPY2_240432/ISPY2_240432_0003.nii.gz,219.71009826660156,212.5725555419922
images/ISPY2_240432/ISPY2_240432_0001.nii.gz,214.903564453125,220.7226104736328
images/ISPY2_240432/ISPY2_240432_0004.nii.gz,227.02740478515625,219.51133728027344
images/ISPY2_240432/ISPY2_240432_0002.nii.gz,212.29705810546875,208.19314575195312
images/ISPY2_240432/ISPY2_240432_0005.nii.gz,224.48345947265625,216.2002716064453
images/ISPY2_240957/ISPY2_240957_0003.nii.gz,188.27178955078125,210.56272888183594
images/ISPY2_240957/ISPY2_240957_0001.nii.gz,185.0412139892578,218.0305938720703
images/ISPY2_240957/ISPY2_240957_0004.nii.gz,188.0060272216797,207.83843994140625
images/ISPY2_240957/ISPY2_240957_0002.nii.gz,190.5717315673828,215.77940368652344
images/ISPY2_240957/ISPY2_240957_0005.nii.gz,187.72177124023438,205.7522735595703
images/ISPY2_241705/ISPY2_241705_0002.nii.gz,333.0520324707031,386.98370361328125
images/ISPY2_241705/ISPY2_241705_0003.nii.gz,341.1841735839844,382.45452880859375
images/ISPY2_241705/ISPY2_241705_0004.nii.gz,349.52001953125,379.9981689453125
images/ISPY2_241705/ISPY2_241705_0001.nii.gz,315.46234130859375,371.57305908203125
images/ISPY2_241705/ISPY2_241705_0005.nii.gz,353.97161865234375,385.6482849121094
images/ISPY2_241998/ISPY2_241998_0003.nii.gz,65.37153625488281,60.42926788330078
images/ISPY2_241998/ISPY2_241998_0005.nii.gz,64.03047943115234,58.55522537231445
images/ISPY2_241998/ISPY2_241998_0004.nii.gz,65.63085174560547,60.327327728271484
images/ISPY2_241998/ISPY2_241998_0001.nii.gz,65.28585815429688,61.32737350463867
images/ISPY2_241998/ISPY2_241998_0002.nii.gz,64.56221008300781,59.686180114746094
images/ISPY2_242370/ISPY2_242370_0005.nii.gz,295.7598876953125,319.455078125
images/ISPY2_242370/ISPY2_242370_0003.nii.gz,300.8427429199219,320.41143798828125
images/ISPY2_242370/ISPY2_242370_0001.nii.gz,285.9610595703125,301.5546569824219
images/ISPY2_242370/ISPY2_242370_0002.nii.gz,299.9443054199219,323.2019348144531
images/ISPY2_242370/ISPY2_242370_0004.nii.gz,290.9806823730469,312.02813720703125
images/ISPY2_243836/ISPY2_243836_0002.nii.gz,364.304443359375,565.6671142578125
images/ISPY2_243836/ISPY2_243836_0001.nii.gz,326.9064025878906,563.4246826171875
images/ISPY2_243836/ISPY2_243836_0004.nii.gz,390.8824768066406,566.0748901367188
images/ISPY2_243836/ISPY2_243836_0003.nii.gz,382.99212646484375,574.7412719726562
images/ISPY2_243836/ISPY2_243836_0005.nii.gz,391.9406433105469,564.919677734375
images/ISPY2_245655/ISPY2_245655_0002.nii.gz,45.35773468017578,66.2898941040039
images/ISPY2_245655/ISPY2_245655_0003.nii.gz,46.147666931152344,68.6424331665039
images/ISPY2_245655/ISPY2_245655_0001.nii.gz,43.309879302978516,60.06874084472656
images/ISPY2_245655/ISPY2_245655_0005.nii.gz,46.31020736694336,70.59752655029297
images/ISPY2_245655/ISPY2_245655_0004.nii.gz,45.731529235839844,69.43985748291016
images/ISPY2_246134/ISPY2_246134_0001.nii.gz,124.57801055908203,156.01565551757812
images/ISPY2_246134/ISPY2_246134_0004.nii.gz,140.78543090820312,174.24253845214844
images/ISPY2_246134/ISPY2_246134_0003.nii.gz,136.84274291992188,170.4178466796875
images/ISPY2_246134/ISPY2_246134_0005.nii.gz,144.93212890625,178.4912567138672
images/ISPY2_246134/ISPY2_246134_0002.nii.gz,132.43435668945312,165.9880828857422
images/ISPY2_247641/ISPY2_247641_0005.nii.gz,250.7096405029297,281.4787292480469
images/ISPY2_247641/ISPY2_247641_0004.nii.gz,251.52310180664062,288.51788330078125
images/ISPY2_247641/ISPY2_247641_0001.nii.gz,216.96047973632812,277.0448913574219
images/ISPY2_247641/ISPY2_247641_0003.nii.gz,269.9967956542969,311.1903991699219
images/ISPY2_247641/ISPY2_247641_0002.nii.gz,252.78550720214844,302.01031494140625
images/ISPY2_248255/ISPY2_248255_0001.nii.gz,412.19073486328125,507.541015625
images/ISPY2_248255/ISPY2_248255_0002.nii.gz,449.8250732421875,526.4133911132812
images/ISPY2_248255/ISPY2_248255_0005.nii.gz,460.9197998046875,514.94775390625
images/ISPY2_248255/ISPY2_248255_0004.nii.gz,476.3960876464844,531.6351928710938
images/ISPY2_248255/ISPY2_248255_0003.nii.gz,450.142578125,513.301025390625
images/ISPY2_250274/ISPY2_250274_0005.nii.gz,207.95074462890625,214.11585998535156
images/ISPY2_250274/ISPY2_250274_0001.nii.gz,182.44068908691406,212.6579132080078
images/ISPY2_250274/ISPY2_250274_0004.nii.gz,209.21978759765625,220.73500061035156
images/ISPY2_250274/ISPY2_250274_0003.nii.gz,204.66635131835938,218.63912963867188
images/ISPY2_250274/ISPY2_250274_0002.nii.gz,198.47830200195312,218.2577362060547
images/ISPY2_252748/ISPY2_252748_0003.nii.gz,63.670066833496094,106.32147979736328
images/ISPY2_252748/ISPY2_252748_0004.nii.gz,64.58380126953125,109.1103286743164
images/ISPY2_252748/ISPY2_252748_0001.nii.gz,59.0669059753418,91.80026245117188
images/ISPY2_252748/ISPY2_252748_0002.nii.gz,63.147132873535156,103.08185577392578
images/ISPY2_252748/ISPY2_252748_0005.nii.gz,64.72554016113281,111.1540298461914
images/ISPY2_253531/ISPY2_253531_0003.nii.gz,62.20218276977539,85.53600311279297
images/ISPY2_253531/ISPY2_253531_0001.nii.gz,62.04677963256836,86.01219177246094
images/ISPY2_253531/ISPY2_253531_0002.nii.gz,63.51652145385742,88.44723510742188
images/ISPY2_253531/ISPY2_253531_0005.nii.gz,61.137489318847656,83.24335479736328
images/ISPY2_253531/ISPY2_253531_0004.nii.gz,61.32525634765625,84.05902862548828
images/ISPY2_254060/ISPY2_254060_0005.nii.gz,441.03729248046875,438.1869812011719
images/ISPY2_254060/ISPY2_254060_0001.nii.gz,430.9187316894531,463.7309265136719
images/ISPY2_254060/ISPY2_254060_0003.nii.gz,429.1142883300781,430.1239929199219
images/ISPY2_254060/ISPY2_254060_0002.nii.gz,441.565673828125,457.864013671875
images/ISPY2_254060/ISPY2_254060_0004.nii.gz,437.2488708496094,435.8063659667969
images/ISPY2_254273/ISPY2_254273_0001.nii.gz,39.10072708129883,46.83707046508789
images/ISPY2_254273/ISPY2_254273_0005.nii.gz,41.64714050292969,50.495384216308594
images/ISPY2_254273/ISPY2_254273_0002.nii.gz,41.278743743896484,49.33099365234375
images/ISPY2_254273/ISPY2_254273_0003.nii.gz,41.5240364074707,49.90256118774414
images/ISPY2_254273/ISPY2_254273_0004.nii.gz,41.528465270996094,50.26891326904297
images/ISPY2_255078/ISPY2_255078_0002.nii.gz,31.090801239013672,42.95423889160156
images/ISPY2_255078/ISPY2_255078_0004.nii.gz,31.084779739379883,43.702816009521484
images/ISPY2_255078/ISPY2_255078_0005.nii.gz,31.477643966674805,44.371559143066406
images/ISPY2_255078/ISPY2_255078_0001.nii.gz,29.398193359375,40.31109619140625
images/ISPY2_255078/ISPY2_255078_0003.nii.gz,31.21356201171875,43.42022705078125
images/ISPY2_255388/ISPY2_255388_0004.nii.gz,58.01286697387695,80.23770904541016
images/ISPY2_255388/ISPY2_255388_0001.nii.gz,57.32699966430664,79.22693634033203
images/ISPY2_255388/ISPY2_255388_0005.nii.gz,57.309200286865234,79.52019500732422
images/ISPY2_255388/ISPY2_255388_0002.nii.gz,59.02743148803711,82.33855438232422
images/ISPY2_255388/ISPY2_255388_0003.nii.gz,58.59793472290039,81.44141387939453
images/ISPY2_255535/ISPY2_255535_0001.nii.gz,129.84640502929688,118.20624542236328
images/ISPY2_255535/ISPY2_255535_0002.nii.gz,129.43443298339844,128.13380432128906
images/ISPY2_255535/ISPY2_255535_0005.nii.gz,136.9163360595703,139.75457763671875
images/ISPY2_255535/ISPY2_255535_0003.nii.gz,134.75454711914062,134.05291748046875
images/ISPY2_255535/ISPY2_255535_0004.nii.gz,153.3800811767578,143.7749786376953
images/ISPY2_255577/ISPY2_255577_0003.nii.gz,48.1649284362793,55.57234191894531
images/ISPY2_255577/ISPY2_255577_0001.nii.gz,48.83218002319336,62.31928634643555
images/ISPY2_255577/ISPY2_255577_0004.nii.gz,48.54411315917969,55.3095703125
images/ISPY2_255577/ISPY2_255577_0002.nii.gz,49.02890396118164,58.03034591674805
images/ISPY2_255577/ISPY2_255577_0005.nii.gz,48.332584381103516,54.14706802368164
images/ISPY2_257735/ISPY2_257735_0002.nii.gz,467.85125732421875,562.8914794921875
images/ISPY2_257735/ISPY2_257735_0005.nii.gz,481.9771728515625,562.3595581054688
images/ISPY2_257735/ISPY2_257735_0004.nii.gz,480.9525451660156,561.8956909179688
images/ISPY2_257735/ISPY2_257735_0003.nii.gz,474.0395202636719,557.6287231445312
images/ISPY2_257735/ISPY2_257735_0001.nii.gz,446.0185241699219,555.3543090820312
images/ISPY2_259206/ISPY2_259206_0004.nii.gz,299.19049072265625,255.46351623535156
images/ISPY2_259206/ISPY2_259206_0002.nii.gz,287.1177673339844,245.4769287109375
images/ISPY2_259206/ISPY2_259206_0003.nii.gz,294.7323913574219,254.74244689941406
images/ISPY2_259206/ISPY2_259206_0005.nii.gz,299.6969299316406,259.2796325683594
images/ISPY2_259206/ISPY2_259206_0001.nii.gz,264.1195983886719,226.22999572753906
images/ISPY2_259899/ISPY2_259899_0002.nii.gz,652.6751098632812,605.73876953125
images/ISPY2_259899/ISPY2_259899_0001.nii.gz,538.3836669921875,489.918701171875
images/ISPY2_259899/ISPY2_259899_0003.nii.gz,630.0940551757812,564.1882934570312
images/ISPY2_259899/ISPY2_259899_0005.nii.gz,607.9027709960938,520.7173461914062
images/ISPY2_259899/ISPY2_259899_0004.nii.gz,616.776123046875,538.4093627929688
images/ISPY2_261304/ISPY2_261304_0003.nii.gz,170.28237915039062,222.1392364501953
images/ISPY2_261304/ISPY2_261304_0001.nii.gz,141.4971160888672,182.15155029296875
images/ISPY2_261304/ISPY2_261304_0004.nii.gz,174.7438201904297,232.0116729736328
images/ISPY2_261304/ISPY2_261304_0005.nii.gz,181.90560913085938,238.30026245117188
images/ISPY2_261304/ISPY2_261304_0002.nii.gz,162.14796447753906,212.1543426513672
images/ISPY2_262131/ISPY2_262131_0005.nii.gz,719.6073608398438,777.574462890625
images/ISPY2_262131/ISPY2_262131_0004.nii.gz,705.7723388671875,770.7826538085938
images/ISPY2_262131/ISPY2_262131_0003.nii.gz,694.2888793945312,763.6450805664062
images/ISPY2_262131/ISPY2_262131_0002.nii.gz,692.8961181640625,749.6519165039062
images/ISPY2_262131/ISPY2_262131_0001.nii.gz,640.707275390625,690.4732055664062
images/ISPY2_263143/ISPY2_263143_0001.nii.gz,324.32476806640625,323.7744140625
images/ISPY2_263143/ISPY2_263143_0005.nii.gz,356.1052551269531,348.1802062988281
images/ISPY2_263143/ISPY2_263143_0002.nii.gz,346.7239685058594,342.3591003417969
images/ISPY2_263143/ISPY2_263143_0004.nii.gz,344.30853271484375,340.899169921875
images/ISPY2_263143/ISPY2_263143_0003.nii.gz,352.8279724121094,350.3608703613281
images/ISPY2_264305/ISPY2_264305_0001.nii.gz,196.94076538085938,234.23080444335938
images/ISPY2_264305/ISPY2_264305_0004.nii.gz,262.8420104980469,323.11102294921875
images/ISPY2_264305/ISPY2_264305_0003.nii.gz,254.40097045898438,313.5619812011719
images/ISPY2_264305/ISPY2_264305_0002.nii.gz,239.79173278808594,297.06549072265625
images/ISPY2_264305/ISPY2_264305_0005.nii.gz,269.517333984375,332.3671875
images/ISPY2_264678/ISPY2_264678_0005.nii.gz,377.239501953125,491.8685607910156
images/ISPY2_264678/ISPY2_264678_0001.nii.gz,335.195068359375,481.9504699707031
images/ISPY2_264678/ISPY2_264678_0002.nii.gz,364.6154479980469,508.1283264160156
images/ISPY2_264678/ISPY2_264678_0004.nii.gz,372.76312255859375,495.0715637207031
images/ISPY2_264678/ISPY2_264678_0003.nii.gz,375.3638610839844,508.05413818359375
images/ISPY2_266509/ISPY2_266509_0003.nii.gz,270.92144775390625,263.43780517578125
images/ISPY2_266509/ISPY2_266509_0004.nii.gz,268.46209716796875,250.07687377929688
images/ISPY2_266509/ISPY2_266509_0002.nii.gz,281.87518310546875,280.3017883300781
images/ISPY2_266509/ISPY2_266509_0005.nii.gz,275.9912109375,258.6192321777344
images/ISPY2_266509/ISPY2_266509_0001.nii.gz,272.43548583984375,296.85076904296875
images/ISPY2_266840/ISPY2_266840_0003.nii.gz,185.3753662109375,229.70509338378906
images/ISPY2_266840/ISPY2_266840_0005.nii.gz,187.25843811035156,227.5150604248047
images/ISPY2_266840/ISPY2_266840_0004.nii.gz,185.24644470214844,227.9723663330078
images/ISPY2_266840/ISPY2_266840_0001.nii.gz,188.3702850341797,238.52748107910156
images/ISPY2_266840/ISPY2_266840_0002.nii.gz,193.5707244873047,240.75779724121094
images/ISPY2_267306/ISPY2_267306_0005.nii.gz,98.21981048583984,111.560546875
images/ISPY2_267306/ISPY2_267306_0002.nii.gz,92.89734649658203,103.36073303222656
images/ISPY2_267306/ISPY2_267306_0001.nii.gz,79.27281951904297,87.4351806640625
images/ISPY2_267306/ISPY2_267306_0004.nii.gz,97.38097381591797,109.87420654296875
images/ISPY2_267306/ISPY2_267306_0003.nii.gz,96.5555191040039,108.19686126708984
images/ISPY2_268937/ISPY2_268937_0004.nii.gz,297.8995056152344,334.8096923828125
images/ISPY2_268937/ISPY2_268937_0003.nii.gz,287.127197265625,323.1706848144531
images/ISPY2_268937/ISPY2_268937_0001.nii.gz,245.72515869140625,275.021240234375
images/ISPY2_268937/ISPY2_268937_0005.nii.gz,292.6674499511719,328.341064453125
images/ISPY2_268937/ISPY2_268937_0002.nii.gz,285.4761047363281,325.94830322265625
images/ISPY2_269899/ISPY2_269899_0001.nii.gz,389.9065246582031,546.0020141601562
images/ISPY2_269899/ISPY2_269899_0003.nii.gz,410.19549560546875,542.1190795898438
images/ISPY2_269899/ISPY2_269899_0002.nii.gz,404.12286376953125,542.0909423828125
images/ISPY2_269899/ISPY2_269899_0005.nii.gz,407.9898986816406,519.8670043945312
images/ISPY2_269899/ISPY2_269899_0004.nii.gz,402.3863525390625,522.4839477539062
images/ISPY2_273691/ISPY2_273691_0002.nii.gz,127.29244995117188,179.8341827392578
images/ISPY2_273691/ISPY2_273691_0001.nii.gz,121.41072845458984,185.92831420898438
images/ISPY2_273691/ISPY2_273691_0005.nii.gz,127.99507141113281,163.81719970703125
images/ISPY2_273691/ISPY2_273691_0004.nii.gz,128.46340942382812,167.91714477539062
images/ISPY2_273691/ISPY2_273691_0003.nii.gz,125.73750305175781,165.6680450439453
images/ISPY2_273745/ISPY2_273745_0003.nii.gz,152.73085021972656,203.1827392578125
images/ISPY2_273745/ISPY2_273745_0002.nii.gz,146.06906127929688,196.8933563232422
images/ISPY2_273745/ISPY2_273745_0005.nii.gz,160.8446807861328,216.3510284423828
images/ISPY2_273745/ISPY2_273745_0001.nii.gz,128.30767822265625,176.11532592773438
images/ISPY2_273745/ISPY2_273745_0004.nii.gz,159.33761596679688,213.8970489501953
images/ISPY2_275034/ISPY2_275034_0003.nii.gz,105.52082824707031,119.02147674560547
images/ISPY2_275034/ISPY2_275034_0001.nii.gz,86.55010986328125,98.49249267578125
images/ISPY2_275034/ISPY2_275034_0005.nii.gz,106.2584228515625,120.82819366455078
images/ISPY2_275034/ISPY2_275034_0002.nii.gz,100.84468841552734,115.6664810180664
images/ISPY2_275034/ISPY2_275034_0004.nii.gz,107.17022705078125,120.10198211669922
images/ISPY2_275626/ISPY2_275626_0001.nii.gz,128.54322814941406,161.00091552734375
images/ISPY2_275626/ISPY2_275626_0004.nii.gz,131.0300750732422,156.76315307617188
images/ISPY2_275626/ISPY2_275626_0002.nii.gz,129.46839904785156,157.03651428222656
images/ISPY2_275626/ISPY2_275626_0005.nii.gz,131.6481475830078,157.43321228027344
images/ISPY2_275626/ISPY2_275626_0003.nii.gz,132.19747924804688,159.71499633789062
images/ISPY2_277848/ISPY2_277848_0003.nii.gz,132.44485473632812,160.07720947265625
images/ISPY2_277848/ISPY2_277848_0004.nii.gz,130.20864868164062,154.75445556640625
images/ISPY2_277848/ISPY2_277848_0005.nii.gz,131.0559844970703,156.84129333496094
images/ISPY2_277848/ISPY2_277848_0001.nii.gz,135.7861328125,191.4586181640625
images/ISPY2_277848/ISPY2_277848_0002.nii.gz,133.63021850585938,168.41928100585938
images/ISPY2_277888/ISPY2_277888_0002.nii.gz,328.2769470214844,408.3853759765625
images/ISPY2_277888/ISPY2_277888_0004.nii.gz,353.8135986328125,441.6959228515625
images/ISPY2_277888/ISPY2_277888_0005.nii.gz,362.12677001953125,451.5243225097656
images/ISPY2_277888/ISPY2_277888_0001.nii.gz,283.3116455078125,350.7434997558594
images/ISPY2_277888/ISPY2_277888_0003.nii.gz,345.01885986328125,427.84197998046875
images/ISPY2_279902/ISPY2_279902_0003.nii.gz,159.81251525878906,167.2083282470703
images/ISPY2_279902/ISPY2_279902_0004.nii.gz,154.4685821533203,164.38751220703125
images/ISPY2_279902/ISPY2_279902_0002.nii.gz,150.60263061523438,158.8530731201172
images/ISPY2_279902/ISPY2_279902_0001.nii.gz,136.98524475097656,141.24490356445312
images/ISPY2_279902/ISPY2_279902_0005.nii.gz,168.92169189453125,175.33682250976562
images/ISPY2_280375/ISPY2_280375_0003.nii.gz,287.03448486328125,286.1846618652344
images/ISPY2_280375/ISPY2_280375_0001.nii.gz,272.1091613769531,280.2359313964844
images/ISPY2_280375/ISPY2_280375_0005.nii.gz,284.7132568359375,277.8978576660156
images/ISPY2_280375/ISPY2_280375_0002.nii.gz,283.9413757324219,288.3170166015625
images/ISPY2_280375/ISPY2_280375_0004.nii.gz,291.0518493652344,285.0753173828125
images/ISPY2_282082/ISPY2_282082_0003.nii.gz,77.93018341064453,104.22679138183594
images/ISPY2_282082/ISPY2_282082_0004.nii.gz,76.85198211669922,104.01344299316406
images/ISPY2_282082/ISPY2_282082_0005.nii.gz,77.09302520751953,104.86903381347656
images/ISPY2_282082/ISPY2_282082_0001.nii.gz,72.99910736083984,93.7847671508789
images/ISPY2_282082/ISPY2_282082_0002.nii.gz,75.21321868896484,99.20722198486328
images/ISPY2_282644/ISPY2_282644_0002.nii.gz,317.0244445800781,283.7890930175781
images/ISPY2_282644/ISPY2_282644_0001.nii.gz,301.9183349609375,273.1573486328125
images/ISPY2_282644/ISPY2_282644_0005.nii.gz,335.7169494628906,291.6703186035156
images/ISPY2_282644/ISPY2_282644_0004.nii.gz,333.2645263671875,290.79052734375
images/ISPY2_282644/ISPY2_282644_0003.nii.gz,328.887939453125,290.7230529785156
images/ISPY2_282777/ISPY2_282777_0002.nii.gz,60.6710090637207,72.27984619140625
images/ISPY2_282777/ISPY2_282777_0001.nii.gz,58.25947570800781,69.84477233886719
images/ISPY2_282777/ISPY2_282777_0004.nii.gz,59.8411865234375,68.69920349121094
images/ISPY2_282777/ISPY2_282777_0003.nii.gz,60.31483840942383,69.93268585205078
images/ISPY2_282777/ISPY2_282777_0005.nii.gz,59.237953186035156,67.83598327636719
images/ISPY2_283070/ISPY2_283070_0004.nii.gz,60.41902542114258,82.49710083007812
images/ISPY2_283070/ISPY2_283070_0002.nii.gz,61.193328857421875,81.98674011230469
images/ISPY2_283070/ISPY2_283070_0001.nii.gz,60.47622299194336,79.28644561767578
images/ISPY2_283070/ISPY2_283070_0003.nii.gz,60.6583366394043,81.80918884277344
images/ISPY2_283070/ISPY2_283070_0005.nii.gz,61.20956039428711,82.27642822265625
images/ISPY2_284355/ISPY2_284355_0001.nii.gz,265.2287292480469,289.02947998046875
images/ISPY2_284355/ISPY2_284355_0005.nii.gz,293.6835021972656,311.590576171875
images/ISPY2_284355/ISPY2_284355_0004.nii.gz,293.0376892089844,314.347900390625
images/ISPY2_284355/ISPY2_284355_0003.nii.gz,286.4106140136719,307.3074951171875
images/ISPY2_284355/ISPY2_284355_0002.nii.gz,277.1469421386719,301.15985107421875
images/ISPY2_284443/ISPY2_284443_0003.nii.gz,142.30616760253906,194.19212341308594
images/ISPY2_284443/ISPY2_284443_0005.nii.gz,139.83953857421875,185.01284790039062
images/ISPY2_284443/ISPY2_284443_0004.nii.gz,140.0973358154297,188.48788452148438
images/ISPY2_284443/ISPY2_284443_0002.nii.gz,139.83059692382812,197.34349060058594
images/ISPY2_284443/ISPY2_284443_0001.nii.gz,121.95902252197266,184.27630615234375
images/ISPY2_284593/ISPY2_284593_0005.nii.gz,339.36944580078125,400.32781982421875
images/ISPY2_284593/ISPY2_284593_0004.nii.gz,338.50762939453125,397.5120849609375
images/ISPY2_284593/ISPY2_284593_0003.nii.gz,338.3374328613281,396.4906311035156
images/ISPY2_284593/ISPY2_284593_0002.nii.gz,329.7431335449219,384.7969970703125
images/ISPY2_284593/ISPY2_284593_0001.nii.gz,316.9317626953125,383.1788024902344
images/ISPY2_285339/ISPY2_285339_0001.nii.gz,406.2578430175781,362.93817138671875
images/ISPY2_285339/ISPY2_285339_0005.nii.gz,408.2188415527344,302.97259521484375
images/ISPY2_285339/ISPY2_285339_0002.nii.gz,409.7092590332031,334.4462890625
images/ISPY2_285339/ISPY2_285339_0004.nii.gz,413.1103515625,312.767822265625
images/ISPY2_285339/ISPY2_285339_0003.nii.gz,408.4386901855469,318.1070861816406
images/ISPY2_286984/ISPY2_286984_0001.nii.gz,289.9394226074219,356.4057922363281
images/ISPY2_286984/ISPY2_286984_0005.nii.gz,356.5289306640625,408.49560546875
images/ISPY2_286984/ISPY2_286984_0002.nii.gz,325.4305419921875,388.1736755371094
images/ISPY2_286984/ISPY2_286984_0003.nii.gz,336.4367980957031,391.43280029296875
images/ISPY2_286984/ISPY2_286984_0004.nii.gz,351.0496826171875,407.21990966796875
images/ISPY2_287300/ISPY2_287300_0001.nii.gz,141.0661163330078,212.3259735107422
images/ISPY2_287300/ISPY2_287300_0002.nii.gz,140.9965362548828,188.27394104003906
images/ISPY2_287300/ISPY2_287300_0004.nii.gz,145.8110809326172,182.12017822265625
images/ISPY2_287300/ISPY2_287300_0005.nii.gz,143.4529266357422,177.94850158691406
images/ISPY2_287300/ISPY2_287300_0003.nii.gz,142.44720458984375,181.73236083984375
images/ISPY2_287961/ISPY2_287961_0004.nii.gz,445.5467834472656,582.2217407226562
images/ISPY2_287961/ISPY2_287961_0002.nii.gz,451.6322937011719,601.3270874023438
images/ISPY2_287961/ISPY2_287961_0003.nii.gz,444.4554443359375,580.2396850585938
images/ISPY2_287961/ISPY2_287961_0005.nii.gz,433.0072326660156,541.5841674804688
images/ISPY2_287961/ISPY2_287961_0001.nii.gz,459.72369384765625,638.2177734375
images/ISPY2_289107/ISPY2_289107_0005.nii.gz,316.4864196777344,448.90557861328125
images/ISPY2_289107/ISPY2_289107_0004.nii.gz,313.32122802734375,438.4402160644531
images/ISPY2_289107/ISPY2_289107_0003.nii.gz,301.2821960449219,437.558837890625
images/ISPY2_289107/ISPY2_289107_0002.nii.gz,295.79962158203125,428.17901611328125
images/ISPY2_289107/ISPY2_289107_0001.nii.gz,275.65130615234375,397.51019287109375
images/ISPY2_289420/ISPY2_289420_0005.nii.gz,171.044677734375,220.21299743652344
images/ISPY2_289420/ISPY2_289420_0001.nii.gz,165.92144775390625,245.91690063476562
images/ISPY2_289420/ISPY2_289420_0003.nii.gz,162.23573303222656,214.89060974121094
images/ISPY2_289420/ISPY2_289420_0004.nii.gz,178.09994506835938,226.97021484375
images/ISPY2_289420/ISPY2_289420_0002.nii.gz,170.22471618652344,232.87486267089844
images/ISPY2_290413/ISPY2_290413_0003.nii.gz,33.32054901123047,50.84248352050781
images/ISPY2_290413/ISPY2_290413_0005.nii.gz,32.39693832397461,49.055519104003906
images/ISPY2_290413/ISPY2_290413_0002.nii.gz,33.81510543823242,52.58803939819336
images/ISPY2_290413/ISPY2_290413_0004.nii.gz,32.82351303100586,49.70353698730469
images/ISPY2_290413/ISPY2_290413_0001.nii.gz,32.51774978637695,48.256744384765625
images/ISPY2_291515/ISPY2_291515_0002.nii.gz,128.83290100097656,158.0208282470703
images/ISPY2_291515/ISPY2_291515_0001.nii.gz,127.968505859375,165.3521728515625
images/ISPY2_291515/ISPY2_291515_0005.nii.gz,130.56321716308594,154.25979614257812
images/ISPY2_291515/ISPY2_291515_0004.nii.gz,129.1871337890625,153.24488830566406
images/ISPY2_291515/ISPY2_291515_0003.nii.gz,128.23033142089844,153.92507934570312
images/ISPY2_293142/ISPY2_293142_0005.nii.gz,407.3747253417969,583.0040283203125
images/ISPY2_293142/ISPY2_293142_0002.nii.gz,369.1063232421875,531.5726318359375
images/ISPY2_293142/ISPY2_293142_0003.nii.gz,391.3419494628906,555.3317260742188
images/ISPY2_293142/ISPY2_293142_0001.nii.gz,301.2958068847656,446.54534912109375
images/ISPY2_293142/ISPY2_293142_0004.nii.gz,397.0919494628906,565.5541381835938
images/ISPY2_294176/ISPY2_294176_0003.nii.gz,194.2659149169922,255.28562927246094
images/ISPY2_294176/ISPY2_294176_0001.nii.gz,175.6756591796875,209.1742706298828
images/ISPY2_294176/ISPY2_294176_0002.nii.gz,184.04466247558594,237.1606903076172
images/ISPY2_294176/ISPY2_294176_0004.nii.gz,190.90077209472656,257.5263977050781
images/ISPY2_294176/ISPY2_294176_0005.nii.gz,193.8964385986328,263.5338439941406
images/ISPY2_294265/ISPY2_294265_0004.nii.gz,275.3219909667969,346.0958251953125
images/ISPY2_294265/ISPY2_294265_0001.nii.gz,286.60028076171875,380.4180908203125
images/ISPY2_294265/ISPY2_294265_0003.nii.gz,282.1871337890625,356.37384033203125
images/ISPY2_294265/ISPY2_294265_0005.nii.gz,269.68609619140625,332.1057434082031
images/ISPY2_294265/ISPY2_294265_0002.nii.gz,279.2765197753906,357.77587890625
images/ISPY2_294739/ISPY2_294739_0003.nii.gz,100.29325866699219,116.1087875366211
images/ISPY2_294739/ISPY2_294739_0004.nii.gz,103.06077575683594,119.96699523925781
images/ISPY2_294739/ISPY2_294739_0002.nii.gz,96.16871643066406,110.1387939453125
images/ISPY2_294739/ISPY2_294739_0001.nii.gz,86.4297103881836,94.63961029052734
images/ISPY2_294739/ISPY2_294739_0005.nii.gz,105.7848892211914,122.97960662841797
images/ISPY2_296123/ISPY2_296123_0002.nii.gz,218.28590393066406,392.2914123535156
images/ISPY2_296123/ISPY2_296123_0005.nii.gz,236.69271850585938,411.2379150390625
images/ISPY2_296123/ISPY2_296123_0004.nii.gz,233.3770751953125,403.770263671875
images/ISPY2_296123/ISPY2_296123_0003.nii.gz,230.84408569335938,403.7339782714844
images/ISPY2_296123/ISPY2_296123_0001.nii.gz,187.88841247558594,346.5099792480469
images/ISPY2_296841/ISPY2_296841_0004.nii.gz,62.368064880371094,74.73856353759766
images/ISPY2_296841/ISPY2_296841_0003.nii.gz,61.23885726928711,73.61286926269531
images/ISPY2_296841/ISPY2_296841_0002.nii.gz,60.71208572387695,73.58366394042969
images/ISPY2_296841/ISPY2_296841_0005.nii.gz,64.1932373046875,76.69783782958984
images/ISPY2_296841/ISPY2_296841_0001.nii.gz,52.79218673706055,66.41340637207031
images/ISPY2_298101/ISPY2_298101_0003.nii.gz,298.1181640625,354.1796569824219
images/ISPY2_298101/ISPY2_298101_0001.nii.gz,274.3252868652344,341.77386474609375
images/ISPY2_298101/ISPY2_298101_0005.nii.gz,299.2207946777344,350.7899475097656
images/ISPY2_298101/ISPY2_298101_0004.nii.gz,297.0362548828125,349.4132385253906
images/ISPY2_298101/ISPY2_298101_0002.nii.gz,291.9281921386719,348.49176025390625
images/ISPY2_299364/ISPY2_299364_0002.nii.gz,52.99217987060547,92.05967712402344
images/ISPY2_299364/ISPY2_299364_0004.nii.gz,57.39662170410156,101.59551239013672
images/ISPY2_299364/ISPY2_299364_0003.nii.gz,59.1561393737793,102.48477172851562
images/ISPY2_299364/ISPY2_299364_0005.nii.gz,58.798954010009766,104.48690032958984
images/ISPY2_299364/ISPY2_299364_0001.nii.gz,47.32193374633789,80.31605529785156
images/ISPY2_299840/ISPY2_299840_0003.nii.gz,315.0279235839844,378.11260986328125
images/ISPY2_299840/ISPY2_299840_0001.nii.gz,264.28717041015625,329.1143798828125
images/ISPY2_299840/ISPY2_299840_0004.nii.gz,326.9841613769531,384.7505187988281
images/ISPY2_299840/ISPY2_299840_0005.nii.gz,327.1729736328125,387.9292297363281
images/ISPY2_299840/ISPY2_299840_0002.nii.gz,302.20306396484375,366.0982360839844
images/ISPY2_299962/ISPY2_299962_0001.nii.gz,742.327392578125,876.0360717773438
images/ISPY2_299962/ISPY2_299962_0005.nii.gz,957.6798706054688,1134.5838623046875
images/ISPY2_299962/ISPY2_299962_0002.nii.gz,854.0066528320312,1005.3798828125
images/ISPY2_299962/ISPY2_299962_0003.nii.gz,909.4473876953125,1067.537841796875
images/ISPY2_299962/ISPY2_299962_0004.nii.gz,938.7908325195312,1106.8287353515625
images/ISPY2_300724/ISPY2_300724_0005.nii.gz,259.6546325683594,313.495849609375
images/ISPY2_300724/ISPY2_300724_0003.nii.gz,257.5113830566406,313.5342712402344
images/ISPY2_300724/ISPY2_300724_0004.nii.gz,249.6557159423828,295.5937194824219
images/ISPY2_300724/ISPY2_300724_0001.nii.gz,248.879638671875,336.46307373046875
images/ISPY2_300724/ISPY2_300724_0002.nii.gz,258.1433410644531,325.08673095703125
images/ISPY2_301289/ISPY2_301289_0005.nii.gz,59.90985870361328,72.75743103027344
images/ISPY2_301289/ISPY2_301289_0001.nii.gz,67.11091613769531,85.17903900146484
images/ISPY2_301289/ISPY2_301289_0002.nii.gz,66.37876892089844,83.14273834228516
images/ISPY2_301289/ISPY2_301289_0003.nii.gz,63.25077438354492,76.92725372314453
images/ISPY2_301289/ISPY2_301289_0004.nii.gz,61.28128433227539,74.15836334228516
images/ISPY2_301665/ISPY2_301665_0002.nii.gz,68.12962341308594,85.83477783203125
images/ISPY2_301665/ISPY2_301665_0004.nii.gz,74.2535629272461,90.07965087890625
images/ISPY2_301665/ISPY2_301665_0003.nii.gz,70.95214080810547,87.59298706054688
images/ISPY2_301665/ISPY2_301665_0005.nii.gz,75.67057037353516,90.47236633300781
images/ISPY2_301665/ISPY2_301665_0001.nii.gz,59.202972412109375,79.43042755126953
images/ISPY2_301968/ISPY2_301968_0003.nii.gz,244.33987426757812,422.4393005371094
images/ISPY2_301968/ISPY2_301968_0002.nii.gz,236.15321350097656,404.66156005859375
images/ISPY2_301968/ISPY2_301968_0004.nii.gz,249.3634490966797,432.517333984375
images/ISPY2_301968/ISPY2_301968_0001.nii.gz,211.781494140625,356.62042236328125
images/ISPY2_301968/ISPY2_301968_0005.nii.gz,254.550537109375,439.13653564453125
images/ISPY2_303685/ISPY2_303685_0002.nii.gz,33.9521484375,46.62272644042969
images/ISPY2_303685/ISPY2_303685_0004.nii.gz,36.37666320800781,49.99016571044922
images/ISPY2_303685/ISPY2_303685_0003.nii.gz,35.466251373291016,48.758907318115234
images/ISPY2_303685/ISPY2_303685_0005.nii.gz,37.031768798828125,50.95231246948242
images/ISPY2_303685/ISPY2_303685_0001.nii.gz,30.500574111938477,41.362815856933594
images/ISPY2_303947/ISPY2_303947_0004.nii.gz,59.381370544433594,85.63561248779297
images/ISPY2_303947/ISPY2_303947_0001.nii.gz,55.37467575073242,77.99549102783203
images/ISPY2_303947/ISPY2_303947_0005.nii.gz,59.60894012451172,86.11604309082031
images/ISPY2_303947/ISPY2_303947_0002.nii.gz,59.11396026611328,84.91377258300781
images/ISPY2_303947/ISPY2_303947_0003.nii.gz,59.5478515625,85.4876480102539
images/ISPY2_306127/ISPY2_306127_0004.nii.gz,95.585205078125,123.45071411132812
images/ISPY2_306127/ISPY2_306127_0002.nii.gz,96.51730346679688,124.00753021240234
images/ISPY2_306127/ISPY2_306127_0005.nii.gz,95.146484375,122.92769622802734
images/ISPY2_306127/ISPY2_306127_0001.nii.gz,97.49224090576172,123.83285522460938
images/ISPY2_306127/ISPY2_306127_0003.nii.gz,96.00877380371094,123.7530746459961
images/ISPY2_306401/ISPY2_306401_0005.nii.gz,51.13251495361328,64.10965728759766
images/ISPY2_306401/ISPY2_306401_0002.nii.gz,46.66543197631836,60.125938415527344
images/ISPY2_306401/ISPY2_306401_0001.nii.gz,41.48345184326172,53.194122314453125
images/ISPY2_306401/ISPY2_306401_0003.nii.gz,49.381900787353516,62.609527587890625
images/ISPY2_306401/ISPY2_306401_0004.nii.gz,49.83054733276367,63.32955551147461
images/ISPY2_307659/ISPY2_307659_0004.nii.gz,79.60924530029297,80.05455780029297
images/ISPY2_307659/ISPY2_307659_0001.nii.gz,68.0419921875,65.85003662109375
images/ISPY2_307659/ISPY2_307659_0005.nii.gz,81.01765441894531,81.71641540527344
images/ISPY2_307659/ISPY2_307659_0002.nii.gz,74.70498657226562,74.40003204345703
images/ISPY2_307659/ISPY2_307659_0003.nii.gz,77.2872543334961,77.26798248291016
images/ISPY2_309830/ISPY2_309830_0005.nii.gz,126.61380767822266,183.6551971435547
images/ISPY2_309830/ISPY2_309830_0001.nii.gz,113.0354232788086,140.98133850097656
images/ISPY2_309830/ISPY2_309830_0003.nii.gz,124.08057403564453,176.62127685546875
images/ISPY2_309830/ISPY2_309830_0004.nii.gz,125.89907836914062,181.13307189941406
images/ISPY2_309830/ISPY2_309830_0002.nii.gz,122.03292083740234,168.31106567382812
images/ISPY2_311316/ISPY2_311316_0005.nii.gz,106.90581512451172,122.60255432128906
images/ISPY2_311316/ISPY2_311316_0003.nii.gz,104.45484161376953,122.81452941894531
images/ISPY2_311316/ISPY2_311316_0001.nii.gz,97.41555786132812,108.06179809570312
images/ISPY2_311316/ISPY2_311316_0002.nii.gz,104.99372100830078,123.51597595214844
images/ISPY2_311316/ISPY2_311316_0004.nii.gz,108.20133972167969,124.78326416015625
images/ISPY2_311455/ISPY2_311455_0001.nii.gz,45.56947326660156,60.82147216796875
images/ISPY2_311455/ISPY2_311455_0003.nii.gz,45.59584045410156,55.77745819091797
images/ISPY2_311455/ISPY2_311455_0005.nii.gz,45.88324737548828,54.371036529541016
images/ISPY2_311455/ISPY2_311455_0004.nii.gz,45.739646911621094,55.154361724853516
images/ISPY2_311455/ISPY2_311455_0002.nii.gz,46.05451202392578,58.65796661376953
images/ISPY2_313243/ISPY2_313243_0001.nii.gz,455.43072509765625,566.8285522460938
images/ISPY2_313243/ISPY2_313243_0004.nii.gz,502.486572265625,591.2681274414062
images/ISPY2_313243/ISPY2_313243_0003.nii.gz,490.1946716308594,583.2830810546875
images/ISPY2_313243/ISPY2_313243_0005.nii.gz,482.5852355957031,568.9267578125
images/ISPY2_313243/ISPY2_313243_0002.nii.gz,500.5115966796875,608.7722778320312
images/ISPY2_313672/ISPY2_313672_0001.nii.gz,151.2574920654297,180.6693115234375
images/ISPY2_313672/ISPY2_313672_0003.nii.gz,181.32766723632812,220.37161254882812
images/ISPY2_313672/ISPY2_313672_0005.nii.gz,193.00210571289062,232.19012451171875
images/ISPY2_313672/ISPY2_313672_0004.nii.gz,192.35011291503906,232.91864013671875
images/ISPY2_313672/ISPY2_313672_0002.nii.gz,174.4291534423828,211.58612060546875
images/ISPY2_316996/ISPY2_316996_0001.nii.gz,169.350341796875,198.85179138183594
images/ISPY2_316996/ISPY2_316996_0004.nii.gz,172.34327697753906,190.3893280029297
images/ISPY2_316996/ISPY2_316996_0003.nii.gz,173.0080108642578,193.44351196289062
images/ISPY2_316996/ISPY2_316996_0005.nii.gz,171.35702514648438,187.4696807861328
images/ISPY2_316996/ISPY2_316996_0002.nii.gz,172.94610595703125,196.476806640625
images/ISPY2_317131/ISPY2_317131_0003.nii.gz,131.19676208496094,127.05575561523438
images/ISPY2_317131/ISPY2_317131_0002.nii.gz,128.13697814941406,126.05123901367188
images/ISPY2_317131/ISPY2_317131_0004.nii.gz,136.0446014404297,130.70150756835938
images/ISPY2_317131/ISPY2_317131_0001.nii.gz,113.48857879638672,114.06363677978516
images/ISPY2_317131/ISPY2_317131_0005.nii.gz,135.8917999267578,130.84861755371094
images/ISPY2_317402/ISPY2_317402_0002.nii.gz,319.5635070800781,360.5065002441406
images/ISPY2_317402/ISPY2_317402_0001.nii.gz,338.55328369140625,396.0351867675781
images/ISPY2_317402/ISPY2_317402_0003.nii.gz,312.294921875,337.79901123046875
images/ISPY2_317402/ISPY2_317402_0004.nii.gz,306.1747741699219,332.614990234375
images/ISPY2_317402/ISPY2_317402_0005.nii.gz,290.2938537597656,311.4729919433594
images/ISPY2_317641/ISPY2_317641_0005.nii.gz,180.61251831054688,216.76609802246094
images/ISPY2_317641/ISPY2_317641_0004.nii.gz,180.3111114501953,217.10304260253906
images/ISPY2_317641/ISPY2_317641_0002.nii.gz,182.49908447265625,227.006103515625
images/ISPY2_317641/ISPY2_317641_0003.nii.gz,179.81300354003906,218.2629852294922
images/ISPY2_317641/ISPY2_317641_0001.nii.gz,175.9618682861328,228.14727783203125
images/ISPY2_318293/ISPY2_318293_0001.nii.gz,416.4574890136719,520.7880859375
images/ISPY2_318293/ISPY2_318293_0002.nii.gz,448.47686767578125,532.9236450195312
images/ISPY2_318293/ISPY2_318293_0005.nii.gz,456.9212646484375,530.6345825195312
images/ISPY2_318293/ISPY2_318293_0004.nii.gz,452.2640686035156,529.1033935546875
images/ISPY2_318293/ISPY2_318293_0003.nii.gz,447.9156188964844,523.9088134765625
images/ISPY2_318407/ISPY2_318407_0003.nii.gz,57.361183166503906,91.01566314697266
images/ISPY2_318407/ISPY2_318407_0005.nii.gz,56.866390228271484,91.75083923339844
images/ISPY2_318407/ISPY2_318407_0001.nii.gz,54.9527587890625,84.39309692382812
images/ISPY2_318407/ISPY2_318407_0002.nii.gz,57.39210510253906,90.42855072021484
images/ISPY2_318407/ISPY2_318407_0004.nii.gz,57.42729568481445,91.55059814453125
images/ISPY2_318438/ISPY2_318438_0005.nii.gz,71.16355895996094,97.20413970947266
images/ISPY2_318438/ISPY2_318438_0001.nii.gz,67.60232543945312,89.79159545898438
images/ISPY2_318438/ISPY2_318438_0004.nii.gz,71.03799438476562,97.32603454589844
images/ISPY2_318438/ISPY2_318438_0003.nii.gz,71.58936309814453,97.41078186035156
images/ISPY2_318438/ISPY2_318438_0002.nii.gz,71.1264419555664,96.91741180419922
images/ISPY2_318569/ISPY2_318569_0003.nii.gz,373.9206848144531,426.11865234375
images/ISPY2_318569/ISPY2_318569_0005.nii.gz,362.7777099609375,401.95574951171875
images/ISPY2_318569/ISPY2_318569_0001.nii.gz,352.3546142578125,422.0873718261719
images/ISPY2_318569/ISPY2_318569_0004.nii.gz,384.6700744628906,440.5507507324219
images/ISPY2_318569/ISPY2_318569_0002.nii.gz,355.7067565917969,412.9197082519531
images/ISPY2_319324/ISPY2_319324_0002.nii.gz,300.1446228027344,341.806884765625
images/ISPY2_319324/ISPY2_319324_0003.nii.gz,301.0889587402344,337.6155700683594
images/ISPY2_319324/ISPY2_319324_0005.nii.gz,297.01580810546875,319.8701171875
images/ISPY2_319324/ISPY2_319324_0004.nii.gz,302.8335876464844,329.1380310058594
images/ISPY2_319324/ISPY2_319324_0001.nii.gz,279.8221130371094,339.58721923828125
images/ISPY2_320538/ISPY2_320538_0004.nii.gz,210.89756774902344,233.26559448242188
images/ISPY2_320538/ISPY2_320538_0005.nii.gz,222.49549865722656,247.12400817871094
images/ISPY2_320538/ISPY2_320538_0002.nii.gz,212.90872192382812,236.7489013671875
images/ISPY2_320538/ISPY2_320538_0001.nii.gz,204.4405517578125,229.91207885742188
images/ISPY2_320538/ISPY2_320538_0003.nii.gz,215.01223754882812,242.45054626464844
images/ISPY2_323721/ISPY2_323721_0002.nii.gz,198.95205688476562,185.84010314941406
images/ISPY2_323721/ISPY2_323721_0004.nii.gz,205.72703552246094,185.82688903808594
images/ISPY2_323721/ISPY2_323721_0001.nii.gz,189.6334228515625,178.09352111816406
images/ISPY2_323721/ISPY2_323721_0005.nii.gz,203.81434631347656,184.40858459472656
images/ISPY2_323721/ISPY2_323721_0003.nii.gz,202.55322265625,187.43055725097656
images/ISPY2_324021/ISPY2_324021_0004.nii.gz,612.8464965820312,659.39501953125
images/ISPY2_324021/ISPY2_324021_0002.nii.gz,599.9403686523438,673.397705078125
images/ISPY2_324021/ISPY2_324021_0001.nii.gz,586.6322021484375,681.47607421875
images/ISPY2_324021/ISPY2_324021_0005.nii.gz,612.559326171875,651.928955078125
images/ISPY2_324021/ISPY2_324021_0003.nii.gz,602.3859252929688,648.8539428710938
images/ISPY2_326202/ISPY2_326202_0004.nii.gz,522.6790161132812,626.940185546875
images/ISPY2_326202/ISPY2_326202_0005.nii.gz,533.11865234375,635.814453125
images/ISPY2_326202/ISPY2_326202_0001.nii.gz,453.8454895019531,561.3296508789062
images/ISPY2_326202/ISPY2_326202_0002.nii.gz,501.27679443359375,605.949951171875
images/ISPY2_326202/ISPY2_326202_0003.nii.gz,515.5975952148438,620.4024658203125
images/ISPY2_326433/ISPY2_326433_0004.nii.gz,71.25611877441406,108.16913604736328
images/ISPY2_326433/ISPY2_326433_0003.nii.gz,72.16578674316406,110.34487915039062
images/ISPY2_326433/ISPY2_326433_0005.nii.gz,71.01216125488281,107.5164794921875
images/ISPY2_326433/ISPY2_326433_0001.nii.gz,70.28559875488281,105.24994659423828
images/ISPY2_326433/ISPY2_326433_0002.nii.gz,73.17933654785156,112.68364715576172
images/ISPY2_327133/ISPY2_327133_0003.nii.gz,43.14796829223633,66.74359893798828
images/ISPY2_327133/ISPY2_327133_0005.nii.gz,43.766780853271484,69.53678894042969
images/ISPY2_327133/ISPY2_327133_0001.nii.gz,38.45893478393555,54.48140335083008
images/ISPY2_327133/ISPY2_327133_0002.nii.gz,41.89628601074219,63.45867919921875
images/ISPY2_327133/ISPY2_327133_0004.nii.gz,43.38887405395508,68.3187484741211
images/ISPY2_327142/ISPY2_327142_0002.nii.gz,77.85587310791016,92.7505874633789
images/ISPY2_327142/ISPY2_327142_0004.nii.gz,80.92913055419922,97.70085144042969
images/ISPY2_327142/ISPY2_327142_0005.nii.gz,81.57315826416016,98.45417022705078
images/ISPY2_327142/ISPY2_327142_0001.nii.gz,71.46711730957031,83.74040222167969
images/ISPY2_327142/ISPY2_327142_0003.nii.gz,79.8350601196289,96.17582702636719
images/ISPY2_327917/ISPY2_327917_0001.nii.gz,57.74155807495117,64.77913665771484
images/ISPY2_327917/ISPY2_327917_0003.nii.gz,59.211273193359375,65.80368041992188
images/ISPY2_327917/ISPY2_327917_0002.nii.gz,60.72993850708008,69.00684356689453
images/ISPY2_327917/ISPY2_327917_0005.nii.gz,58.23269271850586,63.64500045776367
images/ISPY2_327917/ISPY2_327917_0004.nii.gz,59.2451286315918,65.10184478759766
images/ISPY2_328160/ISPY2_328160_0005.nii.gz,133.75936889648438,157.470703125
images/ISPY2_328160/ISPY2_328160_0001.nii.gz,136.15809631347656,185.95140075683594
images/ISPY2_328160/ISPY2_328160_0003.nii.gz,135.42906188964844,164.1662139892578
images/ISPY2_328160/ISPY2_328160_0002.nii.gz,142.89993286132812,183.57748413085938
images/ISPY2_328160/ISPY2_328160_0004.nii.gz,136.21742248535156,161.66909790039062
images/ISPY2_329076/ISPY2_329076_0004.nii.gz,196.02297973632812,245.3358612060547
images/ISPY2_329076/ISPY2_329076_0001.nii.gz,198.87313842773438,268.5992431640625
images/ISPY2_329076/ISPY2_329076_0003.nii.gz,196.33595275878906,248.45944213867188
images/ISPY2_329076/ISPY2_329076_0005.nii.gz,190.2290496826172,236.0244903564453
images/ISPY2_329076/ISPY2_329076_0002.nii.gz,194.4855194091797,246.90174865722656
images/ISPY2_329941/ISPY2_329941_0004.nii.gz,358.1740417480469,353.8922119140625
images/ISPY2_329941/ISPY2_329941_0005.nii.gz,385.3876037597656,371.1441955566406
images/ISPY2_329941/ISPY2_329941_0003.nii.gz,398.59197998046875,388.62164306640625
images/ISPY2_329941/ISPY2_329941_0002.nii.gz,393.0425109863281,391.0907287597656
images/ISPY2_329941/ISPY2_329941_0001.nii.gz,389.16241455078125,413.77001953125
images/ISPY2_330134/ISPY2_330134_0001.nii.gz,304.9883728027344,288.5401611328125
images/ISPY2_330134/ISPY2_330134_0005.nii.gz,307.7980651855469,289.0011901855469
images/ISPY2_330134/ISPY2_330134_0003.nii.gz,306.8416748046875,287.9413146972656
images/ISPY2_330134/ISPY2_330134_0002.nii.gz,312.2640075683594,293.62939453125
images/ISPY2_330134/ISPY2_330134_0004.nii.gz,317.3948059082031,293.97283935546875
images/ISPY2_331192/ISPY2_331192_0004.nii.gz,76.41624450683594,101.82550811767578
images/ISPY2_331192/ISPY2_331192_0001.nii.gz,68.1722412109375,83.80167388916016
images/ISPY2_331192/ISPY2_331192_0002.nii.gz,74.06864929199219,96.65800476074219
images/ISPY2_331192/ISPY2_331192_0005.nii.gz,76.07926940917969,102.68323516845703
images/ISPY2_331192/ISPY2_331192_0003.nii.gz,75.92294311523438,99.74855041503906
images/ISPY2_332655/ISPY2_332655_0005.nii.gz,25.945430755615234,42.26354217529297
images/ISPY2_332655/ISPY2_332655_0002.nii.gz,25.458036422729492,42.04599380493164
images/ISPY2_332655/ISPY2_332655_0003.nii.gz,26.071640014648438,42.4587287902832
images/ISPY2_332655/ISPY2_332655_0001.nii.gz,24.14997100830078,38.55998229980469
images/ISPY2_332655/ISPY2_332655_0004.nii.gz,25.970237731933594,42.06313705444336
images/ISPY2_333145/ISPY2_333145_0005.nii.gz,75.93232727050781,118.73616790771484
images/ISPY2_333145/ISPY2_333145_0004.nii.gz,72.61585998535156,115.41083526611328
images/ISPY2_333145/ISPY2_333145_0001.nii.gz,58.93827438354492,95.7225112915039
images/ISPY2_333145/ISPY2_333145_0003.nii.gz,71.49285125732422,112.84154510498047
images/ISPY2_333145/ISPY2_333145_0002.nii.gz,67.15743255615234,105.16413116455078
images/ISPY2_335091/ISPY2_335091_0005.nii.gz,190.11279296875,246.33639526367188
images/ISPY2_335091/ISPY2_335091_0003.nii.gz,189.8775177001953,243.51333618164062
images/ISPY2_335091/ISPY2_335091_0001.nii.gz,168.63681030273438,219.8248291015625
images/ISPY2_335091/ISPY2_335091_0004.nii.gz,191.08053588867188,244.6453094482422
images/ISPY2_335091/ISPY2_335091_0002.nii.gz,178.35598754882812,228.7045440673828
images/ISPY2_335536/ISPY2_335536_0001.nii.gz,221.05935668945312,241.76588439941406
images/ISPY2_335536/ISPY2_335536_0002.nii.gz,229.46214294433594,242.162353515625
images/ISPY2_335536/ISPY2_335536_0004.nii.gz,235.5553436279297,239.61155700683594
images/ISPY2_335536/ISPY2_335536_0005.nii.gz,239.44778442382812,245.4465789794922
images/ISPY2_335536/ISPY2_335536_0003.nii.gz,233.55401611328125,241.4458770751953
images/ISPY2_340186/ISPY2_340186_0003.nii.gz,286.8690490722656,415.2413635253906
images/ISPY2_340186/ISPY2_340186_0005.nii.gz,289.5411682128906,413.71429443359375
images/ISPY2_340186/ISPY2_340186_0004.nii.gz,279.94927978515625,398.6803894042969
images/ISPY2_340186/ISPY2_340186_0001.nii.gz,282.73162841796875,414.890625
images/ISPY2_340186/ISPY2_340186_0002.nii.gz,285.878173828125,414.072509765625
images/ISPY2_341238/ISPY2_341238_0002.nii.gz,65.58773803710938,79.04373931884766
images/ISPY2_341238/ISPY2_341238_0004.nii.gz,63.262481689453125,72.3099594116211
images/ISPY2_341238/ISPY2_341238_0005.nii.gz,61.286041259765625,69.01927947998047
images/ISPY2_341238/ISPY2_341238_0003.nii.gz,64.23047637939453,75.41315460205078
images/ISPY2_341238/ISPY2_341238_0001.nii.gz,53.36854934692383,61.518070220947266
images/ISPY2_342142/ISPY2_342142_0002.nii.gz,218.6829833984375,292.4297790527344
images/ISPY2_342142/ISPY2_342142_0004.nii.gz,240.1312255859375,321.845458984375
images/ISPY2_342142/ISPY2_342142_0003.nii.gz,231.60130310058594,308.9343566894531
images/ISPY2_342142/ISPY2_342142_0005.nii.gz,243.65399169921875,327.53851318359375
images/ISPY2_342142/ISPY2_342142_0001.nii.gz,205.3876953125,272.2553405761719
images/ISPY2_342959/ISPY2_342959_0001.nii.gz,199.2563018798828,212.09115600585938
images/ISPY2_342959/ISPY2_342959_0004.nii.gz,259.75048828125,291.019775390625
images/ISPY2_342959/ISPY2_342959_0005.nii.gz,255.2566680908203,286.7965087890625
images/ISPY2_342959/ISPY2_342959_0003.nii.gz,249.66062927246094,282.91986083984375
images/ISPY2_342959/ISPY2_342959_0002.nii.gz,247.32371520996094,281.25439453125
images/ISPY2_342996/ISPY2_342996_0003.nii.gz,358.8664855957031,505.4960021972656
images/ISPY2_342996/ISPY2_342996_0004.nii.gz,361.19110107421875,500.692626953125
images/ISPY2_342996/ISPY2_342996_0002.nii.gz,366.2611999511719,536.3919677734375
images/ISPY2_342996/ISPY2_342996_0005.nii.gz,357.2696838378906,488.8565979003906
images/ISPY2_342996/ISPY2_342996_0001.nii.gz,352.4708557128906,556.8475341796875
images/ISPY2_343898/ISPY2_343898_0001.nii.gz,520.1818237304688,487.2173767089844
images/ISPY2_343898/ISPY2_343898_0003.nii.gz,531.6152954101562,473.2960510253906
images/ISPY2_343898/ISPY2_343898_0005.nii.gz,531.9185180664062,464.31964111328125
images/ISPY2_343898/ISPY2_343898_0004.nii.gz,525.852294921875,462.2639465332031
images/ISPY2_343898/ISPY2_343898_0002.nii.gz,529.8721923828125,476.1634216308594
images/ISPY2_345460/ISPY2_345460_0001.nii.gz,452.1324462890625,405.0403747558594
images/ISPY2_345460/ISPY2_345460_0002.nii.gz,483.2108154296875,423.2079162597656
images/ISPY2_345460/ISPY2_345460_0004.nii.gz,501.9745788574219,427.392822265625
images/ISPY2_345460/ISPY2_345460_0003.nii.gz,498.6310119628906,428.6206359863281
images/ISPY2_345460/ISPY2_345460_0005.nii.gz,514.5172119140625,429.18505859375
images/ISPY2_345483/ISPY2_345483_0004.nii.gz,42.7103157043457,53.240779876708984
images/ISPY2_345483/ISPY2_345483_0002.nii.gz,41.59272384643555,50.462276458740234
images/ISPY2_345483/ISPY2_345483_0003.nii.gz,41.984066009521484,51.804046630859375
images/ISPY2_345483/ISPY2_345483_0001.nii.gz,39.19819641113281,45.026302337646484
images/ISPY2_345483/ISPY2_345483_0005.nii.gz,42.82575225830078,54.03752136230469
images/ISPY2_345574/ISPY2_345574_0002.nii.gz,76.6315689086914,106.22795104980469
images/ISPY2_345574/ISPY2_345574_0001.nii.gz,72.67977142333984,110.00701141357422
images/ISPY2_345574/ISPY2_345574_0005.nii.gz,80.65284729003906,104.67892456054688
images/ISPY2_345574/ISPY2_345574_0004.nii.gz,79.47331237792969,105.6182632446289
images/ISPY2_345574/ISPY2_345574_0003.nii.gz,78.23490905761719,105.71771240234375
images/ISPY2_345907/ISPY2_345907_0002.nii.gz,121.34976196289062,148.9966583251953
images/ISPY2_345907/ISPY2_345907_0003.nii.gz,117.18834686279297,136.1771240234375
images/ISPY2_345907/ISPY2_345907_0001.nii.gz,113.95405578613281,146.44534301757812
images/ISPY2_345907/ISPY2_345907_0005.nii.gz,122.390380859375,140.3848114013672
images/ISPY2_345907/ISPY2_345907_0004.nii.gz,124.97116088867188,145.2634735107422
images/ISPY2_347516/ISPY2_347516_0005.nii.gz,182.72723388671875,208.02117919921875
images/ISPY2_347516/ISPY2_347516_0002.nii.gz,180.55284118652344,212.28102111816406
images/ISPY2_347516/ISPY2_347516_0001.nii.gz,170.91734313964844,217.72059631347656
images/ISPY2_347516/ISPY2_347516_0003.nii.gz,180.40478515625,208.35403442382812
images/ISPY2_347516/ISPY2_347516_0004.nii.gz,177.9775390625,204.94839477539062
images/ISPY2_348009/ISPY2_348009_0001.nii.gz,113.89584350585938,171.3811798095703
images/ISPY2_348009/ISPY2_348009_0005.nii.gz,120.98512268066406,151.8899383544922
images/ISPY2_348009/ISPY2_348009_0003.nii.gz,117.17308807373047,149.76255798339844
images/ISPY2_348009/ISPY2_348009_0004.nii.gz,117.2236557006836,146.59909057617188
images/ISPY2_348009/ISPY2_348009_0002.nii.gz,117.86431121826172,157.5279998779297
images/ISPY2_349225/ISPY2_349225_0001.nii.gz,329.6658630371094,381.3622741699219
images/ISPY2_349225/ISPY2_349225_0003.nii.gz,380.3930969238281,433.97528076171875
images/ISPY2_349225/ISPY2_349225_0005.nii.gz,388.70947265625,448.4659118652344
images/ISPY2_349225/ISPY2_349225_0004.nii.gz,392.4455871582031,450.7202453613281
images/ISPY2_349225/ISPY2_349225_0002.nii.gz,366.0626220703125,417.5129699707031
images/ISPY2_349330/ISPY2_349330_0005.nii.gz,176.91464233398438,216.38934326171875
images/ISPY2_349330/ISPY2_349330_0003.nii.gz,165.90101623535156,203.37698364257812
images/ISPY2_349330/ISPY2_349330_0004.nii.gz,169.97311401367188,214.80990600585938
images/ISPY2_349330/ISPY2_349330_0001.nii.gz,150.65138244628906,201.12493896484375
images/ISPY2_349330/ISPY2_349330_0002.nii.gz,166.25042724609375,215.1312255859375
images/ISPY2_349639/ISPY2_349639_0002.nii.gz,152.70216369628906,234.86309814453125
images/ISPY2_349639/ISPY2_349639_0001.nii.gz,141.54405212402344,211.21585083007812
images/ISPY2_349639/ISPY2_349639_0005.nii.gz,159.28756713867188,255.75076293945312
images/ISPY2_349639/ISPY2_349639_0003.nii.gz,156.32696533203125,243.5946807861328
images/ISPY2_349639/ISPY2_349639_0004.nii.gz,157.55787658691406,250.6366729736328
images/ISPY2_350331/ISPY2_350331_0002.nii.gz,21.97781753540039,40.64291000366211
images/ISPY2_350331/ISPY2_350331_0005.nii.gz,21.908987045288086,41.24541473388672
images/ISPY2_350331/ISPY2_350331_0004.nii.gz,22.17472267150879,41.118221282958984
images/ISPY2_350331/ISPY2_350331_0001.nii.gz,21.18406105041504,38.39091110229492
images/ISPY2_350331/ISPY2_350331_0003.nii.gz,22.169044494628906,41.16012954711914
images/ISPY2_353318/ISPY2_353318_0005.nii.gz,121.83828735351562,162.69895935058594
images/ISPY2_353318/ISPY2_353318_0004.nii.gz,119.47528839111328,164.36508178710938
images/ISPY2_353318/ISPY2_353318_0001.nii.gz,116.79443359375,187.37161254882812
images/ISPY2_353318/ISPY2_353318_0002.nii.gz,117.79059600830078,171.39064025878906
images/ISPY2_353318/ISPY2_353318_0003.nii.gz,116.71025085449219,164.54098510742188
images/ISPY2_355292/ISPY2_355292_0005.nii.gz,52.58246994018555,67.34153747558594
images/ISPY2_355292/ISPY2_355292_0004.nii.gz,53.442440032958984,68.9473648071289
images/ISPY2_355292/ISPY2_355292_0002.nii.gz,57.16963195800781,75.56399536132812
images/ISPY2_355292/ISPY2_355292_0003.nii.gz,54.83161926269531,71.05584716796875
images/ISPY2_355292/ISPY2_355292_0001.nii.gz,60.20567321777344,79.78437805175781
images/ISPY2_355942/ISPY2_355942_0002.nii.gz,319.40057373046875,431.7434997558594
images/ISPY2_355942/ISPY2_355942_0004.nii.gz,328.1082458496094,449.4989318847656
images/ISPY2_355942/ISPY2_355942_0005.nii.gz,328.4874267578125,452.49615478515625
images/ISPY2_355942/ISPY2_355942_0003.nii.gz,328.02703857421875,444.76513671875
images/ISPY2_355942/ISPY2_355942_0001.nii.gz,282.1463317871094,377.7342529296875
images/ISPY2_356399/ISPY2_356399_0004.nii.gz,390.8980407714844,693.0064697265625
images/ISPY2_356399/ISPY2_356399_0001.nii.gz,345.7400207519531,588.71142578125
images/ISPY2_356399/ISPY2_356399_0005.nii.gz,390.6603088378906,700.6614990234375
images/ISPY2_356399/ISPY2_356399_0003.nii.gz,380.0694274902344,677.2880859375
images/ISPY2_356399/ISPY2_356399_0002.nii.gz,369.7808532714844,653.4984130859375
images/ISPY2_356431/ISPY2_356431_0003.nii.gz,89.46556091308594,159.2532501220703
images/ISPY2_356431/ISPY2_356431_0004.nii.gz,90.57524108886719,161.42623901367188
images/ISPY2_356431/ISPY2_356431_0002.nii.gz,85.28904724121094,153.04429626464844
images/ISPY2_356431/ISPY2_356431_0001.nii.gz,72.6431655883789,128.8483428955078
images/ISPY2_356431/ISPY2_356431_0005.nii.gz,92.36387634277344,162.85317993164062
images/ISPY2_356684/ISPY2_356684_0005.nii.gz,220.38502502441406,253.02621459960938
images/ISPY2_356684/ISPY2_356684_0004.nii.gz,217.84494018554688,250.7480926513672
images/ISPY2_356684/ISPY2_356684_0001.nii.gz,211.48330688476562,265.71820068359375
images/ISPY2_356684/ISPY2_356684_0003.nii.gz,220.7865753173828,258.0354309082031
images/ISPY2_356684/ISPY2_356684_0002.nii.gz,218.88955688476562,259.8833923339844
images/ISPY2_357017/ISPY2_357017_0003.nii.gz,402.0773010253906,406.03546142578125
images/ISPY2_357017/ISPY2_357017_0002.nii.gz,401.010009765625,409.8183898925781
images/ISPY2_357017/ISPY2_357017_0005.nii.gz,401.0773620605469,387.86175537109375
images/ISPY2_357017/ISPY2_357017_0001.nii.gz,266.8309326171875,248.16696166992188
images/ISPY2_357017/ISPY2_357017_0004.nii.gz,399.9298095703125,396.76519775390625
images/ISPY2_357034/ISPY2_357034_0004.nii.gz,51.282135009765625,71.77655029296875
images/ISPY2_357034/ISPY2_357034_0002.nii.gz,49.966304779052734,68.56134796142578
images/ISPY2_357034/ISPY2_357034_0003.nii.gz,49.96091842651367,69.75674438476562
images/ISPY2_357034/ISPY2_357034_0001.nii.gz,45.52223205566406,63.231754302978516
images/ISPY2_357034/ISPY2_357034_0005.nii.gz,52.05534362792969,73.23941040039062
images/ISPY2_360937/ISPY2_360937_0004.nii.gz,337.849365234375,417.0018005371094
images/ISPY2_360937/ISPY2_360937_0001.nii.gz,298.1912536621094,417.150390625
images/ISPY2_360937/ISPY2_360937_0003.nii.gz,326.0055236816406,410.2485656738281
images/ISPY2_360937/ISPY2_360937_0002.nii.gz,334.7299499511719,439.8240661621094
images/ISPY2_360937/ISPY2_360937_0005.nii.gz,335.0141296386719,402.83087158203125
images/ISPY2_361701/ISPY2_361701_0005.nii.gz,267.0975341796875,266.79644775390625
images/ISPY2_361701/ISPY2_361701_0001.nii.gz,251.84422302246094,259.02117919921875
images/ISPY2_361701/ISPY2_361701_0002.nii.gz,251.16188049316406,253.02084350585938
images/ISPY2_361701/ISPY2_361701_0004.nii.gz,261.86474609375,266.11553955078125
images/ISPY2_361701/ISPY2_361701_0003.nii.gz,262.51690673828125,260.8451232910156
images/ISPY2_362150/ISPY2_362150_0005.nii.gz,263.1022644042969,270.7415466308594
images/ISPY2_362150/ISPY2_362150_0001.nii.gz,238.71551513671875,247.38528442382812
images/ISPY2_362150/ISPY2_362150_0002.nii.gz,267.4530944824219,287.05657958984375
images/ISPY2_362150/ISPY2_362150_0004.nii.gz,270.91180419921875,283.48834228515625
images/ISPY2_362150/ISPY2_362150_0003.nii.gz,267.22113037109375,280.8170471191406
images/ISPY2_362993/ISPY2_362993_0003.nii.gz,539.2127075195312,655.9168701171875
images/ISPY2_362993/ISPY2_362993_0005.nii.gz,566.921875,683.2709350585938
images/ISPY2_362993/ISPY2_362993_0001.nii.gz,452.3800354003906,561.8851928710938
images/ISPY2_362993/ISPY2_362993_0004.nii.gz,556.255615234375,671.477783203125
images/ISPY2_362993/ISPY2_362993_0002.nii.gz,516.056396484375,630.7463989257812
images/ISPY2_363669/ISPY2_363669_0002.nii.gz,207.3450927734375,216.85801696777344
images/ISPY2_363669/ISPY2_363669_0001.nii.gz,217.7411651611328,243.43495178222656
images/ISPY2_363669/ISPY2_363669_0005.nii.gz,196.34092712402344,197.97666931152344
images/ISPY2_363669/ISPY2_363669_0003.nii.gz,199.61329650878906,202.9997100830078
images/ISPY2_363669/ISPY2_363669_0004.nii.gz,197.19871520996094,199.3906707763672
images/ISPY2_366120/ISPY2_366120_0002.nii.gz,57.807884216308594,61.352874755859375
images/ISPY2_366120/ISPY2_366120_0003.nii.gz,61.09450912475586,66.18656921386719
images/ISPY2_366120/ISPY2_366120_0004.nii.gz,63.36098861694336,68.4835205078125
images/ISPY2_366120/ISPY2_366120_0005.nii.gz,62.019325256347656,66.78833770751953
images/ISPY2_366120/ISPY2_366120_0001.nii.gz,50.47780227661133,51.976776123046875
images/ISPY2_367682/ISPY2_367682_0004.nii.gz,250.52369689941406,347.2582702636719
images/ISPY2_367682/ISPY2_367682_0005.nii.gz,255.73635864257812,354.9343566894531
images/ISPY2_367682/ISPY2_367682_0002.nii.gz,226.66053771972656,317.7425842285156
images/ISPY2_367682/ISPY2_367682_0003.nii.gz,241.90469360351562,337.75982666015625
images/ISPY2_367682/ISPY2_367682_0001.nii.gz,198.40652465820312,282.5169372558594
images/ISPY2_369040/ISPY2_369040_0001.nii.gz,290.7243957519531,391.2926025390625
images/ISPY2_369040/ISPY2_369040_0002.nii.gz,305.7834167480469,427.0462646484375
images/ISPY2_369040/ISPY2_369040_0005.nii.gz,318.9674987792969,467.1161804199219
images/ISPY2_369040/ISPY2_369040_0003.nii.gz,322.9496154785156,454.89691162109375
images/ISPY2_369040/ISPY2_369040_0004.nii.gz,330.25140380859375,469.37664794921875
images/ISPY2_371528/ISPY2_371528_0004.nii.gz,49.57357406616211,56.17167663574219
images/ISPY2_371528/ISPY2_371528_0003.nii.gz,49.89752960205078,57.09161376953125
images/ISPY2_371528/ISPY2_371528_0005.nii.gz,50.36910629272461,56.00196075439453
images/ISPY2_371528/ISPY2_371528_0002.nii.gz,48.503135681152344,57.84197998046875
images/ISPY2_371528/ISPY2_371528_0001.nii.gz,39.89176940917969,45.29560470581055
images/ISPY2_373346/ISPY2_373346_0002.nii.gz,196.9877166748047,200.26966857910156
images/ISPY2_373346/ISPY2_373346_0005.nii.gz,205.87429809570312,201.451416015625
images/ISPY2_373346/ISPY2_373346_0003.nii.gz,200.40634155273438,198.47000122070312
images/ISPY2_373346/ISPY2_373346_0001.nii.gz,191.02542114257812,198.51702880859375
images/ISPY2_373346/ISPY2_373346_0004.nii.gz,200.92251586914062,199.78985595703125
images/ISPY2_373672/ISPY2_373672_0001.nii.gz,377.95703125,643.0555419921875
images/ISPY2_373672/ISPY2_373672_0002.nii.gz,428.69732666015625,701.74560546875
images/ISPY2_373672/ISPY2_373672_0005.nii.gz,473.9865417480469,734.2755737304688
images/ISPY2_373672/ISPY2_373672_0003.nii.gz,449.2310791015625,718.8189697265625
images/ISPY2_373672/ISPY2_373672_0004.nii.gz,461.0490417480469,729.3787231445312
images/ISPY2_374106/ISPY2_374106_0003.nii.gz,508.4602355957031,698.2301025390625
images/ISPY2_374106/ISPY2_374106_0001.nii.gz,475.8865661621094,669.6761474609375
images/ISPY2_374106/ISPY2_374106_0005.nii.gz,486.7811584472656,646.6434936523438
images/ISPY2_374106/ISPY2_374106_0004.nii.gz,512.779541015625,704.5151977539062
images/ISPY2_374106/ISPY2_374106_0002.nii.gz,505.5823059082031,694.1987915039062
images/ISPY2_374121/ISPY2_374121_0003.nii.gz,245.6226348876953,325.15899658203125
images/ISPY2_374121/ISPY2_374121_0004.nii.gz,250.426513671875,326.62774658203125
images/ISPY2_374121/ISPY2_374121_0002.nii.gz,237.64308166503906,322.2724609375
images/ISPY2_374121/ISPY2_374121_0001.nii.gz,207.53250122070312,297.691650390625
images/ISPY2_374121/ISPY2_374121_0005.nii.gz,254.26513671875,329.06683349609375
images/ISPY2_375342/ISPY2_375342_0003.nii.gz,561.8798217773438,462.42205810546875
images/ISPY2_375342/ISPY2_375342_0005.nii.gz,559.5382080078125,440.3353271484375
images/ISPY2_375342/ISPY2_375342_0001.nii.gz,508.8136901855469,444.6950988769531
images/ISPY2_375342/ISPY2_375342_0004.nii.gz,566.55712890625,458.95196533203125
images/ISPY2_375342/ISPY2_375342_0002.nii.gz,566.3146362304688,490.0075988769531
images/ISPY2_375455/ISPY2_375455_0001.nii.gz,73.15572357177734,110.41075134277344
images/ISPY2_375455/ISPY2_375455_0002.nii.gz,80.43450927734375,114.54911804199219
images/ISPY2_375455/ISPY2_375455_0004.nii.gz,81.78829956054688,108.43681335449219
images/ISPY2_375455/ISPY2_375455_0003.nii.gz,79.72252655029297,107.7610092163086
images/ISPY2_375455/ISPY2_375455_0005.nii.gz,83.317626953125,109.20294952392578
images/ISPY2_376676/ISPY2_376676_0004.nii.gz,381.62255859375,646.7955932617188
images/ISPY2_376676/ISPY2_376676_0001.nii.gz,279.74212646484375,477.467041015625
images/ISPY2_376676/ISPY2_376676_0003.nii.gz,367.43695068359375,623.0010986328125
images/ISPY2_376676/ISPY2_376676_0005.nii.gz,400.34478759765625,669.3521728515625
images/ISPY2_376676/ISPY2_376676_0002.nii.gz,339.5865173339844,590.9208984375
images/ISPY2_377460/ISPY2_377460_0003.nii.gz,59.39141082763672,75.48511505126953
images/ISPY2_377460/ISPY2_377460_0004.nii.gz,58.848052978515625,74.61683654785156
images/ISPY2_377460/ISPY2_377460_0002.nii.gz,59.618873596191406,76.88147735595703
images/ISPY2_377460/ISPY2_377460_0001.nii.gz,57.636878967285156,74.95608520507812
images/ISPY2_377460/ISPY2_377460_0005.nii.gz,58.156005859375,73.5009536743164
images/ISPY2_378401/ISPY2_378401_0001.nii.gz,166.47006225585938,252.86508178710938
images/ISPY2_378401/ISPY2_378401_0003.nii.gz,210.31736755371094,315.9878845214844
images/ISPY2_378401/ISPY2_378401_0004.nii.gz,222.041259765625,331.26171875
images/ISPY2_378401/ISPY2_378401_0005.nii.gz,225.89605712890625,339.050048828125
images/ISPY2_378401/ISPY2_378401_0002.nii.gz,198.2104034423828,298.7435607910156
images/ISPY2_378885/ISPY2_378885_0001.nii.gz,74.80751037597656,110.94071197509766
images/ISPY2_378885/ISPY2_378885_0004.nii.gz,79.67093658447266,122.02535247802734
images/ISPY2_378885/ISPY2_378885_0002.nii.gz,78.2667465209961,117.38811492919922
images/ISPY2_378885/ISPY2_378885_0005.nii.gz,79.47054290771484,122.64681243896484
images/ISPY2_378885/ISPY2_378885_0003.nii.gz,78.6788330078125,119.72828674316406
images/ISPY2_380239/ISPY2_380239_0005.nii.gz,245.27696228027344,303.85009765625
images/ISPY2_380239/ISPY2_380239_0002.nii.gz,230.6422119140625,302.3582458496094
images/ISPY2_380239/ISPY2_380239_0003.nii.gz,236.7351531982422,303.2109375
images/ISPY2_380239/ISPY2_380239_0001.nii.gz,199.73558044433594,261.0585632324219
images/ISPY2_380239/ISPY2_380239_0004.nii.gz,242.09088134765625,301.0963134765625
images/ISPY2_380769/ISPY2_380769_0001.nii.gz,75.86920166015625,97.69896697998047
images/ISPY2_380769/ISPY2_380769_0002.nii.gz,84.36076354980469,110.75328826904297
images/ISPY2_380769/ISPY2_380769_0003.nii.gz,86.84244537353516,115.69530487060547
images/ISPY2_380769/ISPY2_380769_0005.nii.gz,90.53953552246094,121.70655822753906
images/ISPY2_380769/ISPY2_380769_0004.nii.gz,89.13330078125,119.24569702148438
images/ISPY2_380972/ISPY2_380972_0004.nii.gz,191.21365356445312,241.4701690673828
images/ISPY2_380972/ISPY2_380972_0003.nii.gz,190.14108276367188,244.75340270996094
images/ISPY2_380972/ISPY2_380972_0002.nii.gz,188.80517578125,248.85882568359375
images/ISPY2_380972/ISPY2_380972_0005.nii.gz,192.6975860595703,239.8236083984375
images/ISPY2_380972/ISPY2_380972_0001.nii.gz,172.86419677734375,234.7237548828125
images/ISPY2_382853/ISPY2_382853_0004.nii.gz,33.761558532714844,49.89695358276367
images/ISPY2_382853/ISPY2_382853_0001.nii.gz,31.764572143554688,46.846885681152344
images/ISPY2_382853/ISPY2_382853_0002.nii.gz,33.71805953979492,50.92926025390625
images/ISPY2_382853/ISPY2_382853_0005.nii.gz,33.72796630859375,49.8655891418457
images/ISPY2_382853/ISPY2_382853_0003.nii.gz,33.713104248046875,50.15242004394531
images/ISPY2_383456/ISPY2_383456_0002.nii.gz,286.17333984375,342.82733154296875
images/ISPY2_383456/ISPY2_383456_0001.nii.gz,282.78033447265625,353.4943542480469
images/ISPY2_383456/ISPY2_383456_0005.nii.gz,280.4749755859375,320.0008544921875
images/ISPY2_383456/ISPY2_383456_0003.nii.gz,289.65570068359375,337.9356994628906
images/ISPY2_383456/ISPY2_383456_0004.nii.gz,265.17974853515625,298.34539794921875
images/ISPY2_384830/ISPY2_384830_0004.nii.gz,93.79430389404297,102.24239349365234
images/ISPY2_384830/ISPY2_384830_0003.nii.gz,91.91958618164062,100.66902923583984
images/ISPY2_384830/ISPY2_384830_0002.nii.gz,90.18651580810547,99.05140686035156
images/ISPY2_384830/ISPY2_384830_0005.nii.gz,96.75550079345703,104.7066879272461
images/ISPY2_384830/ISPY2_384830_0001.nii.gz,83.63683319091797,88.86450958251953
images/ISPY2_386664/ISPY2_386664_0005.nii.gz,37.8531608581543,33.53672790527344
images/ISPY2_386664/ISPY2_386664_0004.nii.gz,38.89982986450195,34.43564987182617
images/ISPY2_386664/ISPY2_386664_0003.nii.gz,40.66495895385742,35.58473205566406
images/ISPY2_386664/ISPY2_386664_0001.nii.gz,38.37229919433594,33.583778381347656
images/ISPY2_386664/ISPY2_386664_0002.nii.gz,39.254981994628906,34.976524353027344
images/ISPY2_388581/ISPY2_388581_0002.nii.gz,322.60369873046875,454.84783935546875
images/ISPY2_388581/ISPY2_388581_0004.nii.gz,323.67169189453125,451.35711669921875
images/ISPY2_388581/ISPY2_388581_0001.nii.gz,310.36761474609375,445.80523681640625
images/ISPY2_388581/ISPY2_388581_0003.nii.gz,328.0960998535156,464.1252746582031
images/ISPY2_391942/ISPY2_391942_0005.nii.gz,50.16240310668945,54.35526657104492
images/ISPY2_391942/ISPY2_391942_0003.nii.gz,48.58177185058594,52.21488952636719
images/ISPY2_391942/ISPY2_391942_0001.nii.gz,42.18700408935547,43.97795104980469
images/ISPY2_391942/ISPY2_391942_0004.nii.gz,49.34504318237305,53.283180236816406
images/ISPY2_391942/ISPY2_391942_0002.nii.gz,47.29318618774414,50.88203048706055
images/ISPY2_395076/ISPY2_395076_0002.nii.gz,194.05482482910156,282.61322021484375
images/ISPY2_395076/ISPY2_395076_0001.nii.gz,174.0886993408203,269.7423400878906
images/ISPY2_395076/ISPY2_395076_0004.nii.gz,208.3873291015625,287.96929931640625
images/ISPY2_395076/ISPY2_395076_0005.nii.gz,210.14186096191406,286.59344482421875
images/ISPY2_395076/ISPY2_395076_0003.nii.gz,202.18392944335938,282.00067138671875
images/ISPY2_395249/ISPY2_395249_0001.nii.gz,239.2725830078125,309.34832763671875
images/ISPY2_395249/ISPY2_395249_0002.nii.gz,283.7115173339844,372.6922607421875
images/ISPY2_395249/ISPY2_395249_0003.nii.gz,303.63427734375,403.04888916015625
images/ISPY2_395249/ISPY2_395249_0005.nii.gz,327.343505859375,436.7791442871094
images/ISPY2_395249/ISPY2_395249_0004.nii.gz,316.12384033203125,422.19793701171875
images/ISPY2_395379/ISPY2_395379_0002.nii.gz,104.95088958740234,134.42112731933594
images/ISPY2_395379/ISPY2_395379_0003.nii.gz,113.00897216796875,143.99462890625
images/ISPY2_395379/ISPY2_395379_0004.nii.gz,118.08013916015625,149.2206573486328
images/ISPY2_395379/ISPY2_395379_0001.nii.gz,95.95732116699219,122.24662017822266
images/ISPY2_396723/ISPY2_396723_0002.nii.gz,69.71707153320312,76.11727905273438
images/ISPY2_396723/ISPY2_396723_0003.nii.gz,69.33110809326172,76.03376007080078
images/ISPY2_396723/ISPY2_396723_0005.nii.gz,72.53256225585938,79.02326965332031
images/ISPY2_396723/ISPY2_396723_0001.nii.gz,64.6440200805664,68.918701171875
images/ISPY2_396723/ISPY2_396723_0004.nii.gz,74.1495590209961,79.09707641601562
images/ISPY2_397505/ISPY2_397505_0002.nii.gz,505.3704528808594,658.8919677734375
images/ISPY2_397505/ISPY2_397505_0001.nii.gz,499.6907653808594,674.0612182617188
images/ISPY2_397505/ISPY2_397505_0005.nii.gz,524.6378784179688,671.9742431640625
images/ISPY2_397505/ISPY2_397505_0004.nii.gz,519.8986206054688,668.8759765625
images/ISPY2_397505/ISPY2_397505_0003.nii.gz,520.4783325195312,671.4429321289062
images/ISPY2_399478/ISPY2_399478_0001.nii.gz,45.646942138671875,66.37757110595703
images/ISPY2_399478/ISPY2_399478_0004.nii.gz,60.81134796142578,81.76187896728516
images/ISPY2_399478/ISPY2_399478_0002.nii.gz,54.79133224487305,76.1068344116211
images/ISPY2_399478/ISPY2_399478_0003.nii.gz,56.934059143066406,77.58659362792969
images/ISPY2_399478/ISPY2_399478_0005.nii.gz,60.3995246887207,80.89867401123047
images/ISPY2_401215/ISPY2_401215_0004.nii.gz,163.69496154785156,221.4305877685547
images/ISPY2_401215/ISPY2_401215_0003.nii.gz,160.12155151367188,220.0729217529297
images/ISPY2_401215/ISPY2_401215_0002.nii.gz,161.62586975097656,229.11642456054688
images/ISPY2_401215/ISPY2_401215_0001.nii.gz,150.9199676513672,223.1026153564453
images/ISPY2_401215/ISPY2_401215_0005.nii.gz,163.95225524902344,219.88656616210938
images/ISPY2_402265/ISPY2_402265_0004.nii.gz,779.8486938476562,969.2465209960938
images/ISPY2_402265/ISPY2_402265_0005.nii.gz,805.8709106445312,1002.5924682617188
images/ISPY2_402265/ISPY2_402265_0003.nii.gz,744.4179077148438,926.7110595703125
images/ISPY2_402265/ISPY2_402265_0002.nii.gz,692.3116455078125,862.2046508789062
images/ISPY2_402265/ISPY2_402265_0001.nii.gz,579.6229248046875,722.6226806640625
images/ISPY2_402384/ISPY2_402384_0004.nii.gz,438.294921875,327.7695007324219
images/ISPY2_402384/ISPY2_402384_0002.nii.gz,443.9552307128906,347.4805603027344
images/ISPY2_402384/ISPY2_402384_0001.nii.gz,450.4466857910156,408.5535583496094
images/ISPY2_402384/ISPY2_402384_0003.nii.gz,444.7668151855469,343.7642517089844
images/ISPY2_402384/ISPY2_402384_0005.nii.gz,450.28955078125,341.2358093261719
images/ISPY2_405717/ISPY2_405717_0001.nii.gz,436.28375244140625,501.51080322265625
images/ISPY2_405717/ISPY2_405717_0004.nii.gz,519.5205078125,586.649658203125
images/ISPY2_405717/ISPY2_405717_0002.nii.gz,516.855712890625,587.7837524414062
images/ISPY2_405717/ISPY2_405717_0003.nii.gz,513.6343994140625,576.5993041992188
images/ISPY2_406190/ISPY2_406190_0004.nii.gz,30.36570167541504,42.42796325683594
images/ISPY2_406190/ISPY2_406190_0003.nii.gz,30.02138328552246,41.779972076416016
images/ISPY2_406190/ISPY2_406190_0001.nii.gz,28.427623748779297,37.687835693359375
images/ISPY2_406190/ISPY2_406190_0002.nii.gz,29.65488052368164,41.576622009277344
images/ISPY2_406190/ISPY2_406190_0005.nii.gz,30.484731674194336,42.55971145629883
images/ISPY2_407539/ISPY2_407539_0001.nii.gz,286.16656494140625,481.5941162109375
images/ISPY2_407539/ISPY2_407539_0005.nii.gz,381.3850402832031,613.4957885742188
images/ISPY2_407539/ISPY2_407539_0002.nii.gz,335.68548583984375,554.0825805664062
images/ISPY2_407539/ISPY2_407539_0004.nii.gz,370.1936950683594,599.9982299804688
images/ISPY2_407539/ISPY2_407539_0003.nii.gz,360.1048278808594,583.7975463867188
images/ISPY2_408692/ISPY2_408692_0003.nii.gz,169.2454833984375,208.53880310058594
images/ISPY2_408692/ISPY2_408692_0001.nii.gz,171.37155151367188,232.84397888183594
images/ISPY2_408692/ISPY2_408692_0002.nii.gz,170.80758666992188,219.4232635498047
images/ISPY2_408692/ISPY2_408692_0004.nii.gz,167.64686584472656,203.12530517578125
images/ISPY2_408692/ISPY2_408692_0005.nii.gz,162.86376953125,196.72283935546875
images/ISPY2_409288/ISPY2_409288_0004.nii.gz,412.4844055175781,472.6662902832031
images/ISPY2_409288/ISPY2_409288_0003.nii.gz,410.6023254394531,481.5750732421875
images/ISPY2_409288/ISPY2_409288_0001.nii.gz,361.6673583984375,439.3645935058594
images/ISPY2_409288/ISPY2_409288_0002.nii.gz,397.8336181640625,475.4825439453125
images/ISPY2_409288/ISPY2_409288_0005.nii.gz,421.83349609375,474.2197265625
images/ISPY2_410083/ISPY2_410083_0005.nii.gz,213.49615478515625,262.01177978515625
images/ISPY2_410083/ISPY2_410083_0003.nii.gz,201.9517822265625,258.2481689453125
images/ISPY2_410083/ISPY2_410083_0004.nii.gz,213.61386108398438,268.5408020019531
images/ISPY2_410083/ISPY2_410083_0001.nii.gz,177.35047912597656,233.8181915283203
images/ISPY2_410083/ISPY2_410083_0002.nii.gz,192.8286590576172,251.2607879638672
images/ISPY2_411008/ISPY2_411008_0005.nii.gz,92.64878845214844,128.3967742919922
images/ISPY2_411008/ISPY2_411008_0003.nii.gz,90.394775390625,123.27776336669922
images/ISPY2_411008/ISPY2_411008_0004.nii.gz,91.83356475830078,126.22526550292969
images/ISPY2_411008/ISPY2_411008_0001.nii.gz,83.57624053955078,109.26997375488281
images/ISPY2_411008/ISPY2_411008_0002.nii.gz,88.2234115600586,119.07310485839844
images/ISPY2_411684/ISPY2_411684_0001.nii.gz,252.14633178710938,398.84527587890625
images/ISPY2_411684/ISPY2_411684_0003.nii.gz,338.2356262207031,514.4254150390625
images/ISPY2_411684/ISPY2_411684_0005.nii.gz,370.97320556640625,555.3283081054688
images/ISPY2_411684/ISPY2_411684_0004.nii.gz,357.3599548339844,538.7337646484375
images/ISPY2_411684/ISPY2_411684_0002.nii.gz,310.8438720703125,479.4251708984375
images/ISPY2_411806/ISPY2_411806_0002.nii.gz,40.9766960144043,59.43791198730469
images/ISPY2_411806/ISPY2_411806_0005.nii.gz,40.64723587036133,55.609169006347656
images/ISPY2_411806/ISPY2_411806_0003.nii.gz,39.85847473144531,56.63840866088867
images/ISPY2_411806/ISPY2_411806_0001.nii.gz,40.24079513549805,59.597023010253906
images/ISPY2_411806/ISPY2_411806_0004.nii.gz,40.086795806884766,56.504180908203125
images/ISPY2_411950/ISPY2_411950_0005.nii.gz,53.9259033203125,66.06979370117188
images/ISPY2_411950/ISPY2_411950_0001.nii.gz,49.684295654296875,55.8601188659668
images/ISPY2_411950/ISPY2_411950_0004.nii.gz,54.08838653564453,65.35995483398438
images/ISPY2_411950/ISPY2_411950_0003.nii.gz,53.3160514831543,63.8797492980957
images/ISPY2_411950/ISPY2_411950_0002.nii.gz,52.60115051269531,62.06782531738281
images/ISPY2_412772/ISPY2_412772_0005.nii.gz,77.06657409667969,81.88359832763672
images/ISPY2_412772/ISPY2_412772_0003.nii.gz,75.55557250976562,81.6503677368164
images/ISPY2_412772/ISPY2_412772_0002.nii.gz,75.09378814697266,82.77749633789062
images/ISPY2_412772/ISPY2_412772_0001.nii.gz,70.28121948242188,74.84457397460938
images/ISPY2_412772/ISPY2_412772_0004.nii.gz,76.09564208984375,81.91041564941406
images/ISPY2_413211/ISPY2_413211_0001.nii.gz,109.54544067382812,145.43997192382812
images/ISPY2_413211/ISPY2_413211_0003.nii.gz,115.47898864746094,140.07968139648438
images/ISPY2_413211/ISPY2_413211_0002.nii.gz,116.15100860595703,144.56932067871094
images/ISPY2_413211/ISPY2_413211_0005.nii.gz,116.98612976074219,139.84066772460938
images/ISPY2_413211/ISPY2_413211_0004.nii.gz,116.69396209716797,142.1739501953125
images/ISPY2_413961/ISPY2_413961_0005.nii.gz,33.922889709472656,48.29354476928711
images/ISPY2_413961/ISPY2_413961_0001.nii.gz,31.128103256225586,41.96415328979492
images/ISPY2_413961/ISPY2_413961_0002.nii.gz,32.93550109863281,45.5384521484375
images/ISPY2_413961/ISPY2_413961_0004.nii.gz,33.67942428588867,48.12525939941406
images/ISPY2_413961/ISPY2_413961_0003.nii.gz,33.2515754699707,47.014305114746094
images/ISPY2_414256/ISPY2_414256_0003.nii.gz,35.59791946411133,39.62480926513672
images/ISPY2_414256/ISPY2_414256_0005.nii.gz,35.903221130371094,39.05047607421875
images/ISPY2_414256/ISPY2_414256_0002.nii.gz,35.72932052612305,40.83881378173828
images/ISPY2_414256/ISPY2_414256_0001.nii.gz,33.20212936401367,39.20858383178711
images/ISPY2_414256/ISPY2_414256_0004.nii.gz,36.01844787597656,39.506446838378906
images/ISPY2_414286/ISPY2_414286_0001.nii.gz,76.33393859863281,102.465576171875
images/ISPY2_414286/ISPY2_414286_0003.nii.gz,86.25802612304688,117.743896484375
images/ISPY2_414286/ISPY2_414286_0005.nii.gz,88.80722045898438,122.9540023803711
images/ISPY2_414286/ISPY2_414286_0004.nii.gz,87.63035583496094,120.56393432617188
images/ISPY2_414286/ISPY2_414286_0002.nii.gz,83.26705169677734,113.27979278564453
images/ISPY2_414844/ISPY2_414844_0005.nii.gz,44.40299987792969,62.3297004699707
images/ISPY2_414844/ISPY2_414844_0004.nii.gz,43.76472091674805,60.45132827758789
images/ISPY2_414844/ISPY2_414844_0001.nii.gz,36.431915283203125,47.11756896972656
images/ISPY2_414844/ISPY2_414844_0003.nii.gz,42.13957977294922,59.3450927734375
images/ISPY2_414844/ISPY2_414844_0002.nii.gz,40.405128479003906,56.238712310791016
images/ISPY2_414971/ISPY2_414971_0005.nii.gz,308.9843444824219,340.40667724609375
images/ISPY2_414971/ISPY2_414971_0002.nii.gz,320.25408935546875,358.4237060546875
images/ISPY2_414971/ISPY2_414971_0003.nii.gz,313.2385559082031,347.24200439453125
images/ISPY2_414971/ISPY2_414971_0001.nii.gz,333.2152404785156,381.423095703125
images/ISPY2_414971/ISPY2_414971_0004.nii.gz,309.2254943847656,340.28302001953125
images/ISPY2_415039/ISPY2_415039_0002.nii.gz,64.72015380859375,95.40922546386719
images/ISPY2_415039/ISPY2_415039_0005.nii.gz,64.50019073486328,95.38211822509766
images/ISPY2_415039/ISPY2_415039_0001.nii.gz,66.05335235595703,96.66342163085938
images/ISPY2_415039/ISPY2_415039_0003.nii.gz,64.3448257446289,94.8995132446289
images/ISPY2_415039/ISPY2_415039_0004.nii.gz,64.59892272949219,95.6163330078125
images/ISPY2_416434/ISPY2_416434_0003.nii.gz,477.1625671386719,549.4481811523438
images/ISPY2_416434/ISPY2_416434_0001.nii.gz,452.47003173828125,536.3541870117188
images/ISPY2_416434/ISPY2_416434_0004.nii.gz,452.4322204589844,512.3186645507812
images/ISPY2_416434/ISPY2_416434_0002.nii.gz,481.6049499511719,563.9765625
images/ISPY2_416434/ISPY2_416434_0005.nii.gz,472.4259948730469,539.083740234375
images/ISPY2_417474/ISPY2_417474_0003.nii.gz,100.55584716796875,174.3754425048828
images/ISPY2_417474/ISPY2_417474_0005.nii.gz,100.62818908691406,168.8880157470703
images/ISPY2_417474/ISPY2_417474_0001.nii.gz,99.61398315429688,196.21632385253906
images/ISPY2_417474/ISPY2_417474_0004.nii.gz,101.37144470214844,172.60594177246094
images/ISPY2_417474/ISPY2_417474_0002.nii.gz,100.8161392211914,183.87550354003906
images/ISPY2_417654/ISPY2_417654_0005.nii.gz,143.67308044433594,99.34341430664062
images/ISPY2_417654/ISPY2_417654_0002.nii.gz,138.8555908203125,95.7730712890625
images/ISPY2_417654/ISPY2_417654_0004.nii.gz,144.90823364257812,98.18460845947266
images/ISPY2_417654/ISPY2_417654_0001.nii.gz,125.2842788696289,86.9759750366211
images/ISPY2_417654/ISPY2_417654_0003.nii.gz,143.12069702148438,97.88423919677734
images/ISPY2_418593/ISPY2_418593_0001.nii.gz,59.03950119018555,92.09900665283203
images/ISPY2_418593/ISPY2_418593_0002.nii.gz,63.78987503051758,102.1077880859375
images/ISPY2_418593/ISPY2_418593_0005.nii.gz,65.81063079833984,109.25318145751953
images/ISPY2_418593/ISPY2_418593_0003.nii.gz,64.3719482421875,105.04318237304688
images/ISPY2_418593/ISPY2_418593_0004.nii.gz,64.56391143798828,106.8935546875
images/ISPY2_419590/ISPY2_419590_0001.nii.gz,251.50698852539062,299.5225524902344
images/ISPY2_419590/ISPY2_419590_0002.nii.gz,248.56092834472656,285.1676025390625
images/ISPY2_419590/ISPY2_419590_0005.nii.gz,246.41722106933594,274.0513916015625
images/ISPY2_419590/ISPY2_419590_0004.nii.gz,249.12596130371094,277.27691650390625
images/ISPY2_419590/ISPY2_419590_0003.nii.gz,247.43324279785156,275.82391357421875
images/ISPY2_420523/ISPY2_420523_0001.nii.gz,208.96311950683594,241.1844482421875
images/ISPY2_420523/ISPY2_420523_0005.nii.gz,333.75177001953125,387.0752258300781
images/ISPY2_420523/ISPY2_420523_0003.nii.gz,323.1730041503906,371.013671875
images/ISPY2_420523/ISPY2_420523_0002.nii.gz,308.234375,358.2700500488281
images/ISPY2_420523/ISPY2_420523_0004.nii.gz,326.5027770996094,380.18115234375
images/ISPY2_421829/ISPY2_421829_0003.nii.gz,232.6337432861328,252.5719757080078
images/ISPY2_421829/ISPY2_421829_0001.nii.gz,229.0037841796875,281.212890625
images/ISPY2_421829/ISPY2_421829_0002.nii.gz,233.11599731445312,259.4756164550781
images/ISPY2_421829/ISPY2_421829_0004.nii.gz,233.95370483398438,249.9615478515625
images/ISPY2_421829/ISPY2_421829_0005.nii.gz,228.46202087402344,243.85009765625
images/ISPY2_421917/ISPY2_421917_0004.nii.gz,228.72132873535156,265.063232421875
images/ISPY2_421917/ISPY2_421917_0003.nii.gz,222.75599670410156,259.8853759765625
images/ISPY2_421917/ISPY2_421917_0002.nii.gz,221.78773498535156,258.0053405761719
images/ISPY2_421917/ISPY2_421917_0001.nii.gz,229.0100555419922,268.67901611328125
images/ISPY2_421917/ISPY2_421917_0005.nii.gz,228.0613555908203,264.6231994628906
images/ISPY2_422013/ISPY2_422013_0003.nii.gz,406.7970886230469,343.0489196777344
images/ISPY2_422013/ISPY2_422013_0001.nii.gz,322.05743408203125,276.451171875
images/ISPY2_422013/ISPY2_422013_0005.nii.gz,412.1864929199219,351.5813293457031
images/ISPY2_422013/ISPY2_422013_0004.nii.gz,408.627685546875,346.25909423828125
images/ISPY2_422013/ISPY2_422013_0002.nii.gz,391.0398864746094,330.6865234375
images/ISPY2_422450/ISPY2_422450_0002.nii.gz,81.82721710205078,109.26029968261719
images/ISPY2_422450/ISPY2_422450_0003.nii.gz,81.63011932373047,108.05218505859375
images/ISPY2_422450/ISPY2_422450_0001.nii.gz,83.4777603149414,111.61801147460938
images/ISPY2_422450/ISPY2_422450_0004.nii.gz,80.61434936523438,107.50563049316406
images/ISPY2_422454/ISPY2_422454_0001.nii.gz,72.73287200927734,91.06700134277344
images/ISPY2_422454/ISPY2_422454_0002.nii.gz,76.20700073242188,96.40409088134766
images/ISPY2_422454/ISPY2_422454_0003.nii.gz,75.45156860351562,94.91841888427734
images/ISPY2_422454/ISPY2_422454_0004.nii.gz,75.97991180419922,95.51051330566406
images/ISPY2_422454/ISPY2_422454_0005.nii.gz,75.45445251464844,94.73072052001953
images/ISPY2_423619/ISPY2_423619_0004.nii.gz,236.30874633789062,299.60430908203125
images/ISPY2_423619/ISPY2_423619_0005.nii.gz,237.95639038085938,303.4071044921875
images/ISPY2_423619/ISPY2_423619_0002.nii.gz,214.01351928710938,271.654541015625
images/ISPY2_423619/ISPY2_423619_0003.nii.gz,221.89767456054688,283.2230529785156
images/ISPY2_423619/ISPY2_423619_0001.nii.gz,175.3192596435547,222.59439086914062
images/ISPY2_423979/ISPY2_423979_0001.nii.gz,52.16065216064453,62.16115951538086
images/ISPY2_423979/ISPY2_423979_0003.nii.gz,52.986351013183594,59.58563232421875
images/ISPY2_423979/ISPY2_423979_0005.nii.gz,52.95877456665039,58.346435546875
images/ISPY2_423979/ISPY2_423979_0004.nii.gz,53.844093322753906,60.31403732299805
images/ISPY2_423979/ISPY2_423979_0002.nii.gz,55.08515930175781,63.055015563964844
images/ISPY2_424541/ISPY2_424541_0002.nii.gz,380.0618896484375,453.8357849121094
images/ISPY2_424541/ISPY2_424541_0004.nii.gz,389.596923828125,445.0307922363281
images/ISPY2_424541/ISPY2_424541_0001.nii.gz,367.16796875,456.3995056152344
images/ISPY2_424541/ISPY2_424541_0003.nii.gz,383.42315673828125,449.8740539550781
images/ISPY2_424541/ISPY2_424541_0005.nii.gz,388.9765625,445.9111633300781
images/ISPY2_425173/ISPY2_425173_0003.nii.gz,55.82185745239258,60.149227142333984
images/ISPY2_425173/ISPY2_425173_0005.nii.gz,55.15461730957031,58.003990173339844
images/ISPY2_425173/ISPY2_425173_0002.nii.gz,56.49864959716797,63.825286865234375
images/ISPY2_425173/ISPY2_425173_0004.nii.gz,54.92789077758789,57.92988967895508
images/ISPY2_425173/ISPY2_425173_0001.nii.gz,53.69236373901367,63.359432220458984
images/ISPY2_426106/ISPY2_426106_0005.nii.gz,411.801025390625,544.3851318359375
images/ISPY2_426106/ISPY2_426106_0002.nii.gz,364.4194030761719,489.2564697265625
images/ISPY2_426106/ISPY2_426106_0001.nii.gz,306.1411437988281,412.44256591796875
images/ISPY2_426106/ISPY2_426106_0004.nii.gz,401.5484313964844,531.873291015625
images/ISPY2_426106/ISPY2_426106_0003.nii.gz,388.1316223144531,515.0664672851562
images/ISPY2_427321/ISPY2_427321_0003.nii.gz,42.559146881103516,48.15045928955078
images/ISPY2_427321/ISPY2_427321_0001.nii.gz,37.777671813964844,46.088409423828125
images/ISPY2_427321/ISPY2_427321_0005.nii.gz,44.730098724365234,49.2689208984375
images/ISPY2_427321/ISPY2_427321_0004.nii.gz,43.833709716796875,48.947181701660156
images/ISPY2_427321/ISPY2_427321_0002.nii.gz,41.33981704711914,47.949745178222656
images/ISPY2_429220/ISPY2_429220_0002.nii.gz,82.33856201171875,118.29854583740234
images/ISPY2_429220/ISPY2_429220_0003.nii.gz,84.90554809570312,116.47122955322266
images/ISPY2_429220/ISPY2_429220_0005.nii.gz,85.70415496826172,113.76481628417969
images/ISPY2_429220/ISPY2_429220_0001.nii.gz,77.27645111083984,118.99227142333984
images/ISPY2_429220/ISPY2_429220_0004.nii.gz,86.14794921875,116.2455062866211
images/ISPY2_430441/ISPY2_430441_0005.nii.gz,70.20256805419922,87.06299591064453
images/ISPY2_430441/ISPY2_430441_0004.nii.gz,69.49409484863281,85.62921905517578
images/ISPY2_430441/ISPY2_430441_0003.nii.gz,68.90364837646484,84.30094146728516
images/ISPY2_430441/ISPY2_430441_0002.nii.gz,67.88592529296875,81.49635314941406
images/ISPY2_430441/ISPY2_430441_0001.nii.gz,62.379398345947266,72.2489013671875
images/ISPY2_431061/ISPY2_431061_0001.nii.gz,368.0094909667969,379.146484375
images/ISPY2_431061/ISPY2_431061_0004.nii.gz,384.57647705078125,372.0415344238281
images/ISPY2_431061/ISPY2_431061_0003.nii.gz,393.0161437988281,375.4694519042969
images/ISPY2_431061/ISPY2_431061_0002.nii.gz,379.10443115234375,383.5100402832031
images/ISPY2_431061/ISPY2_431061_0005.nii.gz,378.41259765625,357.0316162109375
images/ISPY2_432114/ISPY2_432114_0004.nii.gz,419.9266052246094,688.9585571289062
images/ISPY2_432114/ISPY2_432114_0005.nii.gz,428.0621337890625,705.3331909179688
images/ISPY2_432114/ISPY2_432114_0001.nii.gz,320.7259826660156,549.84423828125
images/ISPY2_432114/ISPY2_432114_0002.nii.gz,379.6583251953125,632.4200439453125
images/ISPY2_432114/ISPY2_432114_0003.nii.gz,404.963623046875,667.4658813476562
images/ISPY2_433144/ISPY2_433144_0005.nii.gz,502.87158203125,579.3612060546875
images/ISPY2_433144/ISPY2_433144_0001.nii.gz,384.10748291015625,465.0451965332031
images/ISPY2_433144/ISPY2_433144_0004.nii.gz,488.69683837890625,563.7771606445312
images/ISPY2_433144/ISPY2_433144_0002.nii.gz,441.0909423828125,517.5060424804688
images/ISPY2_433144/ISPY2_433144_0003.nii.gz,472.6542663574219,538.70849609375
images/ISPY2_435279/ISPY2_435279_0003.nii.gz,593.6844482421875,714.697265625
images/ISPY2_435279/ISPY2_435279_0002.nii.gz,560.5853271484375,672.22802734375
images/ISPY2_435279/ISPY2_435279_0004.nii.gz,620.0840454101562,746.1166381835938
images/ISPY2_435279/ISPY2_435279_0001.nii.gz,488.087158203125,581.389892578125
images/ISPY2_435279/ISPY2_435279_0005.nii.gz,633.9199829101562,767.3427124023438
images/ISPY2_435313/ISPY2_435313_0002.nii.gz,30.055997848510742,41.4409065246582
images/ISPY2_435313/ISPY2_435313_0004.nii.gz,30.163284301757812,41.71579360961914
images/ISPY2_435313/ISPY2_435313_0005.nii.gz,29.84926414489746,41.33930969238281
images/ISPY2_435313/ISPY2_435313_0003.nii.gz,30.05620002746582,41.430301666259766
images/ISPY2_435313/ISPY2_435313_0001.nii.gz,30.068645477294922,40.42070007324219
images/ISPY2_436371/ISPY2_436371_0005.nii.gz,358.1341247558594,368.17767333984375
images/ISPY2_436371/ISPY2_436371_0001.nii.gz,331.3663635253906,412.60546875
images/ISPY2_436371/ISPY2_436371_0003.nii.gz,349.8409118652344,373.380859375
images/ISPY2_436371/ISPY2_436371_0004.nii.gz,357.9755554199219,367.7346496582031
images/ISPY2_436371/ISPY2_436371_0002.nii.gz,351.02606201171875,382.4335632324219
images/ISPY2_437162/ISPY2_437162_0001.nii.gz,332.2461242675781,417.4352111816406
images/ISPY2_437162/ISPY2_437162_0004.nii.gz,347.23724365234375,443.035888671875
images/ISPY2_437162/ISPY2_437162_0003.nii.gz,346.6895751953125,438.0627136230469
images/ISPY2_437162/ISPY2_437162_0005.nii.gz,359.0442199707031,448.68792724609375
images/ISPY2_437162/ISPY2_437162_0002.nii.gz,348.5189208984375,436.3031005859375
images/ISPY2_437968/ISPY2_437968_0002.nii.gz,124.63282012939453,169.3421630859375
images/ISPY2_437968/ISPY2_437968_0004.nii.gz,125.77391052246094,162.11476135253906
images/ISPY2_437968/ISPY2_437968_0003.nii.gz,126.25598907470703,166.68028259277344
images/ISPY2_437968/ISPY2_437968_0001.nii.gz,120.03443145751953,190.55770874023438
images/ISPY2_437968/ISPY2_437968_0005.nii.gz,127.13911437988281,162.50096130371094
images/ISPY2_439489/ISPY2_439489_0005.nii.gz,293.4998779296875,304.9415283203125
images/ISPY2_439489/ISPY2_439489_0003.nii.gz,300.3687438964844,308.5869140625
images/ISPY2_439489/ISPY2_439489_0002.nii.gz,296.34381103515625,307.7979736328125
images/ISPY2_439489/ISPY2_439489_0004.nii.gz,299.5487976074219,307.6308288574219
images/ISPY2_439489/ISPY2_439489_0001.nii.gz,280.69451904296875,288.6028747558594
images/ISPY2_442637/ISPY2_442637_0002.nii.gz,411.4399108886719,447.8097229003906
images/ISPY2_442637/ISPY2_442637_0005.nii.gz,372.21038818359375,364.62200927734375
images/ISPY2_442637/ISPY2_442637_0004.nii.gz,383.86163330078125,389.62030029296875
images/ISPY2_442637/ISPY2_442637_0003.nii.gz,379.9207458496094,386.67401123046875
images/ISPY2_442637/ISPY2_442637_0001.nii.gz,439.7557678222656,523.0305786132812
images/ISPY2_442669/ISPY2_442669_0005.nii.gz,373.74981689453125,346.18994140625
images/ISPY2_442669/ISPY2_442669_0001.nii.gz,361.4607238769531,410.39996337890625
images/ISPY2_442669/ISPY2_442669_0002.nii.gz,363.98779296875,374.97918701171875
images/ISPY2_442669/ISPY2_442669_0004.nii.gz,364.6702575683594,346.4233093261719
images/ISPY2_442669/ISPY2_442669_0003.nii.gz,379.760498046875,371.9941101074219
images/ISPY2_442981/ISPY2_442981_0005.nii.gz,41.75999450683594,48.35717010498047
images/ISPY2_442981/ISPY2_442981_0001.nii.gz,39.093257904052734,41.7313346862793
images/ISPY2_442981/ISPY2_442981_0004.nii.gz,41.62196731567383,47.95756530761719
images/ISPY2_442981/ISPY2_442981_0003.nii.gz,41.948081970214844,47.79058837890625
images/ISPY2_442981/ISPY2_442981_0002.nii.gz,41.99093246459961,47.463016510009766
images/ISPY2_443444/ISPY2_443444_0003.nii.gz,29.836639404296875,45.88734817504883
images/ISPY2_443444/ISPY2_443444_0005.nii.gz,29.364608764648438,44.63650894165039
images/ISPY2_443444/ISPY2_443444_0004.nii.gz,29.425556182861328,45.06748962402344
images/ISPY2_443444/ISPY2_443444_0001.nii.gz,28.490083694458008,44.603450775146484
images/ISPY2_443444/ISPY2_443444_0002.nii.gz,29.824005126953125,46.77456283569336
images/ISPY2_443708/ISPY2_443708_0001.nii.gz,42.59076690673828,48.90666961669922
images/ISPY2_443708/ISPY2_443708_0004.nii.gz,51.77473068237305,58.58580017089844
images/ISPY2_443708/ISPY2_443708_0003.nii.gz,51.35702896118164,58.04206466674805
images/ISPY2_443708/ISPY2_443708_0002.nii.gz,48.496986389160156,55.82727813720703
images/ISPY2_443708/ISPY2_443708_0005.nii.gz,52.956138610839844,59.41757583618164
images/ISPY2_446263/ISPY2_446263_0001.nii.gz,291.97625732421875,268.8725280761719
images/ISPY2_446263/ISPY2_446263_0002.nii.gz,308.96826171875,280.779052734375
images/ISPY2_446263/ISPY2_446263_0004.nii.gz,322.0537109375,292.8271484375
images/ISPY2_446263/ISPY2_446263_0005.nii.gz,332.147216796875,300.51202392578125
images/ISPY2_446263/ISPY2_446263_0003.nii.gz,324.3956604003906,295.6925048828125
images/ISPY2_451482/ISPY2_451482_0002.nii.gz,250.3534698486328,374.28326416015625
images/ISPY2_451482/ISPY2_451482_0003.nii.gz,246.74862670898438,366.6208801269531
images/ISPY2_451482/ISPY2_451482_0005.nii.gz,245.61630249023438,364.2652587890625
images/ISPY2_451482/ISPY2_451482_0001.nii.gz,232.92274475097656,351.4898376464844
images/ISPY2_451482/ISPY2_451482_0004.nii.gz,250.2129669189453,369.5669860839844
images/ISPY2_451816/ISPY2_451816_0005.nii.gz,73.42757415771484,104.31523895263672
images/ISPY2_451816/ISPY2_451816_0001.nii.gz,62.10434341430664,103.0247573852539
images/ISPY2_451816/ISPY2_451816_0004.nii.gz,72.57758331298828,104.21556854248047
images/ISPY2_451816/ISPY2_451816_0002.nii.gz,69.65171813964844,106.67715454101562
images/ISPY2_451816/ISPY2_451816_0003.nii.gz,71.66523742675781,105.65318298339844
images/ISPY2_452703/ISPY2_452703_0004.nii.gz,71.15033721923828,135.18934631347656
images/ISPY2_452703/ISPY2_452703_0001.nii.gz,61.35771179199219,103.51575469970703
images/ISPY2_452703/ISPY2_452703_0005.nii.gz,71.70397186279297,138.48854064941406
images/ISPY2_452703/ISPY2_452703_0003.nii.gz,69.28942108154297,130.0491943359375
images/ISPY2_452703/ISPY2_452703_0002.nii.gz,67.2273941040039,123.88349151611328
images/ISPY2_453596/ISPY2_453596_0003.nii.gz,272.02606201171875,293.5759582519531
images/ISPY2_453596/ISPY2_453596_0002.nii.gz,282.0264587402344,310.9051208496094
images/ISPY2_453596/ISPY2_453596_0001.nii.gz,278.25079345703125,322.63018798828125
images/ISPY2_453596/ISPY2_453596_0005.nii.gz,281.169677734375,292.8313903808594
images/ISPY2_453596/ISPY2_453596_0004.nii.gz,282.93402099609375,299.2731018066406
images/ISPY2_454808/ISPY2_454808_0001.nii.gz,579.805908203125,700.2601928710938
images/ISPY2_454808/ISPY2_454808_0003.nii.gz,549.8831176757812,629.8245239257812
images/ISPY2_454808/ISPY2_454808_0004.nii.gz,521.4926147460938,572.9525756835938
images/ISPY2_454808/ISPY2_454808_0002.nii.gz,571.9923706054688,666.5413208007812
images/ISPY2_454808/ISPY2_454808_0005.nii.gz,539.0757446289062,600.9293212890625
images/ISPY2_455828/ISPY2_455828_0001.nii.gz,102.62271118164062,140.20252990722656
images/ISPY2_455828/ISPY2_455828_0005.nii.gz,117.5814437866211,143.1390380859375
images/ISPY2_455828/ISPY2_455828_0004.nii.gz,116.97695922851562,143.2891082763672
images/ISPY2_455828/ISPY2_455828_0002.nii.gz,112.11029052734375,142.64739990234375
images/ISPY2_455828/ISPY2_455828_0003.nii.gz,115.50226593017578,142.9149169921875
images/ISPY2_456432/ISPY2_456432_0004.nii.gz,553.2823486328125,383.89361572265625
images/ISPY2_456432/ISPY2_456432_0005.nii.gz,543.7810668945312,374.2906494140625
images/ISPY2_456432/ISPY2_456432_0003.nii.gz,573.6256713867188,399.9954833984375
images/ISPY2_456432/ISPY2_456432_0001.nii.gz,612.7571411132812,465.1934509277344
images/ISPY2_456432/ISPY2_456432_0002.nii.gz,608.446044921875,431.25408935546875
images/ISPY2_456506/ISPY2_456506_0004.nii.gz,461.1691589355469,587.0380249023438
images/ISPY2_456506/ISPY2_456506_0001.nii.gz,344.7174987792969,476.60638427734375
images/ISPY2_456506/ISPY2_456506_0005.nii.gz,469.6424255371094,595.4131469726562
images/ISPY2_456506/ISPY2_456506_0002.nii.gz,410.5260009765625,546.4488525390625
images/ISPY2_456506/ISPY2_456506_0003.nii.gz,439.981689453125,571.1249389648438
images/ISPY2_458196/ISPY2_458196_0004.nii.gz,427.7817077636719,539.5735473632812
images/ISPY2_458196/ISPY2_458196_0003.nii.gz,432.8605651855469,547.7138061523438
images/ISPY2_458196/ISPY2_458196_0002.nii.gz,429.1549072265625,538.2011108398438
images/ISPY2_458196/ISPY2_458196_0001.nii.gz,413.2789611816406,527.7421875
images/ISPY2_458196/ISPY2_458196_0005.nii.gz,441.2608337402344,556.9906005859375
images/ISPY2_459311/ISPY2_459311_0003.nii.gz,161.24012756347656,168.70111083984375
images/ISPY2_459311/ISPY2_459311_0002.nii.gz,154.93739318847656,161.23545837402344
images/ISPY2_459311/ISPY2_459311_0004.nii.gz,164.4600372314453,171.95391845703125
images/ISPY2_459311/ISPY2_459311_0005.nii.gz,166.05250549316406,175.0681610107422
images/ISPY2_459311/ISPY2_459311_0001.nii.gz,140.2194061279297,143.7093963623047
images/ISPY2_460642/ISPY2_460642_0002.nii.gz,387.5145263671875,499.7369079589844
images/ISPY2_460642/ISPY2_460642_0004.nii.gz,411.11187744140625,516.6195068359375
images/ISPY2_460642/ISPY2_460642_0001.nii.gz,349.6366271972656,469.17864990234375
images/ISPY2_460642/ISPY2_460642_0005.nii.gz,415.6657409667969,520.5667724609375
images/ISPY2_460642/ISPY2_460642_0003.nii.gz,400.46514892578125,505.682861328125
images/ISPY2_460776/ISPY2_460776_0002.nii.gz,43.07666778564453,51.668766021728516
images/ISPY2_460776/ISPY2_460776_0004.nii.gz,46.098663330078125,54.948089599609375
images/ISPY2_460776/ISPY2_460776_0005.nii.gz,46.70872116088867,55.640037536621094
images/ISPY2_460776/ISPY2_460776_0001.nii.gz,37.745849609375,45.10466766357422
images/ISPY2_460776/ISPY2_460776_0003.nii.gz,45.07548522949219,53.73625564575195
images/ISPY2_460812/ISPY2_460812_0002.nii.gz,71.20484924316406,104.71590423583984
images/ISPY2_460812/ISPY2_460812_0001.nii.gz,66.53308868408203,100.63397216796875
images/ISPY2_460812/ISPY2_460812_0005.nii.gz,74.2749252319336,109.2132568359375
images/ISPY2_460812/ISPY2_460812_0004.nii.gz,74.25489807128906,108.4985580444336
images/ISPY2_460812/ISPY2_460812_0003.nii.gz,72.43072509765625,106.46207427978516
images/ISPY2_461824/ISPY2_461824_0003.nii.gz,231.1630859375,254.7935791015625
images/ISPY2_461824/ISPY2_461824_0004.nii.gz,238.12359619140625,259.6551818847656
images/ISPY2_461824/ISPY2_461824_0002.nii.gz,229.1864776611328,252.8203582763672
images/ISPY2_461824/ISPY2_461824_0005.nii.gz,239.4723358154297,262.3058166503906
images/ISPY2_461824/ISPY2_461824_0001.nii.gz,200.4832000732422,213.8410186767578
images/ISPY2_462581/ISPY2_462581_0004.nii.gz,53.031307220458984,68.3411865234375
images/ISPY2_462581/ISPY2_462581_0003.nii.gz,53.186851501464844,69.23700714111328
images/ISPY2_462581/ISPY2_462581_0005.nii.gz,52.528831481933594,67.6429672241211
images/ISPY2_462581/ISPY2_462581_0002.nii.gz,54.6556396484375,73.09757232666016
images/ISPY2_462581/ISPY2_462581_0001.nii.gz,54.089622497558594,74.77273559570312
images/ISPY2_462582/ISPY2_462582_0001.nii.gz,270.5897216796875,311.5677490234375
images/ISPY2_462582/ISPY2_462582_0002.nii.gz,267.2474060058594,291.474853515625
images/ISPY2_462582/ISPY2_462582_0005.nii.gz,265.82086181640625,276.2214660644531
images/ISPY2_462582/ISPY2_462582_0004.nii.gz,270.7581787109375,288.8481750488281
images/ISPY2_462582/ISPY2_462582_0003.nii.gz,268.8336486816406,286.6346740722656
images/ISPY2_462605/ISPY2_462605_0002.nii.gz,42.17172622680664,58.72928237915039
images/ISPY2_462605/ISPY2_462605_0004.nii.gz,41.861244201660156,58.30467224121094
images/ISPY2_462605/ISPY2_462605_0003.nii.gz,42.33660125732422,58.3906135559082
images/ISPY2_462605/ISPY2_462605_0001.nii.gz,41.38389205932617,57.215389251708984
images/ISPY2_462605/ISPY2_462605_0005.nii.gz,42.130706787109375,58.13174057006836
images/ISPY2_464547/ISPY2_464547_0001.nii.gz,22.372821807861328,39.432594299316406
images/ISPY2_464547/ISPY2_464547_0002.nii.gz,23.120845794677734,41.33073425292969
images/ISPY2_464547/ISPY2_464547_0004.nii.gz,23.47853660583496,41.61625671386719
images/ISPY2_464547/ISPY2_464547_0003.nii.gz,23.315805435180664,41.28392028808594
images/ISPY2_464547/ISPY2_464547_0005.nii.gz,23.565948486328125,41.7487678527832
images/ISPY2_465008/ISPY2_465008_0002.nii.gz,192.80624389648438,171.61244201660156
images/ISPY2_465008/ISPY2_465008_0004.nii.gz,193.69029235839844,171.8303680419922
images/ISPY2_465008/ISPY2_465008_0001.nii.gz,185.39205932617188,170.74087524414062
images/ISPY2_465008/ISPY2_465008_0003.nii.gz,195.06069946289062,178.0413818359375
images/ISPY2_465008/ISPY2_465008_0005.nii.gz,192.36805725097656,171.530029296875
images/ISPY2_466267/ISPY2_466267_0005.nii.gz,66.95354461669922,95.9659423828125
images/ISPY2_466267/ISPY2_466267_0003.nii.gz,67.34230041503906,94.9722671508789
images/ISPY2_466267/ISPY2_466267_0004.nii.gz,66.62957000732422,94.82035827636719
images/ISPY2_466267/ISPY2_466267_0002.nii.gz,67.37528991699219,94.62183380126953
images/ISPY2_466267/ISPY2_466267_0001.nii.gz,64.24002075195312,88.3114242553711
images/ISPY2_467622/ISPY2_467622_0003.nii.gz,803.7053833007812,675.40283203125
images/ISPY2_467622/ISPY2_467622_0001.nii.gz,785.9666137695312,708.4260864257812
images/ISPY2_467622/ISPY2_467622_0002.nii.gz,807.896728515625,715.4193115234375
images/ISPY2_467622/ISPY2_467622_0005.nii.gz,831.9117431640625,687.4315185546875
images/ISPY2_467622/ISPY2_467622_0004.nii.gz,822.9756469726562,687.5546264648438
images/ISPY2_467686/ISPY2_467686_0004.nii.gz,230.64407348632812,283.8917541503906
images/ISPY2_467686/ISPY2_467686_0005.nii.gz,229.9737091064453,282.6444396972656
images/ISPY2_467686/ISPY2_467686_0003.nii.gz,224.33204650878906,277.4218444824219
images/ISPY2_467686/ISPY2_467686_0001.nii.gz,221.49710083007812,285.9312438964844
images/ISPY2_467686/ISPY2_467686_0002.nii.gz,232.72726440429688,292.78326416015625
images/ISPY2_472799/ISPY2_472799_0004.nii.gz,214.6244659423828,275.2450866699219
images/ISPY2_472799/ISPY2_472799_0001.nii.gz,197.10821533203125,271.66790771484375
images/ISPY2_472799/ISPY2_472799_0003.nii.gz,218.1968536376953,286.43756103515625
images/ISPY2_472799/ISPY2_472799_0002.nii.gz,215.42410278320312,288.2244873046875
images/ISPY2_472799/ISPY2_472799_0005.nii.gz,217.6505126953125,276.2802734375
images/ISPY2_473365/ISPY2_473365_0001.nii.gz,209.788330078125,258.0202941894531
images/ISPY2_473365/ISPY2_473365_0003.nii.gz,209.0773162841797,254.82875061035156
images/ISPY2_473365/ISPY2_473365_0004.nii.gz,210.92210388183594,256.94573974609375
images/ISPY2_473365/ISPY2_473365_0005.nii.gz,210.07907104492188,255.01368713378906
images/ISPY2_473365/ISPY2_473365_0002.nii.gz,206.02867126464844,251.12156677246094
images/ISPY2_473468/ISPY2_473468_0004.nii.gz,440.0466613769531,541.8836059570312
images/ISPY2_473468/ISPY2_473468_0005.nii.gz,420.5751037597656,512.4478149414062
images/ISPY2_473468/ISPY2_473468_0001.nii.gz,454.4884338378906,591.2740478515625
images/ISPY2_473468/ISPY2_473468_0003.nii.gz,453.81256103515625,571.52783203125
images/ISPY2_473468/ISPY2_473468_0002.nii.gz,434.1879577636719,537.03076171875
images/ISPY2_473505/ISPY2_473505_0005.nii.gz,198.83441162109375,226.11099243164062
images/ISPY2_473505/ISPY2_473505_0004.nii.gz,195.15219116210938,225.17483520507812
images/ISPY2_473505/ISPY2_473505_0003.nii.gz,192.50103759765625,223.1920623779297
images/ISPY2_473505/ISPY2_473505_0002.nii.gz,193.0011444091797,229.7493438720703
images/ISPY2_473505/ISPY2_473505_0001.nii.gz,179.33840942382812,224.80503845214844
images/ISPY2_474874/ISPY2_474874_0003.nii.gz,636.8021240234375,849.5757446289062
images/ISPY2_474874/ISPY2_474874_0002.nii.gz,597.692138671875,798.9266357421875
images/ISPY2_474874/ISPY2_474874_0001.nii.gz,512.8523559570312,675.4985961914062
images/ISPY2_474874/ISPY2_474874_0004.nii.gz,660.7476806640625,875.6968383789062
images/ISPY2_474874/ISPY2_474874_0005.nii.gz,682.4579467773438,898.3115234375
images/ISPY2_477816/ISPY2_477816_0003.nii.gz,66.99871063232422,100.14884185791016
images/ISPY2_477816/ISPY2_477816_0002.nii.gz,67.35769653320312,99.5946273803711
images/ISPY2_477816/ISPY2_477816_0004.nii.gz,67.46475219726562,100.86495971679688
images/ISPY2_477816/ISPY2_477816_0001.nii.gz,68.5308837890625,98.13773345947266
images/ISPY2_477816/ISPY2_477816_0005.nii.gz,67.2475814819336,101.54552459716797
images/ISPY2_477994/ISPY2_477994_0005.nii.gz,337.4786376953125,457.08905029296875
images/ISPY2_477994/ISPY2_477994_0003.nii.gz,332.43829345703125,461.79736328125
images/ISPY2_477994/ISPY2_477994_0004.nii.gz,340.99981689453125,480.34625244140625
images/ISPY2_477994/ISPY2_477994_0002.nii.gz,340.6766052246094,487.5303955078125
images/ISPY2_477994/ISPY2_477994_0001.nii.gz,328.6084899902344,462.2274169921875
images/ISPY2_478055/ISPY2_478055_0005.nii.gz,133.61997985839844,171.57859802246094
images/ISPY2_478055/ISPY2_478055_0002.nii.gz,119.724609375,152.86631774902344
images/ISPY2_478055/ISPY2_478055_0003.nii.gz,126.20233154296875,162.54737854003906
images/ISPY2_478055/ISPY2_478055_0001.nii.gz,109.06234741210938,143.15151977539062
images/ISPY2_478055/ISPY2_478055_0004.nii.gz,131.37135314941406,168.40121459960938
images/ISPY2_478484/ISPY2_478484_0002.nii.gz,183.16001892089844,188.51541137695312
images/ISPY2_478484/ISPY2_478484_0004.nii.gz,179.36343383789062,177.04928588867188
images/ISPY2_478484/ISPY2_478484_0003.nii.gz,182.90113830566406,183.66766357421875
images/ISPY2_478484/ISPY2_478484_0005.nii.gz,181.40699768066406,180.4948272705078
images/ISPY2_478484/ISPY2_478484_0001.nii.gz,175.31471252441406,191.32679748535156
images/ISPY2_478655/ISPY2_478655_0001.nii.gz,246.5111541748047,418.4125671386719
images/ISPY2_478655/ISPY2_478655_0002.nii.gz,277.7070617675781,458.233154296875
images/ISPY2_478655/ISPY2_478655_0005.nii.gz,295.1907043457031,472.6230773925781
images/ISPY2_478655/ISPY2_478655_0004.nii.gz,290.10516357421875,462.5671691894531
images/ISPY2_478655/ISPY2_478655_0003.nii.gz,282.22052001953125,476.2016296386719
images/ISPY2_479417/ISPY2_479417_0003.nii.gz,177.87750244140625,207.39955139160156
images/ISPY2_479417/ISPY2_479417_0004.nii.gz,184.3043670654297,213.3889617919922
images/ISPY2_479417/ISPY2_479417_0002.nii.gz,171.4736785888672,199.067626953125
images/ISPY2_479417/ISPY2_479417_0001.nii.gz,128.2066650390625,157.599365234375
images/ISPY2_479417/ISPY2_479417_0005.nii.gz,182.25794982910156,214.9976043701172
images/ISPY2_483667/ISPY2_483667_0005.nii.gz,167.014892578125,182.25210571289062
images/ISPY2_483667/ISPY2_483667_0003.nii.gz,163.33535766601562,178.70716857910156
images/ISPY2_483667/ISPY2_483667_0001.nii.gz,135.56597900390625,141.81430053710938
images/ISPY2_483667/ISPY2_483667_0004.nii.gz,165.99624633789062,181.05657958984375
images/ISPY2_483667/ISPY2_483667_0002.nii.gz,158.71694946289062,174.2259979248047
images/ISPY2_483910/ISPY2_483910_0001.nii.gz,173.19862365722656,215.01351928710938
images/ISPY2_483910/ISPY2_483910_0005.nii.gz,185.57525634765625,216.80221557617188
images/ISPY2_483910/ISPY2_483910_0004.nii.gz,187.26605224609375,218.93028259277344
images/ISPY2_483910/ISPY2_483910_0002.nii.gz,180.07406616210938,217.39259338378906
images/ISPY2_483910/ISPY2_483910_0003.nii.gz,182.4588623046875,216.09361267089844
images/ISPY2_484867/ISPY2_484867_0005.nii.gz,90.47164916992188,115.81233215332031
images/ISPY2_484867/ISPY2_484867_0003.nii.gz,88.14086151123047,115.10198211669922
images/ISPY2_484867/ISPY2_484867_0001.nii.gz,79.21297454833984,117.80069732666016
images/ISPY2_484867/ISPY2_484867_0004.nii.gz,88.9101333618164,114.54046630859375
images/ISPY2_484867/ISPY2_484867_0002.nii.gz,86.00345611572266,116.05429077148438
images/ISPY2_484894/ISPY2_484894_0002.nii.gz,237.58090209960938,269.1007385253906
images/ISPY2_484894/ISPY2_484894_0004.nii.gz,244.57479858398438,272.1039733886719
images/ISPY2_484894/ISPY2_484894_0003.nii.gz,232.49583435058594,254.58412170410156
images/ISPY2_484894/ISPY2_484894_0001.nii.gz,238.82467651367188,274.4703674316406
images/ISPY2_484894/ISPY2_484894_0005.nii.gz,243.29513549804688,268.16351318359375
images/ISPY2_485637/ISPY2_485637_0002.nii.gz,215.49510192871094,261.77862548828125
images/ISPY2_485637/ISPY2_485637_0001.nii.gz,207.3425750732422,266.8478698730469
images/ISPY2_485637/ISPY2_485637_0003.nii.gz,211.77586364746094,248.35523986816406
images/ISPY2_485637/ISPY2_485637_0005.nii.gz,216.73086547851562,250.13784790039062
images/ISPY2_485637/ISPY2_485637_0004.nii.gz,215.4357147216797,248.91334533691406
images/ISPY2_489194/ISPY2_489194_0005.nii.gz,263.1553649902344,261.3521728515625
images/ISPY2_489194/ISPY2_489194_0003.nii.gz,280.99700927734375,289.2596130371094
images/ISPY2_489194/ISPY2_489194_0002.nii.gz,279.0898132324219,294.1221008300781
images/ISPY2_489194/ISPY2_489194_0001.nii.gz,286.75152587890625,314.3678894042969
images/ISPY2_489194/ISPY2_489194_0004.nii.gz,271.0602722167969,274.5876159667969
images/ISPY2_489504/ISPY2_489504_0002.nii.gz,105.68185424804688,129.8225860595703
images/ISPY2_489504/ISPY2_489504_0001.nii.gz,100.50123596191406,132.54232788085938
images/ISPY2_489504/ISPY2_489504_0003.nii.gz,108.38653564453125,129.7761993408203
images/ISPY2_489504/ISPY2_489504_0004.nii.gz,108.77752685546875,125.73596954345703
images/ISPY2_489504/ISPY2_489504_0005.nii.gz,108.80796813964844,125.55735778808594
images/ISPY2_489973/ISPY2_489973_0005.nii.gz,235.34642028808594,301.0792541503906
images/ISPY2_489973/ISPY2_489973_0004.nii.gz,228.262939453125,291.3199462890625
images/ISPY2_489973/ISPY2_489973_0003.nii.gz,234.82044982910156,306.1982421875
images/ISPY2_489973/ISPY2_489973_0001.nii.gz,233.43516540527344,328.2762145996094
images/ISPY2_489973/ISPY2_489973_0002.nii.gz,248.3756866455078,341.6580505371094
images/ISPY2_490023/ISPY2_490023_0001.nii.gz,62.84284973144531,79.98405456542969
images/ISPY2_490023/ISPY2_490023_0005.nii.gz,67.35517120361328,88.2409896850586
images/ISPY2_490023/ISPY2_490023_0004.nii.gz,66.97140502929688,87.66775512695312
images/ISPY2_490023/ISPY2_490023_0002.nii.gz,66.56645965576172,87.82911682128906
images/ISPY2_490023/ISPY2_490023_0003.nii.gz,67.26587677001953,88.293701171875
images/ISPY2_490805/ISPY2_490805_0005.nii.gz,430.7055969238281,484.22821044921875
images/ISPY2_490805/ISPY2_490805_0003.nii.gz,429.2984924316406,476.0755920410156
images/ISPY2_490805/ISPY2_490805_0002.nii.gz,448.8881530761719,503.62139892578125
images/ISPY2_490805/ISPY2_490805_0004.nii.gz,405.20111083984375,445.6565856933594
images/ISPY2_490805/ISPY2_490805_0001.nii.gz,457.4295959472656,522.70361328125
images/ISPY2_491526/ISPY2_491526_0003.nii.gz,186.39242553710938,274.1826477050781
images/ISPY2_491526/ISPY2_491526_0004.nii.gz,187.4585723876953,266.4212646484375
images/ISPY2_491526/ISPY2_491526_0001.nii.gz,164.49952697753906,281.5450134277344
images/ISPY2_491526/ISPY2_491526_0005.nii.gz,183.32232666015625,257.6739196777344
images/ISPY2_491526/ISPY2_491526_0002.nii.gz,184.7168731689453,278.9263000488281
images/ISPY2_491779/ISPY2_491779_0004.nii.gz,84.1891098022461,140.27418518066406
images/ISPY2_491779/ISPY2_491779_0003.nii.gz,83.18460083007812,136.1358642578125
images/ISPY2_491779/ISPY2_491779_0001.nii.gz,74.77726745605469,111.85108184814453
images/ISPY2_491779/ISPY2_491779_0002.nii.gz,80.68207550048828,128.80914306640625
images/ISPY2_491779/ISPY2_491779_0005.nii.gz,85.76611328125,144.75656127929688
images/ISPY2_492612/ISPY2_492612_0003.nii.gz,45.53176498413086,49.25408935546875
images/ISPY2_492612/ISPY2_492612_0004.nii.gz,46.58641052246094,49.59214782714844
images/ISPY2_492612/ISPY2_492612_0005.nii.gz,46.959197998046875,49.592594146728516
images/ISPY2_492612/ISPY2_492612_0002.nii.gz,44.693790435791016,49.520668029785156
images/ISPY2_492612/ISPY2_492612_0001.nii.gz,39.99565887451172,45.87350845336914
images/ISPY2_493472/ISPY2_493472_0005.nii.gz,53.04467010498047,62.20623779296875
images/ISPY2_493472/ISPY2_493472_0002.nii.gz,47.69657516479492,55.36707305908203
images/ISPY2_493472/ISPY2_493472_0003.nii.gz,51.05347442626953,59.88282775878906
images/ISPY2_493472/ISPY2_493472_0001.nii.gz,41.72897720336914,46.575103759765625
images/ISPY2_493472/ISPY2_493472_0004.nii.gz,52.51403045654297,60.370262145996094
images/ISPY2_493519/ISPY2_493519_0005.nii.gz,74.29817199707031,129.62393188476562
images/ISPY2_493519/ISPY2_493519_0003.nii.gz,73.39415740966797,123.28917694091797
images/ISPY2_493519/ISPY2_493519_0004.nii.gz,74.18700408935547,127.158935546875
images/ISPY2_493519/ISPY2_493519_0002.nii.gz,72.56153106689453,118.06575775146484
images/ISPY2_493519/ISPY2_493519_0001.nii.gz,70.44734191894531,106.3681411743164
images/ISPY2_493775/ISPY2_493775_0004.nii.gz,58.12024688720703,57.7930908203125
images/ISPY2_493775/ISPY2_493775_0001.nii.gz,45.51613998413086,43.784637451171875
images/ISPY2_493775/ISPY2_493775_0002.nii.gz,54.12587356567383,58.317771911621094
images/ISPY2_493775/ISPY2_493775_0003.nii.gz,55.03489303588867,56.47468185424805
images/ISPY2_493775/ISPY2_493775_0005.nii.gz,58.927005767822266,58.03534698486328
images/ISPY2_494022/ISPY2_494022_0001.nii.gz,66.19923400878906,85.89883422851562
images/ISPY2_494022/ISPY2_494022_0002.nii.gz,66.01483917236328,93.54625701904297
images/ISPY2_494022/ISPY2_494022_0005.nii.gz,62.9980354309082,86.21490478515625
images/ISPY2_494022/ISPY2_494022_0004.nii.gz,63.7608528137207,87.88495635986328
images/ISPY2_494022/ISPY2_494022_0003.nii.gz,64.96754455566406,90.60166931152344
images/ISPY2_494296/ISPY2_494296_0004.nii.gz,57.3690185546875,73.44029235839844
images/ISPY2_494296/ISPY2_494296_0003.nii.gz,56.818599700927734,74.4746322631836
images/ISPY2_494296/ISPY2_494296_0005.nii.gz,58.1062126159668,74.51521301269531
images/ISPY2_494296/ISPY2_494296_0001.nii.gz,50.16379165649414,69.47643280029297
images/ISPY2_494296/ISPY2_494296_0002.nii.gz,54.589866638183594,72.07695770263672
images/ISPY2_494946/ISPY2_494946_0002.nii.gz,69.38574981689453,84.1110610961914
images/ISPY2_494946/ISPY2_494946_0004.nii.gz,63.8564338684082,73.3278579711914
images/ISPY2_494946/ISPY2_494946_0001.nii.gz,51.64585494995117,61.76904296875
images/ISPY2_494946/ISPY2_494946_0005.nii.gz,63.44940185546875,70.26944732666016
images/ISPY2_494946/ISPY2_494946_0003.nii.gz,66.30184173583984,76.20792388916016
images/ISPY2_495440/ISPY2_495440_0005.nii.gz,82.44628143310547,100.97970581054688
images/ISPY2_495440/ISPY2_495440_0003.nii.gz,80.22825622558594,99.28466033935547
images/ISPY2_495440/ISPY2_495440_0004.nii.gz,81.15899658203125,99.90119171142578
images/ISPY2_495440/ISPY2_495440_0001.nii.gz,73.88233947753906,91.12538146972656
images/ISPY2_495440/ISPY2_495440_0002.nii.gz,78.67500305175781,98.58341217041016
images/ISPY2_496205/ISPY2_496205_0003.nii.gz,274.2201843261719,410.6485290527344
images/ISPY2_496205/ISPY2_496205_0002.nii.gz,263.2837829589844,401.4908447265625
images/ISPY2_496205/ISPY2_496205_0004.nii.gz,282.1297607421875,418.2441101074219
images/ISPY2_496205/ISPY2_496205_0001.nii.gz,228.79454040527344,368.8490295410156
images/ISPY2_496205/ISPY2_496205_0005.nii.gz,292.9024353027344,425.1459045410156
images/ISPY2_497010/ISPY2_497010_0004.nii.gz,62.39991760253906,77.9013442993164
images/ISPY2_497010/ISPY2_497010_0005.nii.gz,63.39278030395508,77.5539321899414
images/ISPY2_497010/ISPY2_497010_0002.nii.gz,63.09004211425781,86.2621078491211
images/ISPY2_497010/ISPY2_497010_0001.nii.gz,51.50239562988281,64.65460205078125
images/ISPY2_497010/ISPY2_497010_0003.nii.gz,62.6197395324707,81.87733459472656
images/ISPY2_498024/ISPY2_498024_0004.nii.gz,26.054372787475586,34.593406677246094
images/ISPY2_498024/ISPY2_498024_0005.nii.gz,26.697771072387695,35.20914077758789
images/ISPY2_498024/ISPY2_498024_0002.nii.gz,23.598031997680664,31.59724998474121
images/ISPY2_498024/ISPY2_498024_0001.nii.gz,20.445945739746094,28.2291259765625
images/ISPY2_498024/ISPY2_498024_0003.nii.gz,24.876611709594727,33.31032943725586
images/ISPY2_498985/ISPY2_498985_0005.nii.gz,34.77936935424805,58.18265914916992
images/ISPY2_498985/ISPY2_498985_0001.nii.gz,31.66349220275879,49.934818267822266
images/ISPY2_498985/ISPY2_498985_0002.nii.gz,34.140647888183594,56.296932220458984
images/ISPY2_498985/ISPY2_498985_0004.nii.gz,34.65676498413086,57.900577545166016
images/ISPY2_498985/ISPY2_498985_0003.nii.gz,34.34315490722656,57.37917709350586
images/ISPY2_500826/ISPY2_500826_0001.nii.gz,239.36488342285156,260.1473693847656
images/ISPY2_500826/ISPY2_500826_0004.nii.gz,252.0971221923828,267.5289306640625
images/ISPY2_500826/ISPY2_500826_0002.nii.gz,259.932373046875,278.3028564453125
images/ISPY2_500826/ISPY2_500826_0005.nii.gz,254.7233123779297,257.9725341796875
images/ISPY2_500826/ISPY2_500826_0003.nii.gz,243.66360473632812,255.1439971923828
images/ISPY2_501303/ISPY2_501303_0002.nii.gz,441.47991943359375,533.7437133789062
images/ISPY2_501303/ISPY2_501303_0001.nii.gz,442.9259033203125,551.1255493164062
images/ISPY2_501303/ISPY2_501303_0003.nii.gz,444.2554931640625,531.689697265625
images/ISPY2_501303/ISPY2_501303_0005.nii.gz,424.7686462402344,499.58599853515625
images/ISPY2_501303/ISPY2_501303_0004.nii.gz,436.0140075683594,516.6779174804688
images/ISPY2_502486/ISPY2_502486_0001.nii.gz,489.2581787109375,544.8579711914062
images/ISPY2_502486/ISPY2_502486_0002.nii.gz,513.3569946289062,543.2449340820312
images/ISPY2_502486/ISPY2_502486_0004.nii.gz,512.447265625,520.2081909179688
images/ISPY2_502486/ISPY2_502486_0003.nii.gz,529.1115112304688,553.3257446289062
images/ISPY2_502486/ISPY2_502486_0005.nii.gz,534.6786499023438,537.3160400390625
images/ISPY2_503034/ISPY2_503034_0003.nii.gz,93.64946746826172,84.54174041748047
images/ISPY2_503034/ISPY2_503034_0005.nii.gz,96.88495635986328,87.62960815429688
images/ISPY2_503034/ISPY2_503034_0001.nii.gz,69.46634674072266,60.25111389160156
images/ISPY2_503034/ISPY2_503034_0004.nii.gz,94.81698608398438,85.85279083251953
images/ISPY2_503034/ISPY2_503034_0002.nii.gz,88.5357437133789,79.51807403564453
images/ISPY2_504838/ISPY2_504838_0003.nii.gz,68.56055450439453,107.8895263671875
images/ISPY2_504838/ISPY2_504838_0001.nii.gz,65.71841430664062,96.29339599609375
images/ISPY2_504838/ISPY2_504838_0002.nii.gz,68.98480224609375,108.81855773925781
images/ISPY2_504838/ISPY2_504838_0004.nii.gz,68.25800323486328,109.03714752197266
images/ISPY2_504838/ISPY2_504838_0005.nii.gz,68.35201263427734,109.12374877929688
images/ISPY2_506623/ISPY2_506623_0001.nii.gz,436.942626953125,683.89697265625
images/ISPY2_506623/ISPY2_506623_0004.nii.gz,562.9819946289062,843.65869140625
images/ISPY2_506623/ISPY2_506623_0003.nii.gz,536.533203125,814.3794555664062
images/ISPY2_506623/ISPY2_506623_0005.nii.gz,573.0881958007812,861.896728515625
images/ISPY2_506623/ISPY2_506623_0002.nii.gz,508.1590881347656,778.241455078125
images/ISPY2_507198/ISPY2_507198_0005.nii.gz,119.73896026611328,142.9423828125
images/ISPY2_507198/ISPY2_507198_0002.nii.gz,118.19258880615234,146.34957885742188
images/ISPY2_507198/ISPY2_507198_0001.nii.gz,119.08977508544922,160.96334838867188
images/ISPY2_507198/ISPY2_507198_0003.nii.gz,121.43343353271484,147.84490966796875
images/ISPY2_507198/ISPY2_507198_0004.nii.gz,119.25592041015625,142.43304443359375
images/ISPY2_507249/ISPY2_507249_0002.nii.gz,94.72148132324219,150.02337646484375
images/ISPY2_507249/ISPY2_507249_0005.nii.gz,101.50613403320312,180.30088806152344
images/ISPY2_507249/ISPY2_507249_0003.nii.gz,96.56809997558594,164.15496826171875
images/ISPY2_507249/ISPY2_507249_0001.nii.gz,86.06661224365234,124.0948257446289
images/ISPY2_507249/ISPY2_507249_0004.nii.gz,99.89503479003906,174.99806213378906
images/ISPY2_509012/ISPY2_509012_0005.nii.gz,26.773868560791016,38.50531768798828
images/ISPY2_509012/ISPY2_509012_0001.nii.gz,27.015663146972656,39.10527038574219
images/ISPY2_509012/ISPY2_509012_0003.nii.gz,27.47826385498047,39.79304122924805
images/ISPY2_509012/ISPY2_509012_0004.nii.gz,27.21112632751465,39.273292541503906
images/ISPY2_509012/ISPY2_509012_0002.nii.gz,27.869991302490234,40.880802154541016
images/ISPY2_510543/ISPY2_510543_0002.nii.gz,340.5895080566406,528.3001098632812
images/ISPY2_510543/ISPY2_510543_0003.nii.gz,356.2014465332031,546.1342163085938
images/ISPY2_510543/ISPY2_510543_0001.nii.gz,303.3841857910156,486.6585693359375
images/ISPY2_510543/ISPY2_510543_0004.nii.gz,366.0353698730469,556.1541748046875
images/ISPY2_510543/ISPY2_510543_0005.nii.gz,374.6981201171875,564.9283447265625
images/ISPY2_511851/ISPY2_511851_0004.nii.gz,285.570556640625,405.054443359375
images/ISPY2_511851/ISPY2_511851_0005.nii.gz,286.8210144042969,407.3295593261719
images/ISPY2_511851/ISPY2_511851_0001.nii.gz,240.07147216796875,358.95867919921875
images/ISPY2_511851/ISPY2_511851_0003.nii.gz,273.4857177734375,396.6581115722656
images/ISPY2_511851/ISPY2_511851_0002.nii.gz,261.3363342285156,382.2590637207031
images/ISPY2_515105/ISPY2_515105_0001.nii.gz,356.1234130859375,366.2351989746094
images/ISPY2_515105/ISPY2_515105_0004.nii.gz,404.85455322265625,408.6905212402344
images/ISPY2_515105/ISPY2_515105_0005.nii.gz,401.8932800292969,408.40496826171875
images/ISPY2_515105/ISPY2_515105_0003.nii.gz,394.5440368652344,395.9063415527344
images/ISPY2_515105/ISPY2_515105_0002.nii.gz,386.7593078613281,389.3439025878906
images/ISPY2_515141/ISPY2_515141_0001.nii.gz,18.10261344909668,29.573823928833008
images/ISPY2_515141/ISPY2_515141_0003.nii.gz,20.437406539916992,34.51337814331055
images/ISPY2_515141/ISPY2_515141_0002.nii.gz,19.67112922668457,32.70061492919922
images/ISPY2_515141/ISPY2_515141_0004.nii.gz,20.728479385375977,35.61610412597656
images/ISPY2_515141/ISPY2_515141_0005.nii.gz,20.691993713378906,36.143592834472656
images/ISPY2_515281/ISPY2_515281_0004.nii.gz,398.88726806640625,414.6269836425781
images/ISPY2_515281/ISPY2_515281_0002.nii.gz,400.44354248046875,446.90057373046875
images/ISPY2_515281/ISPY2_515281_0003.nii.gz,382.77850341796875,405.4420166015625
images/ISPY2_515281/ISPY2_515281_0005.nii.gz,394.15228271484375,415.2595520019531
images/ISPY2_515281/ISPY2_515281_0001.nii.gz,389.0139465332031,484.2545471191406
images/ISPY2_515284/ISPY2_515284_0001.nii.gz,53.913612365722656,78.25367736816406
images/ISPY2_515284/ISPY2_515284_0002.nii.gz,57.49147033691406,88.28936004638672
images/ISPY2_515284/ISPY2_515284_0004.nii.gz,58.88474655151367,94.72464752197266
images/ISPY2_515284/ISPY2_515284_0005.nii.gz,59.06541442871094,96.58885955810547
images/ISPY2_515284/ISPY2_515284_0003.nii.gz,57.924251556396484,91.5768814086914
images/ISPY2_515565/ISPY2_515565_0001.nii.gz,30.06119155883789,48.699893951416016
images/ISPY2_515565/ISPY2_515565_0005.nii.gz,31.057912826538086,49.28668975830078
images/ISPY2_515565/ISPY2_515565_0004.nii.gz,31.12949562072754,49.388275146484375
images/ISPY2_515565/ISPY2_515565_0003.nii.gz,31.191421508789062,49.61735916137695
images/ISPY2_515565/ISPY2_515565_0002.nii.gz,31.12497329711914,49.44282150268555
images/ISPY2_516763/ISPY2_516763_0004.nii.gz,429.5892333984375,561.9310302734375
images/ISPY2_516763/ISPY2_516763_0003.nii.gz,425.9772033691406,551.0343627929688
images/ISPY2_516763/ISPY2_516763_0005.nii.gz,434.7546081542969,568.4375
images/ISPY2_516763/ISPY2_516763_0002.nii.gz,408.35430908203125,535.4381103515625
images/ISPY2_516763/ISPY2_516763_0001.nii.gz,352.88623046875,462.25201416015625
images/ISPY2_516834/ISPY2_516834_0002.nii.gz,206.17147827148438,257.8317565917969
images/ISPY2_516834/ISPY2_516834_0003.nii.gz,209.3917694091797,262.3650207519531
images/ISPY2_516834/ISPY2_516834_0005.nii.gz,208.9424285888672,256.8092041015625
images/ISPY2_516834/ISPY2_516834_0004.nii.gz,206.92372131347656,257.4228820800781
images/ISPY2_516834/ISPY2_516834_0001.nii.gz,205.23318481445312,269.2610778808594
images/ISPY2_517446/ISPY2_517446_0005.nii.gz,295.8623046875,352.56451416015625
images/ISPY2_517446/ISPY2_517446_0004.nii.gz,299.79022216796875,356.7525939941406
images/ISPY2_517446/ISPY2_517446_0001.nii.gz,268.8070373535156,343.6199645996094
images/ISPY2_517446/ISPY2_517446_0003.nii.gz,284.35382080078125,337.1385498046875
images/ISPY2_517446/ISPY2_517446_0002.nii.gz,281.9502258300781,341.976318359375
images/ISPY2_517870/ISPY2_517870_0003.nii.gz,227.85397338867188,264.04833984375
images/ISPY2_517870/ISPY2_517870_0002.nii.gz,220.15060424804688,256.86517333984375
images/ISPY2_517870/ISPY2_517870_0005.nii.gz,222.7925262451172,252.56912231445312
images/ISPY2_517870/ISPY2_517870_0004.nii.gz,221.31813049316406,252.49598693847656
images/ISPY2_517870/ISPY2_517870_0001.nii.gz,201.99452209472656,241.41078186035156
images/ISPY2_518000/ISPY2_518000_0005.nii.gz,30.22884178161621,29.78374481201172
images/ISPY2_518000/ISPY2_518000_0003.nii.gz,30.642749786376953,29.853334426879883
images/ISPY2_518000/ISPY2_518000_0002.nii.gz,29.277816772460938,28.462100982666016
images/ISPY2_518000/ISPY2_518000_0004.nii.gz,30.44114875793457,29.874242782592773
images/ISPY2_518000/ISPY2_518000_0001.nii.gz,27.775094985961914,26.1365909576416
images/ISPY2_518576/ISPY2_518576_0004.nii.gz,239.70455932617188,276.83819580078125
images/ISPY2_518576/ISPY2_518576_0003.nii.gz,234.48788452148438,279.5716857910156
images/ISPY2_518576/ISPY2_518576_0005.nii.gz,240.27833557128906,274.2801513671875
images/ISPY2_518576/ISPY2_518576_0002.nii.gz,230.9228973388672,281.08306884765625
images/ISPY2_518576/ISPY2_518576_0001.nii.gz,209.4447784423828,282.95672607421875
images/ISPY2_519738/ISPY2_519738_0005.nii.gz,140.3333282470703,187.56088256835938
images/ISPY2_519738/ISPY2_519738_0003.nii.gz,133.83811950683594,185.677001953125
images/ISPY2_519738/ISPY2_519738_0004.nii.gz,136.6781768798828,184.3633575439453
images/ISPY2_519738/ISPY2_519738_0001.nii.gz,120.15673065185547,155.49334716796875
images/ISPY2_519738/ISPY2_519738_0002.nii.gz,129.09738159179688,182.02381896972656
images/ISPY2_520258/ISPY2_520258_0002.nii.gz,27.52157974243164,48.21111297607422
images/ISPY2_520258/ISPY2_520258_0003.nii.gz,27.54415512084961,47.74164962768555
images/ISPY2_520258/ISPY2_520258_0005.nii.gz,27.38780975341797,47.43418884277344
images/ISPY2_520258/ISPY2_520258_0001.nii.gz,26.560701370239258,44.81623458862305
images/ISPY2_520258/ISPY2_520258_0004.nii.gz,27.545442581176758,47.70360565185547
images/ISPY2_520471/ISPY2_520471_0003.nii.gz,67.97706604003906,94.7255630493164
images/ISPY2_520471/ISPY2_520471_0004.nii.gz,67.73169708251953,94.40980529785156
images/ISPY2_520471/ISPY2_520471_0001.nii.gz,65.50110626220703,90.6388168334961
images/ISPY2_520471/ISPY2_520471_0005.nii.gz,67.7839126586914,94.41458892822266
images/ISPY2_520471/ISPY2_520471_0002.nii.gz,69.22560119628906,96.27362060546875
images/ISPY2_520986/ISPY2_520986_0005.nii.gz,297.63250732421875,320.4174499511719
images/ISPY2_520986/ISPY2_520986_0002.nii.gz,308.93280029296875,332.3282165527344
images/ISPY2_520986/ISPY2_520986_0001.nii.gz,293.429931640625,328.5352478027344
images/ISPY2_520986/ISPY2_520986_0004.nii.gz,304.8700256347656,326.9686584472656
images/ISPY2_520986/ISPY2_520986_0003.nii.gz,299.0609436035156,319.3934326171875
images/ISPY2_521860/ISPY2_521860_0005.nii.gz,393.5482177734375,365.40692138671875
images/ISPY2_521860/ISPY2_521860_0004.nii.gz,390.0474853515625,369.7320251464844
images/ISPY2_521860/ISPY2_521860_0002.nii.gz,386.4124450683594,386.41583251953125
images/ISPY2_521860/ISPY2_521860_0003.nii.gz,387.72735595703125,375.10491943359375
images/ISPY2_521860/ISPY2_521860_0001.nii.gz,333.4014587402344,343.81976318359375
images/ISPY2_522140/ISPY2_522140_0005.nii.gz,287.0827331542969,236.29595947265625
images/ISPY2_522140/ISPY2_522140_0001.nii.gz,259.90087890625,220.09390258789062
images/ISPY2_522140/ISPY2_522140_0004.nii.gz,281.6413269042969,233.04295349121094
images/ISPY2_522140/ISPY2_522140_0002.nii.gz,280.9847106933594,235.6006622314453
images/ISPY2_522140/ISPY2_522140_0003.nii.gz,279.81475830078125,233.71507263183594
images/ISPY2_524170/ISPY2_524170_0002.nii.gz,190.48281860351562,253.8401336669922
images/ISPY2_524170/ISPY2_524170_0004.nii.gz,192.8157501220703,249.1300048828125
images/ISPY2_524170/ISPY2_524170_0003.nii.gz,191.55142211914062,252.96649169921875
images/ISPY2_524170/ISPY2_524170_0005.nii.gz,189.97776794433594,241.34036254882812
images/ISPY2_524170/ISPY2_524170_0001.nii.gz,186.6707000732422,271.3861999511719
images/ISPY2_527320/ISPY2_527320_0001.nii.gz,385.84442138671875,485.9866027832031
images/ISPY2_527320/ISPY2_527320_0005.nii.gz,490.9381408691406,618.647216796875
images/ISPY2_527320/ISPY2_527320_0003.nii.gz,468.5758972167969,585.6128540039062
images/ISPY2_527320/ISPY2_527320_0002.nii.gz,439.4168701171875,551.84521484375
images/ISPY2_527320/ISPY2_527320_0004.nii.gz,480.0971374511719,608.88134765625
images/ISPY2_527581/ISPY2_527581_0001.nii.gz,24.065311431884766,42.0068473815918
images/ISPY2_527581/ISPY2_527581_0005.nii.gz,26.601255416870117,50.201026916503906
images/ISPY2_527581/ISPY2_527581_0004.nii.gz,26.03600311279297,49.097408294677734
images/ISPY2_527581/ISPY2_527581_0002.nii.gz,26.313434600830078,46.960693359375
images/ISPY2_527581/ISPY2_527581_0003.nii.gz,26.126689910888672,48.19441604614258
images/ISPY2_528479/ISPY2_528479_0004.nii.gz,53.933021545410156,69.57453918457031
images/ISPY2_528479/ISPY2_528479_0002.nii.gz,55.38087844848633,73.45951080322266
images/ISPY2_528479/ISPY2_528479_0003.nii.gz,54.98189926147461,71.32683563232422
images/ISPY2_528479/ISPY2_528479_0005.nii.gz,54.107261657714844,68.65947723388672
images/ISPY2_528479/ISPY2_528479_0001.nii.gz,47.34321975708008,55.85585403442383
images/ISPY2_528833/ISPY2_528833_0001.nii.gz,473.2088317871094,491.20428466796875
images/ISPY2_528833/ISPY2_528833_0005.nii.gz,471.57806396484375,468.13470458984375
images/ISPY2_528833/ISPY2_528833_0004.nii.gz,460.9931335449219,456.3245544433594
images/ISPY2_528833/ISPY2_528833_0003.nii.gz,465.80780029296875,457.4021911621094
images/ISPY2_528833/ISPY2_528833_0002.nii.gz,465.2396240234375,458.6026306152344
images/ISPY2_530095/ISPY2_530095_0004.nii.gz,66.82917022705078,79.97309112548828
images/ISPY2_530095/ISPY2_530095_0003.nii.gz,65.56507873535156,78.90206909179688
images/ISPY2_530095/ISPY2_530095_0002.nii.gz,64.22577667236328,77.85475158691406
images/ISPY2_530095/ISPY2_530095_0001.nii.gz,59.250755310058594,70.47138977050781
images/ISPY2_530095/ISPY2_530095_0005.nii.gz,68.23524475097656,81.1611328125
images/ISPY2_531672/ISPY2_531672_0003.nii.gz,64.5143051147461,85.2916488647461
images/ISPY2_531672/ISPY2_531672_0005.nii.gz,63.513004302978516,84.8277587890625
images/ISPY2_531672/ISPY2_531672_0004.nii.gz,64.47785186767578,85.70504760742188
images/ISPY2_531672/ISPY2_531672_0001.nii.gz,61.349246978759766,80.11079406738281
images/ISPY2_531672/ISPY2_531672_0002.nii.gz,64.04840087890625,84.89506530761719
images/ISPY2_531988/ISPY2_531988_0001.nii.gz,321.07354736328125,327.5470275878906
images/ISPY2_531988/ISPY2_531988_0004.nii.gz,309.10333251953125,310.61236572265625
images/ISPY2_531988/ISPY2_531988_0002.nii.gz,317.8661804199219,320.11309814453125
images/ISPY2_531988/ISPY2_531988_0005.nii.gz,333.6690979003906,339.6986999511719
images/ISPY2_531988/ISPY2_531988_0003.nii.gz,305.1841735839844,304.6904602050781
images/ISPY2_532183/ISPY2_532183_0001.nii.gz,430.27777099609375,598.6187744140625
images/ISPY2_532183/ISPY2_532183_0005.nii.gz,492.38214111328125,713.5661010742188
images/ISPY2_532183/ISPY2_532183_0003.nii.gz,487.8970642089844,699.5397338867188
images/ISPY2_532183/ISPY2_532183_0002.nii.gz,491.6973876953125,687.8262329101562
images/ISPY2_532183/ISPY2_532183_0004.nii.gz,496.09991455078125,703.89892578125
images/ISPY2_535415/ISPY2_535415_0001.nii.gz,376.4060363769531,471.5631103515625
images/ISPY2_535415/ISPY2_535415_0002.nii.gz,394.01751708984375,493.31982421875
images/ISPY2_535415/ISPY2_535415_0005.nii.gz,380.7177734375,474.5260314941406
images/ISPY2_535415/ISPY2_535415_0004.nii.gz,375.55291748046875,467.9819641113281
images/ISPY2_535415/ISPY2_535415_0003.nii.gz,380.1105041503906,468.94287109375
images/ISPY2_535569/ISPY2_535569_0004.nii.gz,257.6272277832031,275.4146423339844
images/ISPY2_535569/ISPY2_535569_0001.nii.gz,225.09176635742188,240.26611328125
images/ISPY2_535569/ISPY2_535569_0005.nii.gz,273.0892639160156,283.98834228515625
images/ISPY2_535569/ISPY2_535569_0003.nii.gz,261.9548645019531,274.5509338378906
images/ISPY2_535569/ISPY2_535569_0002.nii.gz,249.8598175048828,266.1859130859375
images/ISPY2_535779/ISPY2_535779_0004.nii.gz,277.8119201660156,326.0690612792969
images/ISPY2_535779/ISPY2_535779_0003.nii.gz,271.250732421875,326.8218994140625
images/ISPY2_535779/ISPY2_535779_0001.nii.gz,267.4415283203125,387.58380126953125
images/ISPY2_535779/ISPY2_535779_0002.nii.gz,278.7796630859375,371.4803466796875
images/ISPY2_535779/ISPY2_535779_0005.nii.gz,268.9870910644531,316.7550964355469
images/ISPY2_536253/ISPY2_536253_0001.nii.gz,324.361328125,422.90155029296875
images/ISPY2_536253/ISPY2_536253_0004.nii.gz,366.92755126953125,467.2478332519531
images/ISPY2_536253/ISPY2_536253_0003.nii.gz,360.73870849609375,460.623779296875
images/ISPY2_536253/ISPY2_536253_0002.nii.gz,353.9606018066406,450.4524230957031
images/ISPY2_536253/ISPY2_536253_0005.nii.gz,378.66741943359375,476.8140563964844
images/ISPY2_539291/ISPY2_539291_0003.nii.gz,287.9903869628906,365.0799865722656
images/ISPY2_539291/ISPY2_539291_0004.nii.gz,295.3736572265625,372.6257019042969
images/ISPY2_539291/ISPY2_539291_0005.nii.gz,301.73138427734375,377.3369140625
images/ISPY2_539291/ISPY2_539291_0001.nii.gz,250.32003784179688,328.56658935546875
images/ISPY2_539291/ISPY2_539291_0002.nii.gz,282.3402404785156,364.4214172363281
images/ISPY2_539876/ISPY2_539876_0005.nii.gz,187.95742797851562,273.8931884765625
images/ISPY2_539876/ISPY2_539876_0002.nii.gz,169.25247192382812,251.344482421875
images/ISPY2_539876/ISPY2_539876_0004.nii.gz,182.4412841796875,269.91375732421875
images/ISPY2_539876/ISPY2_539876_0001.nii.gz,147.88858032226562,218.9597930908203
images/ISPY2_539876/ISPY2_539876_0003.nii.gz,178.58607482910156,263.04608154296875
images/ISPY2_539904/ISPY2_539904_0005.nii.gz,212.09744262695312,295.6495056152344
images/ISPY2_539904/ISPY2_539904_0004.nii.gz,213.1802978515625,293.94415283203125
images/ISPY2_539904/ISPY2_539904_0001.nii.gz,177.70388793945312,236.9060821533203
images/ISPY2_539904/ISPY2_539904_0003.nii.gz,214.33157348632812,288.0297546386719
images/ISPY2_539904/ISPY2_539904_0002.nii.gz,208.7678985595703,272.54364013671875
images/ISPY2_540539/ISPY2_540539_0005.nii.gz,271.13623046875,377.35198974609375
images/ISPY2_540539/ISPY2_540539_0002.nii.gz,267.4762268066406,361.46392822265625
images/ISPY2_540539/ISPY2_540539_0003.nii.gz,270.2159729003906,367.5610656738281
images/ISPY2_540539/ISPY2_540539_0001.nii.gz,256.12506103515625,338.14447021484375
images/ISPY2_540539/ISPY2_540539_0004.nii.gz,270.8531494140625,370.931640625
images/ISPY2_541165/ISPY2_541165_0002.nii.gz,418.4898376464844,493.5462341308594
images/ISPY2_541165/ISPY2_541165_0001.nii.gz,365.5433044433594,431.63238525390625
images/ISPY2_541165/ISPY2_541165_0005.nii.gz,461.7821350097656,541.5076293945312
images/ISPY2_541165/ISPY2_541165_0003.nii.gz,437.20782470703125,514.2236938476562
images/ISPY2_541165/ISPY2_541165_0004.nii.gz,448.57281494140625,527.501708984375
images/ISPY2_542392/ISPY2_542392_0004.nii.gz,77.7718734741211,124.21358489990234
images/ISPY2_542392/ISPY2_542392_0001.nii.gz,68.77700805664062,101.11933898925781
images/ISPY2_542392/ISPY2_542392_0003.nii.gz,77.45931243896484,121.08414459228516
images/ISPY2_542392/ISPY2_542392_0002.nii.gz,75.9358901977539,116.00343322753906
images/ISPY2_542392/ISPY2_542392_0005.nii.gz,78.94630432128906,127.52654266357422
images/ISPY2_543795/ISPY2_543795_0005.nii.gz,62.00209426879883,115.99130249023438
images/ISPY2_543795/ISPY2_543795_0002.nii.gz,58.561580657958984,102.53950500488281
images/ISPY2_543795/ISPY2_543795_0003.nii.gz,60.42995071411133,109.2393569946289
images/ISPY2_543795/ISPY2_543795_0004.nii.gz,61.39796829223633,113.19721984863281
images/ISPY2_543795/ISPY2_543795_0001.nii.gz,52.5885124206543,84.47753143310547
images/ISPY2_547892/ISPY2_547892_0002.nii.gz,361.9805603027344,288.3927917480469
images/ISPY2_547892/ISPY2_547892_0005.nii.gz,374.4757385253906,292.3905029296875
images/ISPY2_547892/ISPY2_547892_0001.nii.gz,344.3170166015625,271.6444091796875
images/ISPY2_547892/ISPY2_547892_0004.nii.gz,348.9933166503906,279.5902099609375
images/ISPY2_547892/ISPY2_547892_0003.nii.gz,368.7785949707031,291.1563415527344
images/ISPY2_549172/ISPY2_549172_0003.nii.gz,25.46575355529785,43.505638122558594
images/ISPY2_549172/ISPY2_549172_0005.nii.gz,25.3597469329834,43.32278060913086
images/ISPY2_549172/ISPY2_549172_0004.nii.gz,25.36176300048828,43.34562683105469
images/ISPY2_549172/ISPY2_549172_0001.nii.gz,24.934757232666016,42.794681549072266
images/ISPY2_549172/ISPY2_549172_0002.nii.gz,25.55033302307129,43.98566436767578
images/ISPY2_550157/ISPY2_550157_0004.nii.gz,262.07928466796875,291.1941223144531
images/ISPY2_550157/ISPY2_550157_0002.nii.gz,243.23614501953125,276.96368408203125
images/ISPY2_550157/ISPY2_550157_0001.nii.gz,226.94247436523438,253.9258270263672
images/ISPY2_550157/ISPY2_550157_0003.nii.gz,250.2431640625,282.0921630859375
images/ISPY2_550157/ISPY2_550157_0005.nii.gz,263.319580078125,291.7508239746094
images/ISPY2_550421/ISPY2_550421_0003.nii.gz,727.8045654296875,554.3004760742188
images/ISPY2_550421/ISPY2_550421_0005.nii.gz,753.0009155273438,548.5262451171875
images/ISPY2_550421/ISPY2_550421_0002.nii.gz,706.889892578125,544.2747802734375
images/ISPY2_550421/ISPY2_550421_0001.nii.gz,675.1995239257812,571.2401123046875
images/ISPY2_550421/ISPY2_550421_0004.nii.gz,740.9336547851562,541.2623901367188
images/ISPY2_551795/ISPY2_551795_0003.nii.gz,87.86056518554688,106.32723236083984
images/ISPY2_551795/ISPY2_551795_0004.nii.gz,86.18305206298828,100.90205383300781
images/ISPY2_551795/ISPY2_551795_0005.nii.gz,86.5730972290039,98.60737609863281
images/ISPY2_551795/ISPY2_551795_0001.nii.gz,73.1073989868164,91.00724792480469
images/ISPY2_551795/ISPY2_551795_0002.nii.gz,90.81209564208984,115.5263671875
images/ISPY2_552313/ISPY2_552313_0002.nii.gz,24.803743362426758,42.42390441894531
images/ISPY2_552313/ISPY2_552313_0003.nii.gz,25.492984771728516,43.65435791015625
images/ISPY2_552313/ISPY2_552313_0005.nii.gz,24.8831729888916,43.643672943115234
images/ISPY2_552313/ISPY2_552313_0001.nii.gz,22.26336097717285,37.56560134887695
images/ISPY2_552313/ISPY2_552313_0004.nii.gz,24.651325225830078,43.09162521362305
images/ISPY2_552549/ISPY2_552549_0001.nii.gz,274.1580810546875,309.0545654296875
images/ISPY2_552549/ISPY2_552549_0003.nii.gz,288.7437744140625,333.62646484375
images/ISPY2_552549/ISPY2_552549_0002.nii.gz,287.5390625,331.5113220214844
images/ISPY2_552549/ISPY2_552549_0005.nii.gz,292.35455322265625,338.40582275390625
images/ISPY2_552549/ISPY2_552549_0004.nii.gz,293.31402587890625,342.9414367675781
images/ISPY2_553012/ISPY2_553012_0001.nii.gz,216.19590759277344,203.04957580566406
images/ISPY2_553012/ISPY2_553012_0002.nii.gz,237.74661254882812,230.6593475341797
images/ISPY2_553012/ISPY2_553012_0005.nii.gz,238.4729766845703,229.44229125976562
images/ISPY2_553012/ISPY2_553012_0004.nii.gz,230.88394165039062,218.2477569580078
images/ISPY2_553012/ISPY2_553012_0003.nii.gz,241.24664306640625,234.08834838867188
images/ISPY2_553141/ISPY2_553141_0002.nii.gz,124.24041748046875,178.77696228027344
images/ISPY2_553141/ISPY2_553141_0004.nii.gz,125.30891418457031,173.86224365234375
images/ISPY2_553141/ISPY2_553141_0001.nii.gz,114.5933609008789,171.57015991210938
images/ISPY2_553141/ISPY2_553141_0003.nii.gz,127.1590347290039,181.0511016845703
images/ISPY2_553141/ISPY2_553141_0005.nii.gz,129.15028381347656,180.0627899169922
images/ISPY2_554577/ISPY2_554577_0004.nii.gz,231.30870056152344,317.4678955078125
images/ISPY2_554577/ISPY2_554577_0005.nii.gz,237.6325225830078,324.1765441894531
images/ISPY2_554577/ISPY2_554577_0001.nii.gz,188.36062622070312,246.92807006835938
images/ISPY2_554577/ISPY2_554577_0002.nii.gz,218.55978393554688,293.8112487792969
images/ISPY2_554577/ISPY2_554577_0003.nii.gz,227.6563720703125,308.3516845703125
images/ISPY2_555214/ISPY2_555214_0004.nii.gz,261.1828918457031,297.5636901855469
images/ISPY2_555214/ISPY2_555214_0003.nii.gz,243.83424377441406,280.5871276855469
images/ISPY2_555214/ISPY2_555214_0002.nii.gz,244.6106414794922,284.7776794433594
images/ISPY2_555214/ISPY2_555214_0001.nii.gz,241.92401123046875,295.1768798828125
images/ISPY2_555214/ISPY2_555214_0005.nii.gz,262.3592834472656,293.0051574707031
images/ISPY2_559021/ISPY2_559021_0004.nii.gz,602.5241088867188,868.63818359375
images/ISPY2_559021/ISPY2_559021_0002.nii.gz,552.9065551757812,789.806640625
images/ISPY2_559021/ISPY2_559021_0001.nii.gz,468.7921142578125,600.80224609375
images/ISPY2_559021/ISPY2_559021_0003.nii.gz,581.9579467773438,841.1801147460938
images/ISPY2_559021/ISPY2_559021_0005.nii.gz,611.591064453125,874.4012451171875
images/ISPY2_559263/ISPY2_559263_0002.nii.gz,78.28260040283203,109.37725067138672
images/ISPY2_559263/ISPY2_559263_0003.nii.gz,76.77510833740234,102.03863525390625
images/ISPY2_559263/ISPY2_559263_0004.nii.gz,75.8398666381836,98.36993408203125
images/ISPY2_559263/ISPY2_559263_0001.nii.gz,64.3623046875,86.36270904541016
images/ISPY2_559263/ISPY2_559263_0005.nii.gz,75.76417541503906,95.62454223632812
images/ISPY2_563681/ISPY2_563681_0002.nii.gz,664.795654296875,790.3662109375
images/ISPY2_563681/ISPY2_563681_0005.nii.gz,674.4248046875,818.7293701171875
images/ISPY2_563681/ISPY2_563681_0003.nii.gz,680.532958984375,804.5487060546875
images/ISPY2_563681/ISPY2_563681_0001.nii.gz,577.9470825195312,674.7958984375
images/ISPY2_563681/ISPY2_563681_0004.nii.gz,683.34375,815.05859375
images/ISPY2_563856/ISPY2_563856_0004.nii.gz,285.654296875,399.9312744140625
images/ISPY2_563856/ISPY2_563856_0002.nii.gz,256.51171875,356.0442810058594
images/ISPY2_563856/ISPY2_563856_0005.nii.gz,294.30303955078125,411.71893310546875
images/ISPY2_563856/ISPY2_563856_0001.nii.gz,218.55699157714844,293.0276794433594
images/ISPY2_563856/ISPY2_563856_0003.nii.gz,273.2104187011719,382.25653076171875
images/ISPY2_564234/ISPY2_564234_0001.nii.gz,611.7049560546875,817.6046752929688
images/ISPY2_564234/ISPY2_564234_0003.nii.gz,648.3982543945312,836.8632202148438
images/ISPY2_564234/ISPY2_564234_0005.nii.gz,624.3114624023438,788.208740234375
images/ISPY2_564234/ISPY2_564234_0002.nii.gz,632.9017333984375,816.935546875
images/ISPY2_564234/ISPY2_564234_0004.nii.gz,640.9715576171875,808.8276977539062
images/ISPY2_564701/ISPY2_564701_0001.nii.gz,43.52117919921875,62.67745590209961
images/ISPY2_564701/ISPY2_564701_0004.nii.gz,43.82596969604492,64.04226684570312
images/ISPY2_564701/ISPY2_564701_0005.nii.gz,43.46355438232422,63.331825256347656
images/ISPY2_564701/ISPY2_564701_0002.nii.gz,44.58100891113281,65.44364929199219
images/ISPY2_564701/ISPY2_564701_0003.nii.gz,43.95757293701172,64.51576232910156
images/ISPY2_566011/ISPY2_566011_0003.nii.gz,54.86309814453125,70.12403869628906
images/ISPY2_566011/ISPY2_566011_0002.nii.gz,53.36347198486328,69.74727630615234
images/ISPY2_566011/ISPY2_566011_0001.nii.gz,47.82644271850586,62.89423751831055
images/ISPY2_566011/ISPY2_566011_0004.nii.gz,55.31911087036133,70.3558349609375
images/ISPY2_566011/ISPY2_566011_0005.nii.gz,55.54450607299805,70.50483703613281
images/ISPY2_567201/ISPY2_567201_0005.nii.gz,268.89605712890625,281.2209167480469
images/ISPY2_567201/ISPY2_567201_0001.nii.gz,246.18923950195312,259.9515686035156
images/ISPY2_567201/ISPY2_567201_0004.nii.gz,266.82928466796875,278.46563720703125
images/ISPY2_567201/ISPY2_567201_0003.nii.gz,255.20571899414062,265.6058654785156
images/ISPY2_567201/ISPY2_567201_0002.nii.gz,256.0403137207031,268.5372009277344
images/ISPY2_567907/ISPY2_567907_0001.nii.gz,191.47276306152344,251.19552612304688
images/ISPY2_567907/ISPY2_567907_0002.nii.gz,197.89309692382812,263.67559814453125
images/ISPY2_567907/ISPY2_567907_0004.nii.gz,196.55996704101562,270.90777587890625
images/ISPY2_567907/ISPY2_567907_0003.nii.gz,195.7076873779297,265.64111328125
images/ISPY2_567907/ISPY2_567907_0005.nii.gz,188.89027404785156,265.05712890625
images/ISPY2_568331/ISPY2_568331_0004.nii.gz,382.8724670410156,456.37335205078125
images/ISPY2_568331/ISPY2_568331_0005.nii.gz,385.99908447265625,457.2115173339844
images/ISPY2_568331/ISPY2_568331_0002.nii.gz,364.3660583496094,438.46441650390625
images/ISPY2_568331/ISPY2_568331_0003.nii.gz,373.7359619140625,444.63238525390625
images/ISPY2_568331/ISPY2_568331_0001.nii.gz,329.8543395996094,406.4669494628906
images/ISPY2_568953/ISPY2_568953_0003.nii.gz,225.41583251953125,246.1780548095703
images/ISPY2_568953/ISPY2_568953_0002.nii.gz,219.68910217285156,244.5338592529297
images/ISPY2_568953/ISPY2_568953_0001.nii.gz,200.0655517578125,232.64569091796875
images/ISPY2_568953/ISPY2_568953_0004.nii.gz,238.10585021972656,254.29331970214844
images/ISPY2_568953/ISPY2_568953_0005.nii.gz,236.2887725830078,242.63223266601562
images/ISPY2_570148/ISPY2_570148_0001.nii.gz,116.1234130859375,134.8317108154297
images/ISPY2_570148/ISPY2_570148_0004.nii.gz,117.0236587524414,128.9229278564453
images/ISPY2_570148/ISPY2_570148_0003.nii.gz,119.0197525024414,132.9373779296875
images/ISPY2_570148/ISPY2_570148_0002.nii.gz,118.85100555419922,133.17982482910156
images/ISPY2_570148/ISPY2_570148_0005.nii.gz,117.28126525878906,128.1470947265625
images/ISPY2_570380/ISPY2_570380_0001.nii.gz,350.0605773925781,422.78131103515625
images/ISPY2_570380/ISPY2_570380_0005.nii.gz,381.0027160644531,456.73846435546875
images/ISPY2_570380/ISPY2_570380_0003.nii.gz,367.0773620605469,436.62091064453125
images/ISPY2_570380/ISPY2_570380_0004.nii.gz,379.1398620605469,454.77593994140625
images/ISPY2_570380/ISPY2_570380_0002.nii.gz,362.4073181152344,427.5904235839844
images/ISPY2_570685/ISPY2_570685_0001.nii.gz,140.1339874267578,149.26199340820312
images/ISPY2_570685/ISPY2_570685_0004.nii.gz,161.4763946533203,172.509033203125
images/ISPY2_570685/ISPY2_570685_0003.nii.gz,156.60009765625,167.90130615234375
images/ISPY2_570685/ISPY2_570685_0005.nii.gz,159.94923400878906,171.81907653808594
images/ISPY2_570685/ISPY2_570685_0002.nii.gz,152.30531311035156,162.6571807861328
images/ISPY2_570966/ISPY2_570966_0005.nii.gz,496.10906982421875,584.2647705078125
images/ISPY2_570966/ISPY2_570966_0004.nii.gz,495.1815490722656,587.981689453125
images/ISPY2_570966/ISPY2_570966_0002.nii.gz,491.01593017578125,580.3116455078125
images/ISPY2_570966/ISPY2_570966_0003.nii.gz,503.49310302734375,590.6995849609375
images/ISPY2_570966/ISPY2_570966_0001.nii.gz,492.5535888671875,600.0060424804688
images/ISPY2_571276/ISPY2_571276_0003.nii.gz,215.1187286376953,215.09429931640625
images/ISPY2_571276/ISPY2_571276_0002.nii.gz,217.9461212158203,219.3580322265625
images/ISPY2_571276/ISPY2_571276_0001.nii.gz,207.06613159179688,225.49757385253906
images/ISPY2_571276/ISPY2_571276_0004.nii.gz,217.96829223632812,215.036376953125
images/ISPY2_571276/ISPY2_571276_0005.nii.gz,221.578369140625,215.49459838867188
images/ISPY2_571995/ISPY2_571995_0001.nii.gz,213.6887664794922,283.2521057128906
images/ISPY2_571995/ISPY2_571995_0002.nii.gz,220.82826232910156,283.8356018066406
images/ISPY2_571995/ISPY2_571995_0003.nii.gz,217.2506866455078,275.6241455078125
images/ISPY2_571995/ISPY2_571995_0005.nii.gz,221.61607360839844,275.9537353515625
images/ISPY2_571995/ISPY2_571995_0004.nii.gz,219.6494598388672,277.1187744140625
images/ISPY2_572016/ISPY2_572016_0001.nii.gz,65.30975341796875,88.96263122558594
images/ISPY2_572016/ISPY2_572016_0004.nii.gz,71.06548309326172,101.46538543701172
images/ISPY2_572016/ISPY2_572016_0003.nii.gz,70.73358917236328,99.87413787841797
images/ISPY2_572016/ISPY2_572016_0005.nii.gz,71.66539001464844,103.00717163085938
images/ISPY2_572016/ISPY2_572016_0002.nii.gz,70.77112579345703,98.36454772949219
images/ISPY2_572235/ISPY2_572235_0005.nii.gz,57.658782958984375,73.41809844970703
images/ISPY2_572235/ISPY2_572235_0002.nii.gz,54.28017807006836,69.6947250366211
images/ISPY2_572235/ISPY2_572235_0003.nii.gz,55.72528076171875,71.56298065185547
images/ISPY2_572235/ISPY2_572235_0004.nii.gz,57.11698913574219,72.83660888671875
images/ISPY2_572235/ISPY2_572235_0001.nii.gz,48.41940689086914,62.46269607543945
images/ISPY2_572444/ISPY2_572444_0003.nii.gz,24.981611251831055,34.225650787353516
images/ISPY2_572444/ISPY2_572444_0004.nii.gz,24.804216384887695,34.22026443481445
images/ISPY2_572444/ISPY2_572444_0001.nii.gz,24.158050537109375,32.51062774658203
images/ISPY2_572444/ISPY2_572444_0005.nii.gz,25.042757034301758,34.435970306396484
images/ISPY2_572444/ISPY2_572444_0002.nii.gz,24.8890323638916,33.92503356933594
images/ISPY2_572731/ISPY2_572731_0002.nii.gz,75.36210632324219,102.38076782226562
images/ISPY2_572731/ISPY2_572731_0005.nii.gz,72.89329528808594,94.5533218383789
images/ISPY2_572731/ISPY2_572731_0001.nii.gz,78.4428939819336,108.31481170654297
images/ISPY2_572731/ISPY2_572731_0003.nii.gz,72.90117645263672,97.56076049804688
images/ISPY2_572731/ISPY2_572731_0004.nii.gz,73.43206787109375,96.37227630615234
images/ISPY2_572793/ISPY2_572793_0004.nii.gz,557.9163208007812,443.7843017578125
images/ISPY2_572793/ISPY2_572793_0005.nii.gz,562.4608764648438,447.51416015625
images/ISPY2_572793/ISPY2_572793_0002.nii.gz,527.09765625,444.64324951171875
images/ISPY2_572793/ISPY2_572793_0003.nii.gz,541.1586303710938,448.4353942871094
images/ISPY2_572793/ISPY2_572793_0001.nii.gz,440.0924072265625,386.1250915527344
images/ISPY2_573586/ISPY2_573586_0003.nii.gz,355.3849792480469,563.0288696289062
images/ISPY2_573586/ISPY2_573586_0002.nii.gz,341.9344787597656,541.8156127929688
images/ISPY2_573586/ISPY2_573586_0001.nii.gz,315.4905090332031,504.0971374511719
images/ISPY2_573586/ISPY2_573586_0005.nii.gz,360.7415771484375,574.10400390625
images/ISPY2_573586/ISPY2_573586_0004.nii.gz,355.4310607910156,564.8121337890625
images/ISPY2_573605/ISPY2_573605_0004.nii.gz,132.0179443359375,174.00900268554688
images/ISPY2_573605/ISPY2_573605_0003.nii.gz,132.21987915039062,177.2147216796875
images/ISPY2_573605/ISPY2_573605_0005.nii.gz,132.1271514892578,170.58900451660156
images/ISPY2_573605/ISPY2_573605_0001.nii.gz,130.0926971435547,195.12522888183594
images/ISPY2_573605/ISPY2_573605_0002.nii.gz,129.57537841796875,178.95004272460938
images/ISPY2_573881/ISPY2_573881_0004.nii.gz,72.68267059326172,106.10758972167969
images/ISPY2_573881/ISPY2_573881_0005.nii.gz,71.86781311035156,105.74407958984375
images/ISPY2_573881/ISPY2_573881_0003.nii.gz,72.49598693847656,105.22543334960938
images/ISPY2_573881/ISPY2_573881_0001.nii.gz,72.32829284667969,100.62039184570312
images/ISPY2_573881/ISPY2_573881_0002.nii.gz,72.44520568847656,104.1007080078125
images/ISPY2_573919/ISPY2_573919_0003.nii.gz,249.5391082763672,325.5145568847656
images/ISPY2_573919/ISPY2_573919_0002.nii.gz,243.5449676513672,316.24072265625
images/ISPY2_573919/ISPY2_573919_0005.nii.gz,258.9658508300781,338.0613098144531
images/ISPY2_573919/ISPY2_573919_0004.nii.gz,255.68785095214844,333.55596923828125
images/ISPY2_573919/ISPY2_573919_0001.nii.gz,223.00946044921875,291.2474670410156
images/ISPY2_574091/ISPY2_574091_0004.nii.gz,37.506263732910156,46.51899337768555
images/ISPY2_574091/ISPY2_574091_0005.nii.gz,38.617366790771484,47.32308578491211
images/ISPY2_574091/ISPY2_574091_0001.nii.gz,32.05821228027344,46.52233123779297
images/ISPY2_574091/ISPY2_574091_0002.nii.gz,35.32942581176758,46.65262222290039
images/ISPY2_574091/ISPY2_574091_0003.nii.gz,37.04611587524414,47.55958557128906
images/ISPY2_575372/ISPY2_575372_0002.nii.gz,148.5521240234375,114.3577651977539
images/ISPY2_575372/ISPY2_575372_0005.nii.gz,150.80770874023438,115.99903869628906
images/ISPY2_575372/ISPY2_575372_0003.nii.gz,150.03749084472656,115.45968627929688
images/ISPY2_575372/ISPY2_575372_0001.nii.gz,136.46444702148438,107.92816925048828
images/ISPY2_575372/ISPY2_575372_0004.nii.gz,149.5787811279297,116.11436462402344
images/ISPY2_575457/ISPY2_575457_0002.nii.gz,177.87945556640625,229.43032836914062
images/ISPY2_575457/ISPY2_575457_0001.nii.gz,169.1990509033203,223.08338928222656
images/ISPY2_575457/ISPY2_575457_0004.nii.gz,187.7431182861328,239.6405029296875
images/ISPY2_575457/ISPY2_575457_0005.nii.gz,192.1461944580078,243.78646850585938
images/ISPY2_575457/ISPY2_575457_0003.nii.gz,183.77749633789062,235.21546936035156
images/ISPY2_578975/ISPY2_578975_0004.nii.gz,303.69512939453125,334.05352783203125
images/ISPY2_578975/ISPY2_578975_0005.nii.gz,312.38153076171875,336.5460205078125
images/ISPY2_578975/ISPY2_578975_0003.nii.gz,306.9670715332031,345.7032470703125
images/ISPY2_578975/ISPY2_578975_0002.nii.gz,303.8997802734375,362.27423095703125
images/ISPY2_578975/ISPY2_578975_0001.nii.gz,267.4785461425781,352.8519592285156
images/ISPY2_579881/ISPY2_579881_0004.nii.gz,296.6573791503906,333.0093688964844
images/ISPY2_579881/ISPY2_579881_0005.nii.gz,298.6009826660156,332.0096740722656
images/ISPY2_579881/ISPY2_579881_0002.nii.gz,298.1478271484375,341.264404296875
images/ISPY2_579881/ISPY2_579881_0003.nii.gz,295.9837951660156,334.61328125
images/ISPY2_579881/ISPY2_579881_0001.nii.gz,286.4570007324219,346.2742004394531
images/ISPY2_580541/ISPY2_580541_0002.nii.gz,237.65809631347656,237.61407470703125
images/ISPY2_580541/ISPY2_580541_0001.nii.gz,226.1402130126953,231.1742706298828
images/ISPY2_580541/ISPY2_580541_0004.nii.gz,233.18844604492188,225.7747802734375
images/ISPY2_580541/ISPY2_580541_0005.nii.gz,234.0290985107422,225.95436096191406
images/ISPY2_580541/ISPY2_580541_0003.nii.gz,231.0618438720703,230.10446166992188
images/ISPY2_580632/ISPY2_580632_0003.nii.gz,123.6705093383789,149.526123046875
images/ISPY2_580632/ISPY2_580632_0004.nii.gz,123.80438995361328,147.6416473388672
images/ISPY2_580632/ISPY2_580632_0002.nii.gz,126.7359390258789,160.1104736328125
images/ISPY2_580632/ISPY2_580632_0001.nii.gz,118.303955078125,158.86155700683594
images/ISPY2_580632/ISPY2_580632_0005.nii.gz,121.60291290283203,141.7793731689453
images/ISPY2_581648/ISPY2_581648_0003.nii.gz,510.70074462890625,553.582275390625
images/ISPY2_581648/ISPY2_581648_0002.nii.gz,507.26519775390625,568.0592041015625
images/ISPY2_581648/ISPY2_581648_0001.nii.gz,494.01495361328125,568.1040649414062
images/ISPY2_581648/ISPY2_581648_0004.nii.gz,502.1009216308594,541.4853515625
images/ISPY2_581648/ISPY2_581648_0005.nii.gz,501.1856384277344,529.3782958984375
images/ISPY2_584561/ISPY2_584561_0003.nii.gz,526.774658203125,526.2862548828125
images/ISPY2_584561/ISPY2_584561_0005.nii.gz,528.7301635742188,493.55517578125
images/ISPY2_584561/ISPY2_584561_0004.nii.gz,518.85693359375,494.9257507324219
images/ISPY2_584561/ISPY2_584561_0001.nii.gz,499.2908630371094,576.4578857421875
images/ISPY2_584561/ISPY2_584561_0002.nii.gz,523.3468017578125,557.4506225585938
images/ISPY2_586091/ISPY2_586091_0004.nii.gz,453.9374084472656,544.5116577148438
images/ISPY2_586091/ISPY2_586091_0003.nii.gz,446.48052978515625,533.6961059570312
images/ISPY2_586091/ISPY2_586091_0005.nii.gz,454.17315673828125,539.5547485351562
images/ISPY2_586091/ISPY2_586091_0001.nii.gz,446.5716857910156,565.1201171875
images/ISPY2_586091/ISPY2_586091_0002.nii.gz,435.91162109375,519.2553100585938
images/ISPY2_586207/ISPY2_586207_0003.nii.gz,480.6369323730469,489.7360534667969
images/ISPY2_586207/ISPY2_586207_0004.nii.gz,496.4774475097656,502.6666259765625
images/ISPY2_586207/ISPY2_586207_0005.nii.gz,490.5641784667969,502.31707763671875
images/ISPY2_586207/ISPY2_586207_0002.nii.gz,483.1988525390625,489.7643737792969
images/ISPY2_586207/ISPY2_586207_0001.nii.gz,458.6643981933594,475.0154724121094
images/ISPY2_587388/ISPY2_587388_0003.nii.gz,76.38407897949219,77.58846282958984
images/ISPY2_587388/ISPY2_587388_0001.nii.gz,79.31443786621094,83.16438293457031
images/ISPY2_587388/ISPY2_587388_0005.nii.gz,77.11774444580078,78.34927368164062
images/ISPY2_587388/ISPY2_587388_0004.nii.gz,75.43170166015625,76.99630737304688
images/ISPY2_587388/ISPY2_587388_0002.nii.gz,77.79972076416016,80.39895629882812
images/ISPY2_587604/ISPY2_587604_0001.nii.gz,269.425048828125,319.0816345214844
images/ISPY2_587604/ISPY2_587604_0005.nii.gz,348.8443603515625,408.3457946777344
images/ISPY2_587604/ISPY2_587604_0002.nii.gz,349.4181213378906,421.3992919921875
images/ISPY2_587604/ISPY2_587604_0004.nii.gz,339.22711181640625,391.2861328125
images/ISPY2_587604/ISPY2_587604_0003.nii.gz,355.8289489746094,420.2817687988281
images/ISPY2_587691/ISPY2_587691_0001.nii.gz,466.912841796875,470.9068603515625
images/ISPY2_587691/ISPY2_587691_0005.nii.gz,476.7724609375,373.39520263671875
images/ISPY2_587691/ISPY2_587691_0003.nii.gz,481.9004211425781,392.943603515625
images/ISPY2_587691/ISPY2_587691_0004.nii.gz,472.09246826171875,381.1799011230469
images/ISPY2_587691/ISPY2_587691_0002.nii.gz,488.98834228515625,435.0105285644531
images/ISPY2_589502/ISPY2_589502_0001.nii.gz,112.32128143310547,100.5552978515625
images/ISPY2_589502/ISPY2_589502_0005.nii.gz,127.9366226196289,118.96913146972656
images/ISPY2_589502/ISPY2_589502_0002.nii.gz,121.32354736328125,113.00379180908203
images/ISPY2_589502/ISPY2_589502_0003.nii.gz,127.14353942871094,117.93326568603516
images/ISPY2_589502/ISPY2_589502_0004.nii.gz,126.33421325683594,117.4542236328125
images/ISPY2_590220/ISPY2_590220_0001.nii.gz,53.992610931396484,70.33965301513672
images/ISPY2_590220/ISPY2_590220_0005.nii.gz,60.82923126220703,82.80149841308594
images/ISPY2_590220/ISPY2_590220_0003.nii.gz,60.167083740234375,80.02166748046875
images/ISPY2_590220/ISPY2_590220_0004.nii.gz,61.12961196899414,82.40824127197266
images/ISPY2_590220/ISPY2_590220_0002.nii.gz,58.02602005004883,77.00747680664062
images/ISPY2_590299/ISPY2_590299_0005.nii.gz,26.599624633789062,50.72863006591797
images/ISPY2_590299/ISPY2_590299_0002.nii.gz,25.41080093383789,46.39581298828125
images/ISPY2_590299/ISPY2_590299_0004.nii.gz,26.420862197875977,49.75776672363281
images/ISPY2_590299/ISPY2_590299_0003.nii.gz,25.680240631103516,47.948646545410156
images/ISPY2_590299/ISPY2_590299_0001.nii.gz,24.31186866760254,43.3980712890625
images/ISPY2_591079/ISPY2_591079_0001.nii.gz,391.8415222167969,520.56884765625
images/ISPY2_591079/ISPY2_591079_0003.nii.gz,497.1086120605469,657.561279296875
images/ISPY2_591079/ISPY2_591079_0002.nii.gz,462.7118835449219,617.326171875
images/ISPY2_591079/ISPY2_591079_0005.nii.gz,524.4371337890625,704.6672973632812
images/ISPY2_591079/ISPY2_591079_0004.nii.gz,518.6163940429688,689.916015625
images/ISPY2_591180/ISPY2_591180_0003.nii.gz,288.9075622558594,368.9647521972656
images/ISPY2_591180/ISPY2_591180_0002.nii.gz,266.4200744628906,353.5416564941406
images/ISPY2_591180/ISPY2_591180_0001.nii.gz,218.5692901611328,302.9851989746094
images/ISPY2_591180/ISPY2_591180_0005.nii.gz,314.0214538574219,388.8484802246094
images/ISPY2_591180/ISPY2_591180_0004.nii.gz,299.40899658203125,378.3086242675781
images/ISPY2_591810/ISPY2_591810_0005.nii.gz,443.970947265625,346.66778564453125
images/ISPY2_591810/ISPY2_591810_0004.nii.gz,449.1822509765625,353.4401550292969
images/ISPY2_591810/ISPY2_591810_0003.nii.gz,449.6728210449219,364.3670654296875
images/ISPY2_591810/ISPY2_591810_0001.nii.gz,478.88983154296875,435.9985046386719
images/ISPY2_591810/ISPY2_591810_0002.nii.gz,450.5812683105469,386.0913391113281
images/ISPY2_592535/ISPY2_592535_0002.nii.gz,61.7630615234375,82.13045501708984
images/ISPY2_592535/ISPY2_592535_0004.nii.gz,61.544986724853516,83.15686798095703
images/ISPY2_592535/ISPY2_592535_0005.nii.gz,61.59187316894531,83.45831298828125
images/ISPY2_592535/ISPY2_592535_0001.nii.gz,62.022823333740234,81.68222045898438
images/ISPY2_592535/ISPY2_592535_0003.nii.gz,61.47722625732422,82.37164306640625
images/ISPY2_596079/ISPY2_596079_0001.nii.gz,43.20973205566406,58.253238677978516
images/ISPY2_596079/ISPY2_596079_0003.nii.gz,49.770511627197266,60.44844055175781
images/ISPY2_596079/ISPY2_596079_0004.nii.gz,55.626930236816406,61.57366943359375
images/ISPY2_596079/ISPY2_596079_0002.nii.gz,43.72868347167969,60.378318786621094
images/ISPY2_596458/ISPY2_596458_0001.nii.gz,62.332984924316406,86.05127716064453
images/ISPY2_596458/ISPY2_596458_0002.nii.gz,62.006351470947266,87.13833618164062
images/ISPY2_596458/ISPY2_596458_0003.nii.gz,61.31632995605469,86.72062683105469
images/ISPY2_596458/ISPY2_596458_0005.nii.gz,60.401397705078125,85.73802947998047
images/ISPY2_596458/ISPY2_596458_0004.nii.gz,60.969173431396484,85.94168090820312
images/ISPY2_597253/ISPY2_597253_0001.nii.gz,80.29595947265625,96.87889099121094
images/ISPY2_597253/ISPY2_597253_0003.nii.gz,91.77264404296875,107.88428497314453
images/ISPY2_597253/ISPY2_597253_0005.nii.gz,98.22502899169922,115.2527084350586
images/ISPY2_597253/ISPY2_597253_0002.nii.gz,87.90400695800781,103.78811645507812
images/ISPY2_597253/ISPY2_597253_0004.nii.gz,95.32279968261719,111.88758850097656
images/ISPY2_597873/ISPY2_597873_0005.nii.gz,321.8973388671875,367.31317138671875
images/ISPY2_597873/ISPY2_597873_0002.nii.gz,295.5345764160156,335.66241455078125
images/ISPY2_597873/ISPY2_597873_0001.nii.gz,273.6249694824219,313.07281494140625
images/ISPY2_597873/ISPY2_597873_0004.nii.gz,316.2689208984375,358.9563293457031
images/ISPY2_597873/ISPY2_597873_0003.nii.gz,308.7634582519531,350.3474426269531
images/ISPY2_597907/ISPY2_597907_0004.nii.gz,376.63116455078125,430.53887939453125
images/ISPY2_597907/ISPY2_597907_0003.nii.gz,370.6905212402344,438.53167724609375
images/ISPY2_597907/ISPY2_597907_0002.nii.gz,365.6065368652344,434.1441955566406
images/ISPY2_597907/ISPY2_597907_0001.nii.gz,336.8515930175781,418.24298095703125
images/ISPY2_597907/ISPY2_597907_0005.nii.gz,378.256103515625,429.2503662109375
images/ISPY2_598798/ISPY2_598798_0004.nii.gz,43.788028717041016,68.76451873779297
images/ISPY2_598798/ISPY2_598798_0001.nii.gz,44.36574172973633,66.92700958251953
images/ISPY2_598798/ISPY2_598798_0003.nii.gz,43.6047477722168,68.05245208740234
images/ISPY2_598798/ISPY2_598798_0002.nii.gz,44.13343811035156,67.63513946533203
images/ISPY2_598798/ISPY2_598798_0005.nii.gz,43.70893478393555,68.94506072998047
images/ISPY2_598835/ISPY2_598835_0005.nii.gz,61.03567123413086,83.44023895263672
images/ISPY2_598835/ISPY2_598835_0001.nii.gz,44.70935821533203,61.512428283691406
images/ISPY2_598835/ISPY2_598835_0003.nii.gz,58.342735290527344,79.2513656616211
images/ISPY2_598835/ISPY2_598835_0004.nii.gz,59.64759063720703,81.48170471191406
images/ISPY2_598835/ISPY2_598835_0002.nii.gz,54.68754959106445,74.69017791748047
images/ISPY2_600536/ISPY2_600536_0002.nii.gz,302.46734619140625,399.40655517578125
images/ISPY2_600536/ISPY2_600536_0004.nii.gz,319.8680725097656,433.873779296875
images/ISPY2_600536/ISPY2_600536_0005.nii.gz,330.402587890625,444.5660705566406
images/ISPY2_600536/ISPY2_600536_0003.nii.gz,315.0828552246094,421.10382080078125
images/ISPY2_600536/ISPY2_600536_0001.nii.gz,262.53253173828125,342.3679504394531
images/ISPY2_601489/ISPY2_601489_0004.nii.gz,649.4547119140625,964.1121826171875
images/ISPY2_601489/ISPY2_601489_0001.nii.gz,524.7103881835938,764.9624633789062
images/ISPY2_601489/ISPY2_601489_0003.nii.gz,641.8212280273438,936.3032836914062
images/ISPY2_601489/ISPY2_601489_0005.nii.gz,662.5223999023438,987.4492797851562
images/ISPY2_601489/ISPY2_601489_0002.nii.gz,611.7951049804688,889.3158569335938
images/ISPY2_602451/ISPY2_602451_0005.nii.gz,37.913185119628906,52.30167770385742
images/ISPY2_602451/ISPY2_602451_0002.nii.gz,38.01181411743164,51.59504318237305
images/ISPY2_602451/ISPY2_602451_0004.nii.gz,38.048526763916016,52.2830810546875
images/ISPY2_602451/ISPY2_602451_0003.nii.gz,38.264488220214844,52.21178436279297
images/ISPY2_602451/ISPY2_602451_0001.nii.gz,38.20890426635742,51.13175582885742
images/ISPY2_602943/ISPY2_602943_0004.nii.gz,34.811126708984375,59.41637420654297
images/ISPY2_602943/ISPY2_602943_0002.nii.gz,35.16948318481445,57.737030029296875
images/ISPY2_602943/ISPY2_602943_0003.nii.gz,35.35983657836914,59.032020568847656
images/ISPY2_602943/ISPY2_602943_0005.nii.gz,35.86874771118164,61.28825378417969
images/ISPY2_602943/ISPY2_602943_0001.nii.gz,35.314453125,56.82339859008789
images/ISPY2_604199/ISPY2_604199_0002.nii.gz,28.828277587890625,42.84150314331055
images/ISPY2_604199/ISPY2_604199_0004.nii.gz,28.263412475585938,40.6739387512207
images/ISPY2_604199/ISPY2_604199_0003.nii.gz,28.226879119873047,41.169586181640625
images/ISPY2_604199/ISPY2_604199_0005.nii.gz,27.997072219848633,40.05990982055664
images/ISPY2_604199/ISPY2_604199_0001.nii.gz,27.89269256591797,40.989295959472656
images/ISPY2_604326/ISPY2_604326_0002.nii.gz,274.1899719238281,336.7771301269531
images/ISPY2_604326/ISPY2_604326_0003.nii.gz,259.74322509765625,299.66265869140625
images/ISPY2_604326/ISPY2_604326_0004.nii.gz,269.96881103515625,304.8650817871094
images/ISPY2_604326/ISPY2_604326_0005.nii.gz,264.17242431640625,300.62384033203125
images/ISPY2_604326/ISPY2_604326_0001.nii.gz,259.9454040527344,344.1380310058594
images/ISPY2_604380/ISPY2_604380_0001.nii.gz,77.49822998046875,88.42267608642578
images/ISPY2_604380/ISPY2_604380_0005.nii.gz,85.5473861694336,94.1762924194336
images/ISPY2_604380/ISPY2_604380_0004.nii.gz,84.11432647705078,93.08244323730469
images/ISPY2_604380/ISPY2_604380_0002.nii.gz,84.98856353759766,96.9700927734375
images/ISPY2_604380/ISPY2_604380_0003.nii.gz,85.219482421875,94.60891723632812
images/ISPY2_605713/ISPY2_605713_0004.nii.gz,390.5939636230469,403.45086669921875
images/ISPY2_605713/ISPY2_605713_0003.nii.gz,389.9319763183594,401.3634033203125
images/ISPY2_605713/ISPY2_605713_0005.nii.gz,385.3886413574219,395.6692199707031
images/ISPY2_605713/ISPY2_605713_0001.nii.gz,402.7972717285156,435.1629638671875
images/ISPY2_605713/ISPY2_605713_0002.nii.gz,394.4136962890625,411.46759033203125
images/ISPY2_607047/ISPY2_607047_0003.nii.gz,42.220916748046875,53.611976623535156
images/ISPY2_607047/ISPY2_607047_0005.nii.gz,42.355003356933594,53.579524993896484
images/ISPY2_607047/ISPY2_607047_0002.nii.gz,41.39768600463867,53.621456146240234
images/ISPY2_607047/ISPY2_607047_0001.nii.gz,40.07481384277344,51.46247100830078
images/ISPY2_607047/ISPY2_607047_0004.nii.gz,42.077354431152344,53.43254852294922
images/ISPY2_607843/ISPY2_607843_0005.nii.gz,222.25254821777344,239.1144561767578
images/ISPY2_607843/ISPY2_607843_0002.nii.gz,234.31265258789062,270.6003112792969
images/ISPY2_607843/ISPY2_607843_0003.nii.gz,229.0162353515625,257.3095703125
images/ISPY2_607843/ISPY2_607843_0001.nii.gz,226.48934936523438,274.3548583984375
images/ISPY2_607843/ISPY2_607843_0004.nii.gz,228.46958923339844,250.67550659179688
images/ISPY2_609151/ISPY2_609151_0003.nii.gz,212.68557739257812,229.20343017578125
images/ISPY2_609151/ISPY2_609151_0005.nii.gz,211.45285034179688,221.1215362548828
images/ISPY2_609151/ISPY2_609151_0004.nii.gz,208.87461853027344,217.82069396972656
images/ISPY2_609151/ISPY2_609151_0002.nii.gz,217.23727416992188,239.49258422851562
images/ISPY2_609151/ISPY2_609151_0001.nii.gz,214.18209838867188,250.09657287597656
images/ISPY2_609642/ISPY2_609642_0004.nii.gz,90.79717254638672,116.48270416259766
images/ISPY2_609642/ISPY2_609642_0003.nii.gz,89.57666778564453,114.28013610839844
images/ISPY2_609642/ISPY2_609642_0002.nii.gz,88.52310943603516,111.45331573486328
images/ISPY2_609642/ISPY2_609642_0001.nii.gz,82.79502868652344,103.04763793945312
images/ISPY2_609642/ISPY2_609642_0005.nii.gz,91.70269012451172,118.91497039794922
images/ISPY2_609897/ISPY2_609897_0001.nii.gz,150.43626403808594,115.04357147216797
images/ISPY2_609897/ISPY2_609897_0005.nii.gz,175.3892364501953,129.90699768066406
images/ISPY2_609897/ISPY2_609897_0003.nii.gz,172.07418823242188,128.77084350585938
images/ISPY2_609897/ISPY2_609897_0004.nii.gz,173.3447723388672,129.03240966796875
images/ISPY2_609897/ISPY2_609897_0002.nii.gz,167.29837036132812,126.60596466064453
images/ISPY2_611662/ISPY2_611662_0001.nii.gz,196.8242950439453,269.5424499511719
images/ISPY2_611662/ISPY2_611662_0002.nii.gz,221.17413330078125,304.5747985839844
images/ISPY2_611662/ISPY2_611662_0005.nii.gz,254.8454132080078,350.3296813964844
images/ISPY2_611662/ISPY2_611662_0004.nii.gz,257.5718688964844,343.6608581542969
images/ISPY2_611662/ISPY2_611662_0003.nii.gz,237.90283203125,325.4766540527344
images/ISPY2_613188/ISPY2_613188_0002.nii.gz,128.1020965576172,122.86784362792969
images/ISPY2_613188/ISPY2_613188_0001.nii.gz,123.54971313476562,116.5908203125
images/ISPY2_613188/ISPY2_613188_0004.nii.gz,139.59957885742188,132.0992889404297
images/ISPY2_613188/ISPY2_613188_0003.nii.gz,138.1097869873047,130.13345336914062
images/ISPY2_613188/ISPY2_613188_0005.nii.gz,140.21273803710938,132.5457305908203
images/ISPY2_613961/ISPY2_613961_0003.nii.gz,228.23614501953125,260.5238342285156
images/ISPY2_613961/ISPY2_613961_0001.nii.gz,220.80960083007812,256.3848571777344
images/ISPY2_613961/ISPY2_613961_0002.nii.gz,225.0390625,257.7437744140625
images/ISPY2_613961/ISPY2_613961_0005.nii.gz,227.16677856445312,260.0703430175781
images/ISPY2_613961/ISPY2_613961_0004.nii.gz,220.45187377929688,250.2988739013672
images/ISPY2_614044/ISPY2_614044_0001.nii.gz,75.36207580566406,101.52910614013672
images/ISPY2_614044/ISPY2_614044_0004.nii.gz,78.50939178466797,100.30852508544922
images/ISPY2_614044/ISPY2_614044_0005.nii.gz,76.9636459350586,97.3940658569336
images/ISPY2_614044/ISPY2_614044_0003.nii.gz,79.07184600830078,103.35691833496094
images/ISPY2_614044/ISPY2_614044_0002.nii.gz,78.80224609375,106.45768737792969
images/ISPY2_614434/ISPY2_614434_0003.nii.gz,223.04598999023438,275.9569091796875
images/ISPY2_614434/ISPY2_614434_0005.nii.gz,228.78518676757812,276.98846435546875
images/ISPY2_614434/ISPY2_614434_0001.nii.gz,201.93072509765625,258.8901062011719
images/ISPY2_614434/ISPY2_614434_0004.nii.gz,226.29672241210938,277.527587890625
images/ISPY2_614434/ISPY2_614434_0002.nii.gz,212.94842529296875,264.5643310546875
images/ISPY2_615873/ISPY2_615873_0003.nii.gz,290.53424072265625,401.357666015625
images/ISPY2_615873/ISPY2_615873_0002.nii.gz,286.7982482910156,403.5019836425781
images/ISPY2_615873/ISPY2_615873_0001.nii.gz,262.70648193359375,377.1308898925781
images/ISPY2_615873/ISPY2_615873_0004.nii.gz,295.669921875,413.3214416503906
images/ISPY2_615873/ISPY2_615873_0005.nii.gz,295.03765869140625,416.05145263671875
images/ISPY2_616994/ISPY2_616994_0005.nii.gz,260.5466003417969,272.11346435546875
images/ISPY2_616994/ISPY2_616994_0004.nii.gz,269.3258972167969,282.7147216796875
images/ISPY2_616994/ISPY2_616994_0001.nii.gz,274.745849609375,302.7121887207031
images/ISPY2_616994/ISPY2_616994_0002.nii.gz,274.7239074707031,298.42156982421875
images/ISPY2_616994/ISPY2_616994_0003.nii.gz,273.2629699707031,290.8507385253906
images/ISPY2_618240/ISPY2_618240_0005.nii.gz,31.410903930664062,46.41205596923828
images/ISPY2_618240/ISPY2_618240_0004.nii.gz,31.42388916015625,46.02035903930664
images/ISPY2_618240/ISPY2_618240_0002.nii.gz,31.075828552246094,44.94283676147461
images/ISPY2_618240/ISPY2_618240_0001.nii.gz,30.118064880371094,42.52388381958008
images/ISPY2_618240/ISPY2_618240_0003.nii.gz,31.16019058227539,45.508384704589844
images/ISPY2_618717/ISPY2_618717_0002.nii.gz,556.8702392578125,659.7501831054688
images/ISPY2_618717/ISPY2_618717_0004.nii.gz,564.6102294921875,676.3067016601562
images/ISPY2_618717/ISPY2_618717_0003.nii.gz,561.5447998046875,672.3673706054688
images/ISPY2_618717/ISPY2_618717_0005.nii.gz,565.9391479492188,676.6512451171875
images/ISPY2_618717/ISPY2_618717_0001.nii.gz,547.6918334960938,653.6890258789062
images/ISPY2_618860/ISPY2_618860_0002.nii.gz,566.9961547851562,486.94061279296875
images/ISPY2_618860/ISPY2_618860_0005.nii.gz,568.7021484375,454.51702880859375
images/ISPY2_618860/ISPY2_618860_0004.nii.gz,563.9358520507812,459.90545654296875
images/ISPY2_618860/ISPY2_618860_0001.nii.gz,557.5038452148438,522.6175537109375
images/ISPY2_618860/ISPY2_618860_0003.nii.gz,564.1171264648438,469.4423828125
images/ISPY2_621179/ISPY2_621179_0001.nii.gz,50.590579986572266,52.63219451904297
images/ISPY2_621179/ISPY2_621179_0003.nii.gz,52.48680114746094,56.370670318603516
images/ISPY2_621179/ISPY2_621179_0002.nii.gz,51.36601257324219,55.15127944946289
images/ISPY2_621179/ISPY2_621179_0004.nii.gz,52.51911163330078,56.79491424560547
images/ISPY2_621179/ISPY2_621179_0005.nii.gz,52.95789337158203,57.85926818847656
images/ISPY2_622078/ISPY2_622078_0003.nii.gz,21.185853958129883,43.17454147338867
images/ISPY2_622078/ISPY2_622078_0005.nii.gz,21.754322052001953,44.9398078918457
images/ISPY2_622078/ISPY2_622078_0002.nii.gz,21.393342971801758,42.4251708984375
images/ISPY2_622078/ISPY2_622078_0001.nii.gz,20.744964599609375,39.33338165283203
images/ISPY2_622078/ISPY2_622078_0004.nii.gz,22.087989807128906,44.35502243041992
images/ISPY2_622315/ISPY2_622315_0003.nii.gz,470.4132385253906,498.4833068847656
images/ISPY2_622315/ISPY2_622315_0001.nii.gz,406.3114318847656,437.117431640625
images/ISPY2_622315/ISPY2_622315_0002.nii.gz,453.0786437988281,490.3645935058594
images/ISPY2_622315/ISPY2_622315_0004.nii.gz,481.8645324707031,503.20904541015625
images/ISPY2_622315/ISPY2_622315_0005.nii.gz,492.3854064941406,508.43829345703125
images/ISPY2_622688/ISPY2_622688_0004.nii.gz,548.90966796875,558.065673828125
images/ISPY2_622688/ISPY2_622688_0001.nii.gz,521.918212890625,539.3072509765625
images/ISPY2_622688/ISPY2_622688_0002.nii.gz,549.52783203125,566.7294921875
images/ISPY2_622688/ISPY2_622688_0005.nii.gz,537.829833984375,555.1612548828125
images/ISPY2_622688/ISPY2_622688_0003.nii.gz,548.5098876953125,564.166748046875
images/ISPY2_623086/ISPY2_623086_0001.nii.gz,157.267333984375,191.19305419921875
images/ISPY2_623086/ISPY2_623086_0004.nii.gz,215.3949432373047,257.2255554199219
images/ISPY2_623086/ISPY2_623086_0003.nii.gz,206.93841552734375,247.91221618652344
images/ISPY2_623086/ISPY2_623086_0005.nii.gz,226.44552612304688,266.12298583984375
images/ISPY2_623086/ISPY2_623086_0002.nii.gz,189.3173065185547,229.89898681640625
images/ISPY2_623569/ISPY2_623569_0001.nii.gz,76.9458236694336,69.06246948242188
images/ISPY2_623569/ISPY2_623569_0003.nii.gz,95.28984069824219,93.67877197265625
images/ISPY2_623569/ISPY2_623569_0004.nii.gz,94.00988006591797,91.18126678466797
images/ISPY2_623569/ISPY2_623569_0005.nii.gz,97.18961334228516,92.17818450927734
images/ISPY2_623569/ISPY2_623569_0002.nii.gz,92.78087615966797,92.87641143798828
images/ISPY2_624777/ISPY2_624777_0004.nii.gz,370.2472229003906,364.0903015136719
images/ISPY2_624777/ISPY2_624777_0005.nii.gz,374.4583740234375,360.5492858886719
images/ISPY2_624777/ISPY2_624777_0001.nii.gz,286.4144287109375,288.94573974609375
images/ISPY2_624777/ISPY2_624777_0002.nii.gz,353.9428405761719,368.94525146484375
images/ISPY2_624777/ISPY2_624777_0003.nii.gz,369.6208801269531,376.048583984375
images/ISPY2_625800/ISPY2_625800_0004.nii.gz,287.38433837890625,340.98577880859375
images/ISPY2_625800/ISPY2_625800_0005.nii.gz,289.7409973144531,339.27740478515625
images/ISPY2_625800/ISPY2_625800_0002.nii.gz,267.3282165527344,329.8729248046875
images/ISPY2_625800/ISPY2_625800_0001.nii.gz,212.68081665039062,273.58795166015625
images/ISPY2_625800/ISPY2_625800_0003.nii.gz,276.88177490234375,332.2234802246094
images/ISPY2_625854/ISPY2_625854_0004.nii.gz,588.959228515625,779.7097778320312
images/ISPY2_625854/ISPY2_625854_0005.nii.gz,599.3656005859375,784.6937866210938
images/ISPY2_625854/ISPY2_625854_0001.nii.gz,516.729248046875,763.278564453125
images/ISPY2_625854/ISPY2_625854_0003.nii.gz,577.0791625976562,775.5631103515625
images/ISPY2_625854/ISPY2_625854_0002.nii.gz,559.3463745117188,775.4376831054688
images/ISPY2_627118/ISPY2_627118_0002.nii.gz,129.2435302734375,165.03282165527344
images/ISPY2_627118/ISPY2_627118_0003.nii.gz,134.98129272460938,172.00079345703125
images/ISPY2_627118/ISPY2_627118_0004.nii.gz,138.63397216796875,175.8934326171875
images/ISPY2_627118/ISPY2_627118_0005.nii.gz,141.29673767089844,179.0282745361328
images/ISPY2_627118/ISPY2_627118_0001.nii.gz,113.99375915527344,141.85238647460938
images/ISPY2_627981/ISPY2_627981_0003.nii.gz,291.54925537109375,415.8385314941406
images/ISPY2_627981/ISPY2_627981_0005.nii.gz,298.8498840332031,428.4753112792969
images/ISPY2_627981/ISPY2_627981_0002.nii.gz,295.3222351074219,414.60809326171875
images/ISPY2_627981/ISPY2_627981_0004.nii.gz,295.0597229003906,421.30438232421875
images/ISPY2_627981/ISPY2_627981_0001.nii.gz,288.3675231933594,406.14324951171875
images/ISPY2_628692/ISPY2_628692_0003.nii.gz,140.2060089111328,119.0947494506836
images/ISPY2_628692/ISPY2_628692_0001.nii.gz,117.57508850097656,100.30630493164062
images/ISPY2_628692/ISPY2_628692_0004.nii.gz,144.8511505126953,122.76374816894531
images/ISPY2_628692/ISPY2_628692_0005.nii.gz,148.70565795898438,125.91764068603516
images/ISPY2_628692/ISPY2_628692_0002.nii.gz,134.98443603515625,114.85015869140625
images/ISPY2_628788/ISPY2_628788_0003.nii.gz,361.43194580078125,427.33233642578125
images/ISPY2_628788/ISPY2_628788_0002.nii.gz,352.862548828125,410.8405456542969
images/ISPY2_628788/ISPY2_628788_0001.nii.gz,281.63397216796875,314.5865478515625
images/ISPY2_628788/ISPY2_628788_0005.nii.gz,366.11016845703125,437.3379821777344
images/ISPY2_628788/ISPY2_628788_0004.nii.gz,365.435302734375,432.1676025390625
images/ISPY2_628823/ISPY2_628823_0003.nii.gz,284.5369873046875,246.6566925048828
images/ISPY2_628823/ISPY2_628823_0005.nii.gz,294.9583435058594,258.15203857421875
images/ISPY2_628823/ISPY2_628823_0002.nii.gz,272.57049560546875,237.12600708007812
images/ISPY2_628823/ISPY2_628823_0004.nii.gz,289.82806396484375,253.3783416748047
images/ISPY2_628823/ISPY2_628823_0001.nii.gz,251.82957458496094,215.2571563720703
images/ISPY2_629210/ISPY2_629210_0005.nii.gz,94.54366302490234,110.38024139404297
images/ISPY2_629210/ISPY2_629210_0001.nii.gz,87.08893585205078,98.18309020996094
images/ISPY2_629210/ISPY2_629210_0003.nii.gz,94.36343383789062,110.7601089477539
images/ISPY2_629210/ISPY2_629210_0004.nii.gz,94.78871154785156,110.9521713256836
images/ISPY2_629210/ISPY2_629210_0002.nii.gz,92.71031188964844,110.36856079101562
images/ISPY2_629371/ISPY2_629371_0001.nii.gz,71.59178161621094,88.63054656982422
images/ISPY2_629371/ISPY2_629371_0002.nii.gz,71.57478332519531,87.90860748291016
images/ISPY2_629371/ISPY2_629371_0004.nii.gz,70.00094604492188,85.20286560058594
images/ISPY2_629371/ISPY2_629371_0005.nii.gz,69.96089172363281,85.27854919433594
images/ISPY2_629371/ISPY2_629371_0003.nii.gz,69.8935317993164,85.37952423095703
images/ISPY2_629606/ISPY2_629606_0004.nii.gz,62.03535842895508,92.14839172363281
images/ISPY2_629606/ISPY2_629606_0005.nii.gz,61.657493591308594,91.62555694580078
images/ISPY2_629606/ISPY2_629606_0002.nii.gz,63.01919937133789,92.35741424560547
images/ISPY2_629606/ISPY2_629606_0003.nii.gz,62.258460998535156,92.47299194335938
images/ISPY2_629606/ISPY2_629606_0001.nii.gz,61.71155548095703,89.68638610839844
images/ISPY2_630758/ISPY2_630758_0002.nii.gz,53.195770263671875,73.73954772949219
images/ISPY2_630758/ISPY2_630758_0004.nii.gz,57.08475875854492,77.44721984863281
images/ISPY2_630758/ISPY2_630758_0003.nii.gz,55.25856018066406,74.49730682373047
images/ISPY2_630758/ISPY2_630758_0001.nii.gz,43.62788009643555,62.544952392578125
images/ISPY2_630758/ISPY2_630758_0005.nii.gz,58.21494674682617,78.2979965209961
images/ISPY2_631299/ISPY2_631299_0005.nii.gz,214.5002899169922,260.0307922363281
images/ISPY2_631299/ISPY2_631299_0001.nii.gz,203.63417053222656,254.62913513183594
images/ISPY2_631299/ISPY2_631299_0004.nii.gz,212.34078979492188,258.9836730957031
images/ISPY2_631299/ISPY2_631299_0002.nii.gz,206.36936950683594,254.424072265625
images/ISPY2_631299/ISPY2_631299_0003.nii.gz,214.48463439941406,267.39813232421875
images/ISPY2_631337/ISPY2_631337_0005.nii.gz,51.222129821777344,69.34690856933594
images/ISPY2_631337/ISPY2_631337_0003.nii.gz,50.56410217285156,68.07054901123047
images/ISPY2_631337/ISPY2_631337_0002.nii.gz,50.60523986816406,67.63320922851562
images/ISPY2_631337/ISPY2_631337_0001.nii.gz,47.09199142456055,60.74763870239258
images/ISPY2_631337/ISPY2_631337_0004.nii.gz,50.862789154052734,68.73973846435547
images/ISPY2_632408/ISPY2_632408_0001.nii.gz,220.49037170410156,282.1282958984375
images/ISPY2_632408/ISPY2_632408_0003.nii.gz,270.9407653808594,334.9967041015625
images/ISPY2_632408/ISPY2_632408_0002.nii.gz,259.8260803222656,323.41278076171875
images/ISPY2_632408/ISPY2_632408_0004.nii.gz,276.7694091796875,343.23370361328125
images/ISPY2_632408/ISPY2_632408_0005.nii.gz,281.495361328125,351.50311279296875
images/ISPY2_635632/ISPY2_635632_0005.nii.gz,65.24513244628906,89.26107788085938
images/ISPY2_635632/ISPY2_635632_0004.nii.gz,64.93485260009766,89.38984680175781
images/ISPY2_635632/ISPY2_635632_0001.nii.gz,56.689300537109375,83.74956512451172
images/ISPY2_635632/ISPY2_635632_0003.nii.gz,64.05013275146484,89.68412780761719
images/ISPY2_635632/ISPY2_635632_0002.nii.gz,62.45048904418945,89.32777404785156
images/ISPY2_635862/ISPY2_635862_0001.nii.gz,147.40196228027344,183.43179321289062
images/ISPY2_635862/ISPY2_635862_0003.nii.gz,160.58834838867188,194.8715057373047
images/ISPY2_635862/ISPY2_635862_0005.nii.gz,158.9382781982422,188.66358947753906
images/ISPY2_635862/ISPY2_635862_0002.nii.gz,157.4962158203125,192.9866485595703
images/ISPY2_635862/ISPY2_635862_0004.nii.gz,158.4240264892578,189.3070526123047
images/ISPY2_636424/ISPY2_636424_0003.nii.gz,37.19118118286133,43.7296257019043
images/ISPY2_636424/ISPY2_636424_0004.nii.gz,37.0616569519043,42.82924270629883
images/ISPY2_636424/ISPY2_636424_0005.nii.gz,37.05061721801758,43.318485260009766
images/ISPY2_636424/ISPY2_636424_0002.nii.gz,37.618255615234375,44.409507751464844
images/ISPY2_636424/ISPY2_636424_0001.nii.gz,37.94131851196289,47.19029235839844
images/ISPY2_637051/ISPY2_637051_0003.nii.gz,57.11935806274414,63.46575927734375
images/ISPY2_637051/ISPY2_637051_0005.nii.gz,57.45685958862305,64.37838745117188
images/ISPY2_637051/ISPY2_637051_0004.nii.gz,57.307254791259766,64.0796890258789
images/ISPY2_637051/ISPY2_637051_0002.nii.gz,57.26167297363281,63.644752502441406
images/ISPY2_637051/ISPY2_637051_0001.nii.gz,54.68865203857422,60.80855941772461
images/ISPY2_637566/ISPY2_637566_0001.nii.gz,32.718082427978516,31.221588134765625
images/ISPY2_637566/ISPY2_637566_0002.nii.gz,35.808311462402344,33.77547836303711
images/ISPY2_637566/ISPY2_637566_0003.nii.gz,35.795494079589844,32.241275787353516
images/ISPY2_637566/ISPY2_637566_0005.nii.gz,35.87388610839844,31.534700393676758
images/ISPY2_637566/ISPY2_637566_0004.nii.gz,36.468414306640625,32.62527847290039
images/ISPY2_637752/ISPY2_637752_0003.nii.gz,51.09463119506836,69.66399383544922
images/ISPY2_637752/ISPY2_637752_0001.nii.gz,53.26070785522461,75.4931869506836
images/ISPY2_637752/ISPY2_637752_0002.nii.gz,52.42033767700195,72.48673248291016
images/ISPY2_637752/ISPY2_637752_0005.nii.gz,50.28763198852539,68.21096801757812
images/ISPY2_637752/ISPY2_637752_0004.nii.gz,50.64596939086914,68.5565185546875
images/ISPY2_638126/ISPY2_638126_0001.nii.gz,85.65876007080078,93.46031951904297
images/ISPY2_638126/ISPY2_638126_0005.nii.gz,113.74750518798828,124.89966583251953
images/ISPY2_638126/ISPY2_638126_0004.nii.gz,112.05916595458984,122.92552185058594
images/ISPY2_638126/ISPY2_638126_0002.nii.gz,106.73085021972656,115.45421600341797
images/ISPY2_638126/ISPY2_638126_0003.nii.gz,112.132568359375,120.88545227050781
images/ISPY2_639663/ISPY2_639663_0003.nii.gz,27.09149932861328,44.2750244140625
images/ISPY2_639663/ISPY2_639663_0004.nii.gz,26.909456253051758,43.768436431884766
images/ISPY2_639663/ISPY2_639663_0005.nii.gz,26.861303329467773,43.33076477050781
images/ISPY2_639663/ISPY2_639663_0001.nii.gz,27.665584564208984,45.432518005371094
images/ISPY2_639663/ISPY2_639663_0002.nii.gz,27.580673217773438,45.214454650878906
images/ISPY2_640043/ISPY2_640043_0004.nii.gz,192.59463500976562,208.48519897460938
images/ISPY2_640043/ISPY2_640043_0002.nii.gz,190.0277557373047,215.2816619873047
images/ISPY2_640043/ISPY2_640043_0005.nii.gz,191.53924560546875,206.0842742919922
images/ISPY2_640043/ISPY2_640043_0001.nii.gz,188.92428588867188,226.2698211669922
images/ISPY2_640043/ISPY2_640043_0003.nii.gz,190.1517791748047,208.80702209472656
images/ISPY2_640463/ISPY2_640463_0003.nii.gz,59.02155303955078,82.99124908447266
images/ISPY2_640463/ISPY2_640463_0002.nii.gz,58.866416931152344,81.87129974365234
images/ISPY2_640463/ISPY2_640463_0001.nii.gz,56.49988555908203,75.67636108398438
images/ISPY2_640463/ISPY2_640463_0004.nii.gz,59.346031188964844,83.86773681640625
images/ISPY2_640463/ISPY2_640463_0005.nii.gz,59.55064392089844,84.88304901123047
images/ISPY2_640927/ISPY2_640927_0001.nii.gz,85.98499298095703,106.85148620605469
images/ISPY2_640927/ISPY2_640927_0003.nii.gz,95.26725769042969,116.22761535644531
images/ISPY2_640927/ISPY2_640927_0004.nii.gz,97.35014343261719,117.7222900390625
images/ISPY2_640927/ISPY2_640927_0002.nii.gz,92.3568115234375,113.78414916992188
images/ISPY2_640927/ISPY2_640927_0005.nii.gz,99.41484069824219,120.21790313720703
images/ISPY2_641246/ISPY2_641246_0002.nii.gz,61.32045364379883,77.90523529052734
images/ISPY2_641246/ISPY2_641246_0004.nii.gz,60.518280029296875,77.32322692871094
images/ISPY2_641246/ISPY2_641246_0003.nii.gz,60.76018524169922,77.46930694580078
images/ISPY2_641246/ISPY2_641246_0005.nii.gz,60.43239212036133,77.1612548828125
images/ISPY2_641246/ISPY2_641246_0001.nii.gz,62.023590087890625,78.48800659179688
images/ISPY2_641697/ISPY2_641697_0003.nii.gz,773.3504638671875,476.83843994140625
images/ISPY2_641697/ISPY2_641697_0005.nii.gz,796.7067260742188,488.3893127441406
images/ISPY2_641697/ISPY2_641697_0001.nii.gz,685.0938720703125,480.90277099609375
images/ISPY2_641697/ISPY2_641697_0004.nii.gz,784.2112426757812,482.111328125
images/ISPY2_641697/ISPY2_641697_0002.nii.gz,758.2665405273438,492.4476013183594
images/ISPY2_641977/ISPY2_641977_0004.nii.gz,87.79883575439453,104.62029266357422
images/ISPY2_641977/ISPY2_641977_0005.nii.gz,88.66718292236328,104.9848403930664
images/ISPY2_641977/ISPY2_641977_0003.nii.gz,87.15729522705078,105.57613372802734
images/ISPY2_641977/ISPY2_641977_0001.nii.gz,76.19966888427734,99.07032012939453
images/ISPY2_641977/ISPY2_641977_0002.nii.gz,85.80176544189453,105.80361938476562
images/ISPY2_644186/ISPY2_644186_0005.nii.gz,294.25750732421875,331.36669921875
images/ISPY2_644186/ISPY2_644186_0003.nii.gz,284.4092102050781,327.4317321777344
images/ISPY2_644186/ISPY2_644186_0004.nii.gz,285.1554870605469,321.41375732421875
images/ISPY2_644186/ISPY2_644186_0002.nii.gz,300.8699035644531,358.0233154296875
images/ISPY2_644186/ISPY2_644186_0001.nii.gz,305.488037109375,373.41595458984375
images/ISPY2_644609/ISPY2_644609_0001.nii.gz,327.94036865234375,403.5732727050781
images/ISPY2_644609/ISPY2_644609_0002.nii.gz,345.8262634277344,400.74932861328125
images/ISPY2_644609/ISPY2_644609_0004.nii.gz,367.9082946777344,411.6131286621094
images/ISPY2_644609/ISPY2_644609_0005.nii.gz,373.24005126953125,415.030029296875
images/ISPY2_644609/ISPY2_644609_0003.nii.gz,365.0190124511719,413.6853942871094
images/ISPY2_646233/ISPY2_646233_0002.nii.gz,113.10933685302734,147.12741088867188
images/ISPY2_646233/ISPY2_646233_0001.nii.gz,111.83368682861328,153.73252868652344
images/ISPY2_646233/ISPY2_646233_0005.nii.gz,112.04998016357422,137.11761474609375
images/ISPY2_646233/ISPY2_646233_0003.nii.gz,113.55037689208984,144.12454223632812
images/ISPY2_646233/ISPY2_646233_0004.nii.gz,111.81060028076172,139.14047241210938
images/ISPY2_646600/ISPY2_646600_0002.nii.gz,523.7299194335938,617.0924682617188
images/ISPY2_646600/ISPY2_646600_0005.nii.gz,517.5361328125,606.9103393554688
images/ISPY2_646600/ISPY2_646600_0001.nii.gz,512.5665893554688,607.6422119140625
images/ISPY2_646600/ISPY2_646600_0004.nii.gz,535.7174682617188,619.9029541015625
images/ISPY2_646600/ISPY2_646600_0003.nii.gz,535.63818359375,622.6593017578125
images/ISPY2_649198/ISPY2_649198_0001.nii.gz,32.22873306274414,46.36253356933594
images/ISPY2_649198/ISPY2_649198_0002.nii.gz,35.844032287597656,55.183712005615234
images/ISPY2_649198/ISPY2_649198_0003.nii.gz,37.35732650756836,58.4511604309082
images/ISPY2_649198/ISPY2_649198_0004.nii.gz,38.58112716674805,60.780269622802734
images/ISPY2_649198/ISPY2_649198_0005.nii.gz,39.48283004760742,62.567840576171875
images/ISPY2_650589/ISPY2_650589_0003.nii.gz,88.44280242919922,115.04385375976562
images/ISPY2_650589/ISPY2_650589_0005.nii.gz,89.81103515625,118.77183532714844
images/ISPY2_650589/ISPY2_650589_0004.nii.gz,88.85202026367188,116.78108215332031
images/ISPY2_650589/ISPY2_650589_0001.nii.gz,83.5016860961914,105.05133819580078
images/ISPY2_650589/ISPY2_650589_0002.nii.gz,87.66716766357422,112.64209747314453
images/ISPY2_651145/ISPY2_651145_0003.nii.gz,92.66178894042969,123.563232421875
images/ISPY2_651145/ISPY2_651145_0001.nii.gz,81.64920806884766,121.62187194824219
images/ISPY2_651145/ISPY2_651145_0005.nii.gz,97.15150451660156,126.176513671875
images/ISPY2_651145/ISPY2_651145_0002.nii.gz,91.71707153320312,126.34024810791016
images/ISPY2_651145/ISPY2_651145_0004.nii.gz,94.9803695678711,125.73414611816406
images/ISPY2_651401/ISPY2_651401_0001.nii.gz,31.161802291870117,38.40953826904297
images/ISPY2_651401/ISPY2_651401_0005.nii.gz,39.90576171875,45.43673324584961
images/ISPY2_651401/ISPY2_651401_0002.nii.gz,33.90077209472656,40.158653259277344
images/ISPY2_651401/ISPY2_651401_0004.nii.gz,38.421024322509766,44.25178146362305
images/ISPY2_651401/ISPY2_651401_0003.nii.gz,36.26124572753906,42.25092315673828
images/ISPY2_651541/ISPY2_651541_0001.nii.gz,70.75151824951172,84.57347106933594
images/ISPY2_651541/ISPY2_651541_0005.nii.gz,78.53234100341797,101.69734954833984
images/ISPY2_651541/ISPY2_651541_0003.nii.gz,77.65633392333984,98.54591369628906
images/ISPY2_651541/ISPY2_651541_0004.nii.gz,77.93245697021484,100.33199310302734
images/ISPY2_651541/ISPY2_651541_0002.nii.gz,76.70963287353516,95.83030700683594
images/ISPY2_652480/ISPY2_652480_0005.nii.gz,651.7355346679688,928.1213989257812
images/ISPY2_652480/ISPY2_652480_0004.nii.gz,630.8082275390625,898.8177490234375
images/ISPY2_652480/ISPY2_652480_0002.nii.gz,571.2922973632812,801.0052490234375
images/ISPY2_652480/ISPY2_652480_0003.nii.gz,609.0958251953125,858.9474487304688
images/ISPY2_652480/ISPY2_652480_0001.nii.gz,489.3006286621094,672.2214965820312
images/ISPY2_653325/ISPY2_653325_0004.nii.gz,427.9779968261719,372.3084411621094
images/ISPY2_653325/ISPY2_653325_0001.nii.gz,360.360595703125,299.59930419921875
images/ISPY2_653325/ISPY2_653325_0002.nii.gz,394.5659484863281,354.1312255859375
images/ISPY2_653325/ISPY2_653325_0003.nii.gz,409.7777099609375,367.8949279785156
images/ISPY2_653325/ISPY2_653325_0005.nii.gz,426.5039367675781,376.3790283203125
images/ISPY2_653927/ISPY2_653927_0001.nii.gz,159.69949340820312,211.17958068847656
images/ISPY2_653927/ISPY2_653927_0002.nii.gz,159.2269744873047,198.7461700439453
images/ISPY2_653927/ISPY2_653927_0005.nii.gz,159.32177734375,186.86021423339844
images/ISPY2_653927/ISPY2_653927_0004.nii.gz,156.3799591064453,186.475341796875
images/ISPY2_653927/ISPY2_653927_0003.nii.gz,163.38572692871094,197.5608367919922
images/ISPY2_654021/ISPY2_654021_0005.nii.gz,324.52398681640625,447.7827453613281
images/ISPY2_654021/ISPY2_654021_0001.nii.gz,326.3634338378906,510.2409362792969
images/ISPY2_654021/ISPY2_654021_0002.nii.gz,325.5618591308594,475.04803466796875
images/ISPY2_654021/ISPY2_654021_0003.nii.gz,325.0942687988281,459.146484375
images/ISPY2_654021/ISPY2_654021_0004.nii.gz,323.9050598144531,449.4693908691406
images/ISPY2_654064/ISPY2_654064_0005.nii.gz,345.3059387207031,494.0001220703125
images/ISPY2_654064/ISPY2_654064_0001.nii.gz,300.3198547363281,432.83905029296875
images/ISPY2_654064/ISPY2_654064_0003.nii.gz,343.130126953125,484.7779846191406
images/ISPY2_654064/ISPY2_654064_0004.nii.gz,349.3572998046875,496.2516784667969
images/ISPY2_654064/ISPY2_654064_0002.nii.gz,331.7738342285156,477.7752685546875
images/ISPY2_654956/ISPY2_654956_0004.nii.gz,496.6454162597656,588.3671264648438
images/ISPY2_654956/ISPY2_654956_0001.nii.gz,474.6143798828125,600.830810546875
images/ISPY2_654956/ISPY2_654956_0003.nii.gz,495.42010498046875,582.6568603515625
images/ISPY2_654956/ISPY2_654956_0002.nii.gz,499.9537048339844,592.58642578125
images/ISPY2_654956/ISPY2_654956_0005.nii.gz,488.96673583984375,577.474609375
images/ISPY2_655128/ISPY2_655128_0002.nii.gz,127.09524536132812,147.12510681152344
images/ISPY2_655128/ISPY2_655128_0005.nii.gz,121.53335571289062,133.14498901367188
images/ISPY2_655128/ISPY2_655128_0004.nii.gz,123.13629913330078,137.45631408691406
images/ISPY2_655128/ISPY2_655128_0003.nii.gz,123.94324493408203,139.3480987548828
images/ISPY2_655128/ISPY2_655128_0001.nii.gz,124.95980834960938,155.38804626464844
images/ISPY2_655703/ISPY2_655703_0005.nii.gz,69.05363464355469,90.5271987915039
images/ISPY2_655703/ISPY2_655703_0004.nii.gz,68.98157501220703,90.03494262695312
images/ISPY2_655703/ISPY2_655703_0002.nii.gz,69.18733978271484,89.30075073242188
images/ISPY2_655703/ISPY2_655703_0003.nii.gz,69.02633666992188,89.70987701416016
images/ISPY2_655703/ISPY2_655703_0001.nii.gz,69.74765014648438,89.44100189208984
images/ISPY2_655795/ISPY2_655795_0001.nii.gz,236.6819305419922,318.1522216796875
images/ISPY2_655795/ISPY2_655795_0005.nii.gz,255.596923828125,336.34185791015625
images/ISPY2_655795/ISPY2_655795_0003.nii.gz,245.61090087890625,323.9034118652344
images/ISPY2_655795/ISPY2_655795_0002.nii.gz,244.6977996826172,323.06689453125
images/ISPY2_655795/ISPY2_655795_0004.nii.gz,249.73684692382812,329.65447998046875
images/ISPY2_658541/ISPY2_658541_0001.nii.gz,112.79792785644531,149.6552734375
images/ISPY2_658541/ISPY2_658541_0003.nii.gz,122.79090881347656,143.09112548828125
images/ISPY2_658541/ISPY2_658541_0004.nii.gz,126.20257568359375,143.1591796875
images/ISPY2_658541/ISPY2_658541_0005.nii.gz,126.10314178466797,141.248291015625
images/ISPY2_658541/ISPY2_658541_0002.nii.gz,118.5804672241211,145.54171752929688
images/ISPY2_660534/ISPY2_660534_0005.nii.gz,53.893558502197266,58.45772933959961
images/ISPY2_660534/ISPY2_660534_0003.nii.gz,53.520896911621094,59.41179275512695
images/ISPY2_660534/ISPY2_660534_0004.nii.gz,53.590553283691406,58.62807846069336
images/ISPY2_660534/ISPY2_660534_0001.nii.gz,52.13449478149414,63.82831573486328
images/ISPY2_660534/ISPY2_660534_0002.nii.gz,53.495521545410156,60.529354095458984
images/ISPY2_660915/ISPY2_660915_0002.nii.gz,113.26995086669922,126.48100280761719
images/ISPY2_660915/ISPY2_660915_0005.nii.gz,139.30548095703125,150.54457092285156
images/ISPY2_660915/ISPY2_660915_0001.nii.gz,152.8255615234375,163.5372314453125
images/ISPY2_660915/ISPY2_660915_0003.nii.gz,131.9950714111328,143.1614990234375
images/ISPY2_660915/ISPY2_660915_0004.nii.gz,137.77272033691406,147.74452209472656
images/ISPY2_661730/ISPY2_661730_0005.nii.gz,331.1800231933594,336.4894714355469
images/ISPY2_661730/ISPY2_661730_0002.nii.gz,323.39654541015625,332.205810546875
images/ISPY2_661730/ISPY2_661730_0004.nii.gz,331.7962646484375,338.7023620605469
images/ISPY2_661730/ISPY2_661730_0001.nii.gz,313.7804260253906,333.7253723144531
images/ISPY2_661730/ISPY2_661730_0003.nii.gz,333.21514892578125,335.8691711425781
images/ISPY2_663144/ISPY2_663144_0003.nii.gz,527.072265625,819.0822143554688
images/ISPY2_663144/ISPY2_663144_0001.nii.gz,439.1951904296875,688.1234741210938
images/ISPY2_663144/ISPY2_663144_0002.nii.gz,495.8858337402344,777.9147338867188
images/ISPY2_663144/ISPY2_663144_0005.nii.gz,554.003662109375,866.33984375
images/ISPY2_663144/ISPY2_663144_0004.nii.gz,544.100341796875,845.8263549804688
images/ISPY2_663197/ISPY2_663197_0003.nii.gz,397.6449890136719,426.43115234375
images/ISPY2_663197/ISPY2_663197_0004.nii.gz,405.4859619140625,437.62274169921875
images/ISPY2_663197/ISPY2_663197_0005.nii.gz,414.2724609375,443.335693359375
images/ISPY2_663197/ISPY2_663197_0001.nii.gz,356.34539794921875,386.09771728515625
images/ISPY2_663197/ISPY2_663197_0002.nii.gz,384.8949890136719,414.1326904296875
images/ISPY2_663467/ISPY2_663467_0002.nii.gz,427.5598449707031,454.1659851074219
images/ISPY2_663467/ISPY2_663467_0001.nii.gz,406.6166076660156,494.4238586425781
images/ISPY2_663467/ISPY2_663467_0003.nii.gz,410.5238037109375,418.0964050292969
images/ISPY2_663467/ISPY2_663467_0005.nii.gz,416.7798156738281,404.65362548828125
images/ISPY2_663467/ISPY2_663467_0004.nii.gz,425.0983581542969,420.0474548339844
images/ISPY2_664111/ISPY2_664111_0003.nii.gz,263.124755859375,243.6698455810547
images/ISPY2_664111/ISPY2_664111_0002.nii.gz,261.8924865722656,245.37356567382812
images/ISPY2_664111/ISPY2_664111_0004.nii.gz,273.32025146484375,252.44175720214844
images/ISPY2_664111/ISPY2_664111_0001.nii.gz,256.0026550292969,257.42596435546875
images/ISPY2_664111/ISPY2_664111_0005.nii.gz,266.43365478515625,244.6733856201172
images/ISPY2_664658/ISPY2_664658_0005.nii.gz,594.7611694335938,649.7021484375
images/ISPY2_664658/ISPY2_664658_0001.nii.gz,556.7775268554688,672.8972778320312
images/ISPY2_664658/ISPY2_664658_0004.nii.gz,602.211181640625,663.72314453125
images/ISPY2_664658/ISPY2_664658_0002.nii.gz,606.4395141601562,684.829345703125
images/ISPY2_664658/ISPY2_664658_0003.nii.gz,596.2352294921875,665.4595336914062
images/ISPY2_666147/ISPY2_666147_0002.nii.gz,224.12847900390625,279.722900390625
images/ISPY2_666147/ISPY2_666147_0003.nii.gz,224.4072265625,281.59356689453125
images/ISPY2_666147/ISPY2_666147_0004.nii.gz,223.05738830566406,281.7122802734375
images/ISPY2_666147/ISPY2_666147_0005.nii.gz,221.88580322265625,279.0770263671875
images/ISPY2_666147/ISPY2_666147_0001.nii.gz,214.48873901367188,281.37750244140625
images/ISPY2_666450/ISPY2_666450_0004.nii.gz,121.5715560913086,140.7005157470703
images/ISPY2_666450/ISPY2_666450_0003.nii.gz,121.92593383789062,140.35462951660156
images/ISPY2_666450/ISPY2_666450_0005.nii.gz,123.9760971069336,143.89337158203125
images/ISPY2_666450/ISPY2_666450_0002.nii.gz,120.57431030273438,138.9855499267578
images/ISPY2_666450/ISPY2_666450_0001.nii.gz,115.70368957519531,137.47119140625
images/ISPY2_666715/ISPY2_666715_0001.nii.gz,374.7953796386719,503.4196472167969
images/ISPY2_666715/ISPY2_666715_0002.nii.gz,366.22283935546875,466.0428466796875
images/ISPY2_666715/ISPY2_666715_0005.nii.gz,384.1330871582031,475.26068115234375
images/ISPY2_666715/ISPY2_666715_0003.nii.gz,386.8755798339844,484.3035583496094
images/ISPY2_666715/ISPY2_666715_0004.nii.gz,388.7539978027344,476.72943115234375
images/ISPY2_668752/ISPY2_668752_0005.nii.gz,513.1550903320312,632.471435546875
images/ISPY2_668752/ISPY2_668752_0002.nii.gz,502.2091979980469,637.77392578125
images/ISPY2_668752/ISPY2_668752_0003.nii.gz,519.9605712890625,649.873046875
images/ISPY2_668752/ISPY2_668752_0001.nii.gz,497.33447265625,657.3260498046875
images/ISPY2_668752/ISPY2_668752_0004.nii.gz,509.61077880859375,629.5439453125
images/ISPY2_672734/ISPY2_672734_0001.nii.gz,78.72335052490234,115.47351837158203
images/ISPY2_672734/ISPY2_672734_0003.nii.gz,83.33760833740234,112.04898834228516
images/ISPY2_672734/ISPY2_672734_0002.nii.gz,81.8692626953125,111.59494018554688
images/ISPY2_672734/ISPY2_672734_0005.nii.gz,84.79618072509766,111.18963623046875
images/ISPY2_672734/ISPY2_672734_0004.nii.gz,82.98312377929688,108.52043914794922
images/ISPY2_674897/ISPY2_674897_0001.nii.gz,69.86151885986328,98.22237396240234
images/ISPY2_674897/ISPY2_674897_0003.nii.gz,77.89793395996094,101.6844711303711
images/ISPY2_674897/ISPY2_674897_0005.nii.gz,81.9357681274414,104.73865509033203
images/ISPY2_674897/ISPY2_674897_0002.nii.gz,75.72111511230469,100.79249572753906
images/ISPY2_674897/ISPY2_674897_0004.nii.gz,79.12643432617188,101.9864730834961
images/ISPY2_676048/ISPY2_676048_0005.nii.gz,81.80794525146484,83.6490478515625
images/ISPY2_676048/ISPY2_676048_0001.nii.gz,74.30452728271484,74.71592712402344
images/ISPY2_676048/ISPY2_676048_0004.nii.gz,78.95171356201172,81.09477233886719
images/ISPY2_676048/ISPY2_676048_0002.nii.gz,74.31964111328125,76.38522338867188
images/ISPY2_676048/ISPY2_676048_0003.nii.gz,77.98116302490234,79.19425201416016
images/ISPY2_676365/ISPY2_676365_0002.nii.gz,34.448795318603516,50.38560104370117
images/ISPY2_676365/ISPY2_676365_0001.nii.gz,33.6684684753418,49.05473327636719
images/ISPY2_676365/ISPY2_676365_0003.nii.gz,34.48496627807617,50.033729553222656
images/ISPY2_676365/ISPY2_676365_0004.nii.gz,34.25951385498047,49.34589385986328
images/ISPY2_676365/ISPY2_676365_0005.nii.gz,33.67620086669922,48.380340576171875
images/ISPY2_676630/ISPY2_676630_0005.nii.gz,22.177927017211914,50.87588882446289
images/ISPY2_676630/ISPY2_676630_0004.nii.gz,22.010250091552734,49.907283782958984
images/ISPY2_676630/ISPY2_676630_0002.nii.gz,21.754627227783203,47.08004379272461
images/ISPY2_676630/ISPY2_676630_0003.nii.gz,22.12154197692871,48.85482406616211
images/ISPY2_676630/ISPY2_676630_0001.nii.gz,21.008220672607422,43.00056457519531
images/ISPY2_677910/ISPY2_677910_0003.nii.gz,75.6346664428711,80.26068878173828
images/ISPY2_677910/ISPY2_677910_0004.nii.gz,77.8028564453125,81.74796295166016
images/ISPY2_677910/ISPY2_677910_0002.nii.gz,75.21593475341797,80.79907989501953
images/ISPY2_677910/ISPY2_677910_0001.nii.gz,68.70509338378906,72.2143783569336
images/ISPY2_677910/ISPY2_677910_0005.nii.gz,76.71028900146484,80.64978790283203
images/ISPY2_677915/ISPY2_677915_0003.nii.gz,49.49955749511719,59.32061004638672
images/ISPY2_677915/ISPY2_677915_0005.nii.gz,50.38352966308594,60.637733459472656
images/ISPY2_677915/ISPY2_677915_0004.nii.gz,49.962623596191406,60.11979675292969
images/ISPY2_677915/ISPY2_677915_0001.nii.gz,41.29598617553711,51.60755157470703
images/ISPY2_677915/ISPY2_677915_0002.nii.gz,46.87239074707031,57.27040100097656
images/ISPY2_679787/ISPY2_679787_0002.nii.gz,451.2418518066406,431.3184509277344
images/ISPY2_679787/ISPY2_679787_0005.nii.gz,475.69403076171875,429.2142639160156
images/ISPY2_679787/ISPY2_679787_0001.nii.gz,377.150146484375,346.8708190917969
images/ISPY2_679787/ISPY2_679787_0003.nii.gz,465.43060302734375,433.976806640625
images/ISPY2_679787/ISPY2_679787_0004.nii.gz,470.6819763183594,427.28118896484375
images/ISPY2_680881/ISPY2_680881_0003.nii.gz,343.1441955566406,458.5594482421875
images/ISPY2_680881/ISPY2_680881_0002.nii.gz,330.6611022949219,445.5523376464844
images/ISPY2_680881/ISPY2_680881_0001.nii.gz,297.6198425292969,414.2696838378906
images/ISPY2_680881/ISPY2_680881_0005.nii.gz,359.54193115234375,474.7770690917969
images/ISPY2_680881/ISPY2_680881_0004.nii.gz,351.55035400390625,465.8031921386719
images/ISPY2_683173/ISPY2_683173_0001.nii.gz,32.3270263671875,41.043357849121094
images/ISPY2_683173/ISPY2_683173_0004.nii.gz,38.17403793334961,44.71043395996094
images/ISPY2_683173/ISPY2_683173_0005.nii.gz,38.6105842590332,44.956748962402344
images/ISPY2_683173/ISPY2_683173_0002.nii.gz,35.66884231567383,42.85426330566406
images/ISPY2_683173/ISPY2_683173_0003.nii.gz,37.13906478881836,43.95035171508789
images/ISPY2_683374/ISPY2_683374_0005.nii.gz,472.42205810546875,635.3463745117188
images/ISPY2_683374/ISPY2_683374_0003.nii.gz,460.2732238769531,631.9118041992188
images/ISPY2_683374/ISPY2_683374_0002.nii.gz,442.5947265625,616.4495849609375
images/ISPY2_683374/ISPY2_683374_0001.nii.gz,429.8478698730469,597.2789306640625
images/ISPY2_683374/ISPY2_683374_0004.nii.gz,463.8420715332031,632.5509643554688
images/ISPY2_683457/ISPY2_683457_0003.nii.gz,547.6553955078125,460.69549560546875
images/ISPY2_683457/ISPY2_683457_0002.nii.gz,543.4540405273438,479.0580749511719
images/ISPY2_683457/ISPY2_683457_0005.nii.gz,542.5789184570312,435.11944580078125
images/ISPY2_683457/ISPY2_683457_0004.nii.gz,547.8716430664062,447.24017333984375
images/ISPY2_683457/ISPY2_683457_0001.nii.gz,472.05462646484375,435.1416320800781
images/ISPY2_683896/ISPY2_683896_0005.nii.gz,78.55709838867188,77.54924774169922
images/ISPY2_683896/ISPY2_683896_0002.nii.gz,79.35083770751953,79.8401870727539
images/ISPY2_683896/ISPY2_683896_0004.nii.gz,78.4087905883789,77.60112762451172
images/ISPY2_683896/ISPY2_683896_0001.nii.gz,76.76007080078125,76.87639617919922
images/ISPY2_683896/ISPY2_683896_0003.nii.gz,78.42252349853516,77.96470642089844
images/ISPY2_685182/ISPY2_685182_0005.nii.gz,53.902313232421875,66.2540054321289
images/ISPY2_685182/ISPY2_685182_0002.nii.gz,58.28153610229492,74.74430847167969
images/ISPY2_685182/ISPY2_685182_0001.nii.gz,60.02692413330078,77.06343078613281
images/ISPY2_685182/ISPY2_685182_0003.nii.gz,56.47590637207031,70.81674194335938
images/ISPY2_685182/ISPY2_685182_0004.nii.gz,54.96232986450195,68.39105987548828
images/ISPY2_685753/ISPY2_685753_0005.nii.gz,74.18603515625,76.32015991210938
images/ISPY2_685753/ISPY2_685753_0001.nii.gz,64.0839614868164,64.60478210449219
images/ISPY2_685753/ISPY2_685753_0003.nii.gz,70.54475402832031,72.95452880859375
images/ISPY2_685753/ISPY2_685753_0004.nii.gz,72.35472869873047,75.2860336303711
images/ISPY2_685753/ISPY2_685753_0002.nii.gz,68.37499237060547,70.29632568359375
images/ISPY2_685795/ISPY2_685795_0002.nii.gz,350.239501953125,396.962890625
images/ISPY2_685795/ISPY2_685795_0003.nii.gz,354.66778564453125,401.240234375
images/ISPY2_685795/ISPY2_685795_0001.nii.gz,317.35394287109375,364.20831298828125
images/ISPY2_685795/ISPY2_685795_0005.nii.gz,365.06719970703125,414.2429504394531
images/ISPY2_685795/ISPY2_685795_0004.nii.gz,361.8124694824219,404.98162841796875
images/ISPY2_687288/ISPY2_687288_0005.nii.gz,308.0802917480469,319.74285888671875
images/ISPY2_687288/ISPY2_687288_0004.nii.gz,308.02215576171875,320.31036376953125
images/ISPY2_687288/ISPY2_687288_0001.nii.gz,249.29730224609375,257.0006408691406
images/ISPY2_687288/ISPY2_687288_0003.nii.gz,305.9613342285156,315.81494140625
images/ISPY2_687288/ISPY2_687288_0002.nii.gz,297.6666259765625,311.5743713378906
images/ISPY2_687733/ISPY2_687733_0003.nii.gz,93.37242126464844,138.09361267089844
images/ISPY2_687733/ISPY2_687733_0001.nii.gz,79.5894546508789,120.51972198486328
images/ISPY2_687733/ISPY2_687733_0005.nii.gz,97.59507751464844,145.1423797607422
images/ISPY2_687733/ISPY2_687733_0004.nii.gz,96.03974914550781,141.99774169921875
images/ISPY2_687733/ISPY2_687733_0002.nii.gz,88.67903900146484,131.65884399414062
images/ISPY2_688291/ISPY2_688291_0002.nii.gz,228.0841827392578,254.9187774658203
images/ISPY2_688291/ISPY2_688291_0004.nii.gz,231.4087371826172,239.72698974609375
images/ISPY2_688291/ISPY2_688291_0005.nii.gz,240.41656494140625,246.44264221191406
images/ISPY2_688291/ISPY2_688291_0003.nii.gz,247.0625762939453,257.16473388671875
images/ISPY2_688291/ISPY2_688291_0001.nii.gz,239.8920440673828,267.9376220703125
images/ISPY2_688955/ISPY2_688955_0004.nii.gz,278.5690002441406,292.898193359375
images/ISPY2_688955/ISPY2_688955_0003.nii.gz,285.65765380859375,302.9203186035156
images/ISPY2_688955/ISPY2_688955_0005.nii.gz,278.21624755859375,302.6175537109375
images/ISPY2_688955/ISPY2_688955_0002.nii.gz,293.76824951171875,324.4970703125
images/ISPY2_688955/ISPY2_688955_0001.nii.gz,289.59979248046875,325.3367004394531
images/ISPY2_689076/ISPY2_689076_0001.nii.gz,557.4658813476562,609.23828125
images/ISPY2_689076/ISPY2_689076_0003.nii.gz,610.8032836914062,628.9778442382812
images/ISPY2_689076/ISPY2_689076_0002.nii.gz,607.429931640625,643.296630859375
images/ISPY2_689076/ISPY2_689076_0005.nii.gz,595.2484741210938,597.3158569335938
images/ISPY2_689076/ISPY2_689076_0004.nii.gz,594.1530151367188,600.9329223632812
images/ISPY2_689188/ISPY2_689188_0004.nii.gz,234.50279235839844,205.92677307128906
images/ISPY2_689188/ISPY2_689188_0005.nii.gz,234.3815460205078,207.6219482421875
images/ISPY2_689188/ISPY2_689188_0001.nii.gz,211.23069763183594,193.5752410888672
images/ISPY2_689188/ISPY2_689188_0002.nii.gz,223.00108337402344,202.6970672607422
images/ISPY2_689188/ISPY2_689188_0003.nii.gz,231.78109741210938,207.57125854492188
images/ISPY2_689452/ISPY2_689452_0003.nii.gz,538.734130859375,626.2012939453125
images/ISPY2_689452/ISPY2_689452_0002.nii.gz,536.5968017578125,635.10546875
images/ISPY2_689452/ISPY2_689452_0004.nii.gz,539.038818359375,619.78857421875
images/ISPY2_689452/ISPY2_689452_0001.nii.gz,522.4727172851562,635.97119140625
images/ISPY2_689452/ISPY2_689452_0005.nii.gz,547.225830078125,625.9917602539062
images/ISPY2_689480/ISPY2_689480_0003.nii.gz,325.7283630371094,339.8826599121094
images/ISPY2_689480/ISPY2_689480_0001.nii.gz,276.0630798339844,281.8586730957031
images/ISPY2_689480/ISPY2_689480_0002.nii.gz,315.75396728515625,326.71392822265625
images/ISPY2_689480/ISPY2_689480_0005.nii.gz,337.6287841796875,339.1086730957031
images/ISPY2_689480/ISPY2_689480_0004.nii.gz,332.4535217285156,334.9109191894531
images/ISPY2_690089/ISPY2_690089_0001.nii.gz,226.67510986328125,239.61228942871094
images/ISPY2_690089/ISPY2_690089_0003.nii.gz,242.03024291992188,250.10533142089844
images/ISPY2_690089/ISPY2_690089_0005.nii.gz,243.729248046875,244.30616760253906
images/ISPY2_690089/ISPY2_690089_0002.nii.gz,233.1963348388672,237.2212371826172
images/ISPY2_690089/ISPY2_690089_0004.nii.gz,248.2886962890625,253.7737274169922
images/ISPY2_690410/ISPY2_690410_0001.nii.gz,61.201438903808594,80.24561309814453
images/ISPY2_690410/ISPY2_690410_0005.nii.gz,59.61675262451172,71.71874237060547
images/ISPY2_690410/ISPY2_690410_0004.nii.gz,60.22372817993164,72.54644012451172
images/ISPY2_690410/ISPY2_690410_0002.nii.gz,64.77252960205078,82.09496307373047
images/ISPY2_690410/ISPY2_690410_0003.nii.gz,62.620826721191406,76.63582611083984
images/ISPY2_691753/ISPY2_691753_0003.nii.gz,61.70580291748047,96.00586700439453
images/ISPY2_691753/ISPY2_691753_0002.nii.gz,59.745784759521484,93.17401123046875
images/ISPY2_691753/ISPY2_691753_0001.nii.gz,52.884525299072266,83.36898803710938
images/ISPY2_691753/ISPY2_691753_0005.nii.gz,67.66832733154297,103.35911560058594
images/ISPY2_691753/ISPY2_691753_0004.nii.gz,64.77831268310547,99.88301849365234
images/ISPY2_692885/ISPY2_692885_0004.nii.gz,658.883056640625,828.030029296875
images/ISPY2_692885/ISPY2_692885_0005.nii.gz,647.8197021484375,797.0653686523438
images/ISPY2_692885/ISPY2_692885_0001.nii.gz,639.8886108398438,809.739013671875
images/ISPY2_692885/ISPY2_692885_0002.nii.gz,662.3189697265625,828.6079711914062
images/ISPY2_692885/ISPY2_692885_0003.nii.gz,654.4603271484375,812.1661376953125
images/ISPY2_695521/ISPY2_695521_0005.nii.gz,292.4331970214844,303.9966125488281
images/ISPY2_695521/ISPY2_695521_0003.nii.gz,302.2877502441406,319.7554931640625
images/ISPY2_695521/ISPY2_695521_0004.nii.gz,292.0153503417969,299.4903564453125
images/ISPY2_695521/ISPY2_695521_0001.nii.gz,298.4580993652344,335.7658996582031
images/ISPY2_695521/ISPY2_695521_0002.nii.gz,306.08587646484375,334.5849304199219
images/ISPY2_697098/ISPY2_697098_0001.nii.gz,142.1073760986328,184.30108642578125
images/ISPY2_697098/ISPY2_697098_0003.nii.gz,201.15341186523438,253.6858367919922
images/ISPY2_697098/ISPY2_697098_0004.nii.gz,214.2860107421875,266.7365417480469
images/ISPY2_697098/ISPY2_697098_0002.nii.gz,185.74969482421875,238.4455108642578
images/ISPY2_697098/ISPY2_697098_0005.nii.gz,216.834228515625,272.7368469238281
images/ISPY2_697871/ISPY2_697871_0003.nii.gz,72.75437927246094,97.48616027832031
images/ISPY2_697871/ISPY2_697871_0005.nii.gz,77.25373840332031,103.286376953125
images/ISPY2_697871/ISPY2_697871_0002.nii.gz,66.56686401367188,93.325927734375
images/ISPY2_697871/ISPY2_697871_0004.nii.gz,76.66911315917969,101.73438262939453
images/ISPY2_697871/ISPY2_697871_0001.nii.gz,59.095829010009766,83.59549713134766
images/ISPY2_698094/ISPY2_698094_0003.nii.gz,48.52042770385742,60.34170913696289
images/ISPY2_698094/ISPY2_698094_0001.nii.gz,40.46318817138672,50.23567199707031
images/ISPY2_698094/ISPY2_698094_0005.nii.gz,52.22443771362305,63.5841064453125
images/ISPY2_698094/ISPY2_698094_0004.nii.gz,50.45944595336914,62.218448638916016
images/ISPY2_698094/ISPY2_698094_0002.nii.gz,47.35762023925781,58.9065055847168
images/ISPY2_700549/ISPY2_700549_0004.nii.gz,130.71917724609375,186.074462890625
images/ISPY2_700549/ISPY2_700549_0003.nii.gz,131.23362731933594,189.06214904785156
images/ISPY2_700549/ISPY2_700549_0001.nii.gz,125.0608901977539,202.78781127929688
images/ISPY2_700549/ISPY2_700549_0002.nii.gz,131.39356994628906,195.9759521484375
images/ISPY2_700549/ISPY2_700549_0005.nii.gz,129.394775390625,181.7951202392578
images/ISPY2_701790/ISPY2_701790_0003.nii.gz,502.49090576171875,535.720458984375
images/ISPY2_701790/ISPY2_701790_0001.nii.gz,446.8899230957031,530.9982299804688
images/ISPY2_701790/ISPY2_701790_0005.nii.gz,511.85906982421875,540.5155639648438
images/ISPY2_701790/ISPY2_701790_0002.nii.gz,489.0445251464844,526.035400390625
images/ISPY2_701790/ISPY2_701790_0004.nii.gz,520.3004760742188,548.5621948242188
images/ISPY2_703401/ISPY2_703401_0005.nii.gz,272.0661315917969,271.9898681640625
images/ISPY2_703401/ISPY2_703401_0002.nii.gz,280.8443908691406,288.47967529296875
images/ISPY2_703401/ISPY2_703401_0001.nii.gz,282.07232666015625,302.1684875488281
images/ISPY2_703401/ISPY2_703401_0004.nii.gz,274.3701171875,276.8641662597656
images/ISPY2_703401/ISPY2_703401_0003.nii.gz,276.05810546875,277.7749328613281
images/ISPY2_703455/ISPY2_703455_0004.nii.gz,532.236328125,763.0944213867188
images/ISPY2_703455/ISPY2_703455_0002.nii.gz,480.0337219238281,684.9422607421875
images/ISPY2_703455/ISPY2_703455_0001.nii.gz,398.3083190917969,559.5753784179688
images/ISPY2_703455/ISPY2_703455_0003.nii.gz,514.1107788085938,730.5565795898438
images/ISPY2_703455/ISPY2_703455_0005.nii.gz,549.2164306640625,787.4590454101562
images/ISPY2_705381/ISPY2_705381_0001.nii.gz,412.7008361816406,517.633544921875
images/ISPY2_705381/ISPY2_705381_0002.nii.gz,437.5264587402344,535.96728515625
images/ISPY2_705381/ISPY2_705381_0004.nii.gz,450.8030090332031,547.2952880859375
images/ISPY2_705381/ISPY2_705381_0005.nii.gz,454.086181640625,554.6260375976562
images/ISPY2_705381/ISPY2_705381_0003.nii.gz,439.1315612792969,534.4931640625
images/ISPY2_706169/ISPY2_706169_0002.nii.gz,458.3036804199219,513.6132202148438
images/ISPY2_706169/ISPY2_706169_0001.nii.gz,444.2223205566406,514.8117065429688
images/ISPY2_706169/ISPY2_706169_0003.nii.gz,472.501708984375,523.00048828125
images/ISPY2_706169/ISPY2_706169_0004.nii.gz,469.335693359375,515.6244506835938
images/ISPY2_706169/ISPY2_706169_0005.nii.gz,462.32098388671875,504.3275146484375
images/ISPY2_706418/ISPY2_706418_0003.nii.gz,102.33406066894531,131.72601318359375
images/ISPY2_706418/ISPY2_706418_0001.nii.gz,108.63532257080078,152.87118530273438
images/ISPY2_706418/ISPY2_706418_0004.nii.gz,103.7179183959961,130.99598693847656
images/ISPY2_706418/ISPY2_706418_0005.nii.gz,105.22830200195312,131.15829467773438
images/ISPY2_706418/ISPY2_706418_0002.nii.gz,104.92163848876953,137.13743591308594
images/ISPY2_706639/ISPY2_706639_0001.nii.gz,44.50971603393555,55.69803237915039
images/ISPY2_706639/ISPY2_706639_0003.nii.gz,52.16598892211914,63.572845458984375
images/ISPY2_706639/ISPY2_706639_0004.nii.gz,54.01424789428711,64.98091888427734
images/ISPY2_706639/ISPY2_706639_0005.nii.gz,54.29221725463867,65.34471893310547
images/ISPY2_706639/ISPY2_706639_0002.nii.gz,50.6230354309082,62.3065071105957
images/ISPY2_706943/ISPY2_706943_0002.nii.gz,324.6609802246094,393.19610595703125
images/ISPY2_706943/ISPY2_706943_0003.nii.gz,324.0480041503906,373.23284912109375
images/ISPY2_706943/ISPY2_706943_0001.nii.gz,299.8311462402344,380.015380859375
images/ISPY2_706943/ISPY2_706943_0005.nii.gz,327.32977294921875,365.7779846191406
images/ISPY2_706943/ISPY2_706943_0004.nii.gz,335.8483581542969,385.7689208984375
images/ISPY2_708387/ISPY2_708387_0002.nii.gz,539.1571655273438,612.3555297851562
images/ISPY2_708387/ISPY2_708387_0001.nii.gz,523.2828979492188,610.7146606445312
images/ISPY2_708387/ISPY2_708387_0005.nii.gz,548.7167358398438,619.3300170898438
images/ISPY2_708387/ISPY2_708387_0003.nii.gz,543.7949829101562,619.2008666992188
images/ISPY2_708387/ISPY2_708387_0004.nii.gz,556.8179931640625,623.4515380859375
images/ISPY2_709559/ISPY2_709559_0003.nii.gz,153.9403076171875,191.96841430664062
images/ISPY2_709559/ISPY2_709559_0002.nii.gz,149.1983184814453,190.17703247070312
images/ISPY2_709559/ISPY2_709559_0001.nii.gz,143.4120635986328,197.04522705078125
images/ISPY2_711476/ISPY2_711476_0004.nii.gz,200.3102569580078,241.09115600585938
images/ISPY2_711476/ISPY2_711476_0003.nii.gz,201.0413818359375,243.90707397460938
images/ISPY2_711476/ISPY2_711476_0005.nii.gz,203.24632263183594,245.49815368652344
images/ISPY2_711476/ISPY2_711476_0001.nii.gz,189.56634521484375,231.71893310546875
images/ISPY2_711476/ISPY2_711476_0002.nii.gz,201.28416442871094,245.79205322265625
images/ISPY2_712276/ISPY2_712276_0004.nii.gz,433.44659423828125,438.9291687011719
images/ISPY2_712276/ISPY2_712276_0002.nii.gz,419.7256164550781,439.15283203125
images/ISPY2_712276/ISPY2_712276_0001.nii.gz,394.21881103515625,429.47174072265625
images/ISPY2_712276/ISPY2_712276_0005.nii.gz,435.8360900878906,435.2569580078125
images/ISPY2_712276/ISPY2_712276_0003.nii.gz,436.1673583984375,449.9580993652344
images/ISPY2_712785/ISPY2_712785_0003.nii.gz,74.7575912475586,95.57620239257812
images/ISPY2_712785/ISPY2_712785_0005.nii.gz,75.76608276367188,94.82829284667969
images/ISPY2_712785/ISPY2_712785_0001.nii.gz,71.28325653076172,102.01245880126953
images/ISPY2_712785/ISPY2_712785_0004.nii.gz,75.05829620361328,94.58997344970703
images/ISPY2_712785/ISPY2_712785_0002.nii.gz,73.45732879638672,97.10742950439453
images/ISPY2_712917/ISPY2_712917_0003.nii.gz,146.74537658691406,213.73007202148438
images/ISPY2_712917/ISPY2_712917_0001.nii.gz,128.110107421875,206.32652282714844
images/ISPY2_712917/ISPY2_712917_0005.nii.gz,153.66445922851562,213.4233856201172
images/ISPY2_712917/ISPY2_712917_0004.nii.gz,152.33721923828125,212.2032928466797
images/ISPY2_712917/ISPY2_712917_0002.nii.gz,142.95281982421875,211.90499877929688
images/ISPY2_714205/ISPY2_714205_0004.nii.gz,229.05238342285156,286.8196105957031
images/ISPY2_714205/ISPY2_714205_0005.nii.gz,233.76913452148438,289.56817626953125
images/ISPY2_714205/ISPY2_714205_0002.nii.gz,209.9169464111328,273.6416015625
images/ISPY2_714205/ISPY2_714205_0003.nii.gz,221.29420471191406,282.0048828125
images/ISPY2_714205/ISPY2_714205_0001.nii.gz,179.67530822753906,238.2374267578125
images/ISPY2_719713/ISPY2_719713_0004.nii.gz,45.48326873779297,59.81882858276367
images/ISPY2_719713/ISPY2_719713_0001.nii.gz,37.23606491088867,47.41254425048828
images/ISPY2_719713/ISPY2_719713_0002.nii.gz,40.77287292480469,53.362972259521484
images/ISPY2_719713/ISPY2_719713_0005.nii.gz,47.061614990234375,62.356685638427734
images/ISPY2_719713/ISPY2_719713_0003.nii.gz,43.30759048461914,57.19095230102539
images/ISPY2_720065/ISPY2_720065_0002.nii.gz,102.41206359863281,130.5567169189453
images/ISPY2_720065/ISPY2_720065_0004.nii.gz,102.71452331542969,125.12284088134766
images/ISPY2_720065/ISPY2_720065_0005.nii.gz,102.18779754638672,122.65941619873047
images/ISPY2_720065/ISPY2_720065_0001.nii.gz,95.03109741210938,126.6402587890625
images/ISPY2_720065/ISPY2_720065_0003.nii.gz,101.81665802001953,125.03138732910156
images/ISPY2_721099/ISPY2_721099_0002.nii.gz,402.99462890625,459.1852111816406
images/ISPY2_721099/ISPY2_721099_0005.nii.gz,433.7308349609375,484.6761474609375
images/ISPY2_721099/ISPY2_721099_0004.nii.gz,419.7822570800781,471.67144775390625
images/ISPY2_721099/ISPY2_721099_0001.nii.gz,369.8843994140625,425.71575927734375
images/ISPY2_721099/ISPY2_721099_0003.nii.gz,420.2603454589844,478.1036071777344
images/ISPY2_723918/ISPY2_723918_0002.nii.gz,341.01959228515625,341.78472900390625
images/ISPY2_723918/ISPY2_723918_0004.nii.gz,325.1670227050781,315.1748046875
images/ISPY2_723918/ISPY2_723918_0003.nii.gz,332.35174560546875,331.3644714355469
images/ISPY2_723918/ISPY2_723918_0005.nii.gz,327.3168029785156,321.5353698730469
images/ISPY2_723918/ISPY2_723918_0001.nii.gz,365.4250183105469,399.63232421875
images/ISPY2_724293/ISPY2_724293_0004.nii.gz,394.3965148925781,526.3267211914062
images/ISPY2_724293/ISPY2_724293_0003.nii.gz,388.4081115722656,507.05401611328125
images/ISPY2_724293/ISPY2_724293_0005.nii.gz,392.2446594238281,512.7943115234375
images/ISPY2_724293/ISPY2_724293_0002.nii.gz,381.8110656738281,498.1195373535156
images/ISPY2_724293/ISPY2_724293_0001.nii.gz,352.35498046875,470.16619873046875
images/ISPY2_724384/ISPY2_724384_0002.nii.gz,165.35305786132812,208.05126953125
images/ISPY2_724384/ISPY2_724384_0003.nii.gz,168.0250244140625,207.17408752441406
images/ISPY2_724384/ISPY2_724384_0004.nii.gz,163.24710083007812,198.17819213867188
images/ISPY2_724384/ISPY2_724384_0005.nii.gz,170.2063751220703,205.57237243652344
images/ISPY2_724384/ISPY2_724384_0001.nii.gz,163.53582763671875,217.02645874023438
images/ISPY2_725455/ISPY2_725455_0005.nii.gz,52.48023986816406,70.90752410888672
images/ISPY2_725455/ISPY2_725455_0002.nii.gz,52.61466979980469,70.49150085449219
images/ISPY2_725455/ISPY2_725455_0001.nii.gz,51.27267837524414,67.57707214355469
images/ISPY2_725455/ISPY2_725455_0003.nii.gz,52.11294937133789,70.05774688720703
images/ISPY2_725455/ISPY2_725455_0004.nii.gz,52.092254638671875,70.27214813232422
images/ISPY2_726091/ISPY2_726091_0001.nii.gz,61.3107795715332,95.9207763671875
images/ISPY2_726091/ISPY2_726091_0004.nii.gz,71.8653335571289,115.03514862060547
images/ISPY2_726091/ISPY2_726091_0002.nii.gz,68.16889953613281,108.49642181396484
images/ISPY2_726091/ISPY2_726091_0003.nii.gz,70.564697265625,112.59974670410156
images/ISPY2_726091/ISPY2_726091_0005.nii.gz,72.84532928466797,116.45570373535156
images/ISPY2_726381/ISPY2_726381_0004.nii.gz,198.96420288085938,317.517578125
images/ISPY2_726381/ISPY2_726381_0002.nii.gz,191.67611694335938,308.4599304199219
images/ISPY2_726381/ISPY2_726381_0003.nii.gz,194.06358337402344,312.34210205078125
images/ISPY2_726381/ISPY2_726381_0005.nii.gz,200.2137908935547,321.0346984863281
images/ISPY2_726381/ISPY2_726381_0001.nii.gz,174.00335693359375,280.47064208984375
images/ISPY2_726940/ISPY2_726940_0004.nii.gz,168.27017211914062,230.1488800048828
images/ISPY2_726940/ISPY2_726940_0005.nii.gz,176.10462951660156,240.2628173828125
images/ISPY2_726940/ISPY2_726940_0002.nii.gz,153.31369018554688,206.36412048339844
images/ISPY2_726940/ISPY2_726940_0003.nii.gz,167.0760498046875,227.61045837402344
images/ISPY2_726940/ISPY2_726940_0001.nii.gz,126.2344970703125,169.1301727294922
images/ISPY2_727255/ISPY2_727255_0001.nii.gz,167.40122985839844,273.6840515136719
images/ISPY2_727255/ISPY2_727255_0003.nii.gz,205.12750244140625,322.9604797363281
images/ISPY2_727255/ISPY2_727255_0004.nii.gz,215.36741638183594,333.7720947265625
images/ISPY2_727255/ISPY2_727255_0002.nii.gz,194.642578125,309.29290771484375
images/ISPY2_727255/ISPY2_727255_0005.nii.gz,221.58648681640625,342.06646728515625
images/ISPY2_727804/ISPY2_727804_0005.nii.gz,517.8812866210938,538.2586669921875
images/ISPY2_727804/ISPY2_727804_0004.nii.gz,522.2313842773438,553.9237670898438
images/ISPY2_727804/ISPY2_727804_0002.nii.gz,494.95721435546875,542.7202758789062
images/ISPY2_727804/ISPY2_727804_0003.nii.gz,510.02899169921875,548.9624633789062
images/ISPY2_727804/ISPY2_727804_0001.nii.gz,455.2533874511719,517.5432739257812
images/ISPY2_728149/ISPY2_728149_0005.nii.gz,351.0306091308594,542.4586791992188
images/ISPY2_728149/ISPY2_728149_0002.nii.gz,337.4444885253906,530.563232421875
images/ISPY2_728149/ISPY2_728149_0001.nii.gz,306.980712890625,501.91943359375
images/ISPY2_728149/ISPY2_728149_0004.nii.gz,351.2141418457031,556.8602905273438
images/ISPY2_728149/ISPY2_728149_0003.nii.gz,343.76995849609375,545.1237182617188
images/ISPY2_728182/ISPY2_728182_0005.nii.gz,351.6156921386719,330.3795166015625
images/ISPY2_728182/ISPY2_728182_0002.nii.gz,343.5673522949219,308.0404357910156
images/ISPY2_728182/ISPY2_728182_0003.nii.gz,348.0500183105469,317.4621276855469
images/ISPY2_728182/ISPY2_728182_0004.nii.gz,357.3847351074219,329.4838562011719
images/ISPY2_728182/ISPY2_728182_0001.nii.gz,274.531494140625,229.9998779296875
images/ISPY2_728287/ISPY2_728287_0004.nii.gz,327.21759033203125,452.8813171386719
images/ISPY2_728287/ISPY2_728287_0005.nii.gz,309.70758056640625,421.0655212402344
images/ISPY2_728287/ISPY2_728287_0003.nii.gz,318.7922668457031,441.120849609375
images/ISPY2_728287/ISPY2_728287_0001.nii.gz,311.4284362792969,452.90826416015625
images/ISPY2_728287/ISPY2_728287_0002.nii.gz,320.7246398925781,446.4458923339844
images/ISPY2_728714/ISPY2_728714_0004.nii.gz,301.63775634765625,394.59661865234375
images/ISPY2_728714/ISPY2_728714_0001.nii.gz,285.15625,363.8539123535156
images/ISPY2_728714/ISPY2_728714_0005.nii.gz,301.078125,396.3957824707031
images/ISPY2_728714/ISPY2_728714_0003.nii.gz,301.59320068359375,391.22967529296875
images/ISPY2_728714/ISPY2_728714_0002.nii.gz,291.0787353515625,372.7957763671875
images/ISPY2_729270/ISPY2_729270_0002.nii.gz,54.19872283935547,76.75566864013672
images/ISPY2_729270/ISPY2_729270_0001.nii.gz,54.931846618652344,78.48106384277344
images/ISPY2_729270/ISPY2_729270_0005.nii.gz,53.1566162109375,74.37394714355469
images/ISPY2_729270/ISPY2_729270_0003.nii.gz,53.45875930786133,75.21122741699219
images/ISPY2_729270/ISPY2_729270_0004.nii.gz,53.174930572509766,74.47811126708984
images/ISPY2_729732/ISPY2_729732_0004.nii.gz,78.56889343261719,119.21803283691406
images/ISPY2_729732/ISPY2_729732_0003.nii.gz,78.61576843261719,116.3258285522461
images/ISPY2_729732/ISPY2_729732_0005.nii.gz,79.75215148925781,122.19924926757812
images/ISPY2_729732/ISPY2_729732_0002.nii.gz,77.24176025390625,113.18246459960938
images/ISPY2_729732/ISPY2_729732_0001.nii.gz,71.12674713134766,102.51770782470703
images/ISPY2_732137/ISPY2_732137_0003.nii.gz,532.004638671875,468.8202819824219
images/ISPY2_732137/ISPY2_732137_0005.nii.gz,516.5364990234375,435.46014404296875
images/ISPY2_732137/ISPY2_732137_0002.nii.gz,540.228515625,494.6394958496094
images/ISPY2_732137/ISPY2_732137_0001.nii.gz,471.72119140625,444.565673828125
images/ISPY2_732137/ISPY2_732137_0004.nii.gz,516.16064453125,442.2867736816406
images/ISPY2_733276/ISPY2_733276_0004.nii.gz,241.4024658203125,186.0269012451172
images/ISPY2_733276/ISPY2_733276_0002.nii.gz,228.1373748779297,179.8621063232422
images/ISPY2_733276/ISPY2_733276_0001.nii.gz,220.32154846191406,177.8155059814453
images/ISPY2_733276/ISPY2_733276_0003.nii.gz,230.8653106689453,180.47811889648438
images/ISPY2_733276/ISPY2_733276_0005.nii.gz,240.41238403320312,186.25929260253906
images/ISPY2_734997/ISPY2_734997_0002.nii.gz,450.57647705078125,579.0388793945312
images/ISPY2_734997/ISPY2_734997_0003.nii.gz,461.5241394042969,597.0405883789062
images/ISPY2_734997/ISPY2_734997_0005.nii.gz,456.7945861816406,589.09375
images/ISPY2_734997/ISPY2_734997_0001.nii.gz,447.55615234375,604.0218505859375
images/ISPY2_734997/ISPY2_734997_0004.nii.gz,451.1832580566406,581.2647705078125
images/ISPY2_735673/ISPY2_735673_0005.nii.gz,300.2379455566406,304.8962097167969
images/ISPY2_735673/ISPY2_735673_0003.nii.gz,282.2498474121094,291.22894287109375
images/ISPY2_735673/ISPY2_735673_0002.nii.gz,265.5404357910156,275.4193115234375
images/ISPY2_735673/ISPY2_735673_0001.nii.gz,239.41506958007812,245.9220428466797
images/ISPY2_735673/ISPY2_735673_0004.nii.gz,286.2974853515625,295.0813903808594
images/ISPY2_736721/ISPY2_736721_0003.nii.gz,85.55934143066406,114.25037384033203
images/ISPY2_736721/ISPY2_736721_0002.nii.gz,83.40985107421875,111.11954498291016
images/ISPY2_736721/ISPY2_736721_0004.nii.gz,87.61894226074219,116.06103515625
images/ISPY2_736721/ISPY2_736721_0005.nii.gz,88.5254898071289,117.55110168457031
images/ISPY2_736721/ISPY2_736721_0001.nii.gz,73.70854949951172,99.32742309570312
images/ISPY2_738041/ISPY2_738041_0003.nii.gz,182.13916015625,216.8983154296875
images/ISPY2_738041/ISPY2_738041_0002.nii.gz,180.02024841308594,218.78656005859375
images/ISPY2_738041/ISPY2_738041_0004.nii.gz,181.37664794921875,213.8316192626953
images/ISPY2_738041/ISPY2_738041_0005.nii.gz,183.9281463623047,215.23297119140625
images/ISPY2_738041/ISPY2_738041_0001.nii.gz,175.0339813232422,222.52542114257812
images/ISPY2_741535/ISPY2_741535_0002.nii.gz,287.3180236816406,293.8852844238281
images/ISPY2_741535/ISPY2_741535_0001.nii.gz,271.0927734375,293.9736328125
images/ISPY2_741535/ISPY2_741535_0005.nii.gz,279.5238037109375,280.946533203125
images/ISPY2_741535/ISPY2_741535_0003.nii.gz,289.3131103515625,296.2346496582031
images/ISPY2_741535/ISPY2_741535_0004.nii.gz,296.7599182128906,300.4793395996094
images/ISPY2_742477/ISPY2_742477_0003.nii.gz,122.35516357421875,151.5670623779297
images/ISPY2_742477/ISPY2_742477_0004.nii.gz,121.25430297851562,145.91355895996094
images/ISPY2_742477/ISPY2_742477_0001.nii.gz,112.33769226074219,148.0530548095703
images/ISPY2_742477/ISPY2_742477_0002.nii.gz,121.49348449707031,155.04913330078125
images/ISPY2_742477/ISPY2_742477_0005.nii.gz,122.27555084228516,147.55484008789062
images/ISPY2_745633/ISPY2_745633_0002.nii.gz,408.5809631347656,421.6215515136719
images/ISPY2_745633/ISPY2_745633_0003.nii.gz,421.77734375,428.86572265625
images/ISPY2_745633/ISPY2_745633_0004.nii.gz,425.2460632324219,425.9908447265625
images/ISPY2_745633/ISPY2_745633_0005.nii.gz,430.6297912597656,433.0534362792969
images/ISPY2_745633/ISPY2_745633_0001.nii.gz,395.153564453125,428.31024169921875
images/ISPY2_746265/ISPY2_746265_0002.nii.gz,264.3443908691406,311.3238525390625
images/ISPY2_746265/ISPY2_746265_0001.nii.gz,257.1004333496094,309.2783203125
images/ISPY2_746265/ISPY2_746265_0003.nii.gz,264.69195556640625,310.37255859375
images/ISPY2_746265/ISPY2_746265_0005.nii.gz,253.787841796875,296.07598876953125
images/ISPY2_746265/ISPY2_746265_0004.nii.gz,258.7276306152344,298.4629821777344
images/ISPY2_746731/ISPY2_746731_0003.nii.gz,66.82868957519531,84.85608673095703
images/ISPY2_746731/ISPY2_746731_0004.nii.gz,66.6715316772461,84.62581634521484
images/ISPY2_746731/ISPY2_746731_0005.nii.gz,66.70162963867188,83.81017303466797
images/ISPY2_746731/ISPY2_746731_0001.nii.gz,66.12662506103516,85.47736358642578
images/ISPY2_746731/ISPY2_746731_0002.nii.gz,67.38284301757812,86.85487365722656
images/ISPY2_748583/ISPY2_748583_0002.nii.gz,220.35594177246094,269.0367431640625
images/ISPY2_748583/ISPY2_748583_0005.nii.gz,229.56231689453125,274.5936584472656
images/ISPY2_748583/ISPY2_748583_0004.nii.gz,218.72581481933594,255.7960968017578
images/ISPY2_748583/ISPY2_748583_0001.nii.gz,221.94973754882812,285.0801086425781
images/ISPY2_748583/ISPY2_748583_0003.nii.gz,219.16879272460938,260.7679138183594
images/ISPY2_748611/ISPY2_748611_0001.nii.gz,43.12668991088867,70.56178283691406
images/ISPY2_748611/ISPY2_748611_0003.nii.gz,53.907100677490234,88.48883056640625
images/ISPY2_748611/ISPY2_748611_0004.nii.gz,56.62491226196289,87.692626953125
images/ISPY2_748611/ISPY2_748611_0005.nii.gz,58.35381317138672,91.70283508300781
images/ISPY2_748611/ISPY2_748611_0002.nii.gz,52.21882629394531,81.88056182861328
images/ISPY2_749097/ISPY2_749097_0005.nii.gz,297.6333923339844,418.99761962890625
images/ISPY2_749097/ISPY2_749097_0004.nii.gz,293.9666442871094,416.5023498535156
images/ISPY2_749097/ISPY2_749097_0002.nii.gz,281.0114440917969,398.61981201171875
images/ISPY2_749097/ISPY2_749097_0003.nii.gz,297.3124084472656,414.54132080078125
images/ISPY2_749097/ISPY2_749097_0001.nii.gz,245.78573608398438,363.14703369140625
images/ISPY2_752372/ISPY2_752372_0001.nii.gz,39.12934494018555,41.78571319580078
images/ISPY2_752372/ISPY2_752372_0002.nii.gz,42.2921142578125,45.721527099609375
images/ISPY2_752372/ISPY2_752372_0004.nii.gz,41.96149444580078,46.27241516113281
images/ISPY2_752372/ISPY2_752372_0003.nii.gz,42.78060531616211,46.60615539550781
images/ISPY2_752372/ISPY2_752372_0005.nii.gz,42.21162033081055,46.60384750366211
images/ISPY2_752469/ISPY2_752469_0005.nii.gz,202.3737335205078,254.058837890625
images/ISPY2_752469/ISPY2_752469_0002.nii.gz,205.32553100585938,260.4711608886719
images/ISPY2_752469/ISPY2_752469_0003.nii.gz,203.9008026123047,264.1426086425781
images/ISPY2_752469/ISPY2_752469_0004.nii.gz,207.04771423339844,258.15374755859375
images/ISPY2_752469/ISPY2_752469_0001.nii.gz,198.26063537597656,259.6700744628906
images/ISPY2_753109/ISPY2_753109_0004.nii.gz,80.3111572265625,107.90036010742188
images/ISPY2_753109/ISPY2_753109_0002.nii.gz,73.17720031738281,101.30828857421875
images/ISPY2_753109/ISPY2_753109_0001.nii.gz,64.32628631591797,92.75315856933594
images/ISPY2_753109/ISPY2_753109_0003.nii.gz,76.2591552734375,104.1922836303711
images/ISPY2_753109/ISPY2_753109_0005.nii.gz,79.16399383544922,106.48352813720703
images/ISPY2_755914/ISPY2_755914_0003.nii.gz,481.442626953125,364.11981201171875
images/ISPY2_755914/ISPY2_755914_0002.nii.gz,479.8066101074219,374.39385986328125
images/ISPY2_755914/ISPY2_755914_0001.nii.gz,498.69683837890625,419.0856018066406
images/ISPY2_755914/ISPY2_755914_0004.nii.gz,452.44573974609375,334.84161376953125
images/ISPY2_755914/ISPY2_755914_0005.nii.gz,457.68927001953125,339.8641662597656
images/ISPY2_756412/ISPY2_756412_0005.nii.gz,268.0487976074219,299.0060729980469
images/ISPY2_756412/ISPY2_756412_0004.nii.gz,256.6050109863281,284.6001281738281
images/ISPY2_756412/ISPY2_756412_0001.nii.gz,216.81854248046875,225.5355224609375
images/ISPY2_756412/ISPY2_756412_0003.nii.gz,254.276611328125,277.8102722167969
images/ISPY2_756412/ISPY2_756412_0002.nii.gz,239.42706298828125,260.08404541015625
images/ISPY2_759015/ISPY2_759015_0004.nii.gz,124.26787567138672,130.04617309570312
images/ISPY2_759015/ISPY2_759015_0002.nii.gz,128.4674072265625,140.91806030273438
images/ISPY2_759015/ISPY2_759015_0001.nii.gz,132.7239227294922,162.09317016601562
images/ISPY2_759015/ISPY2_759015_0003.nii.gz,128.6139678955078,136.3175811767578
images/ISPY2_759015/ISPY2_759015_0005.nii.gz,132.51353454589844,138.16943359375
images/ISPY2_759418/ISPY2_759418_0001.nii.gz,70.19278717041016,123.20060729980469
images/ISPY2_759418/ISPY2_759418_0004.nii.gz,84.72242736816406,127.04734802246094
images/ISPY2_759418/ISPY2_759418_0003.nii.gz,84.67459106445312,130.64938354492188
images/ISPY2_759418/ISPY2_759418_0002.nii.gz,86.2942123413086,143.7683868408203
images/ISPY2_759418/ISPY2_759418_0005.nii.gz,81.39765167236328,118.87294006347656
images/ISPY2_760011/ISPY2_760011_0004.nii.gz,54.639522552490234,66.1859359741211
images/ISPY2_760011/ISPY2_760011_0003.nii.gz,55.51983642578125,67.23448944091797
images/ISPY2_760011/ISPY2_760011_0005.nii.gz,53.38055419921875,65.34877014160156
images/ISPY2_760011/ISPY2_760011_0001.nii.gz,54.29426956176758,62.45233154296875
images/ISPY2_760011/ISPY2_760011_0002.nii.gz,58.089942932128906,70.51329040527344
images/ISPY2_760901/ISPY2_760901_0001.nii.gz,466.0379333496094,659.739013671875
images/ISPY2_760901/ISPY2_760901_0002.nii.gz,486.2235107421875,646.5242309570312
images/ISPY2_760901/ISPY2_760901_0005.nii.gz,512.7252807617188,643.5078735351562
images/ISPY2_760901/ISPY2_760901_0004.nii.gz,506.92669677734375,641.018310546875
images/ISPY2_760901/ISPY2_760901_0003.nii.gz,501.1865539550781,644.9807739257812
images/ISPY2_765671/ISPY2_765671_0001.nii.gz,72.37071990966797,93.83399200439453
images/ISPY2_765671/ISPY2_765671_0002.nii.gz,79.16199493408203,102.43647766113281
images/ISPY2_765671/ISPY2_765671_0005.nii.gz,81.79352569580078,104.12776947021484
images/ISPY2_765671/ISPY2_765671_0003.nii.gz,81.7540054321289,102.9489517211914
images/ISPY2_765671/ISPY2_765671_0004.nii.gz,81.50334930419922,104.15665435791016
images/ISPY2_765773/ISPY2_765773_0005.nii.gz,215.471923828125,266.2286071777344
images/ISPY2_765773/ISPY2_765773_0004.nii.gz,203.2266082763672,256.4472961425781
images/ISPY2_765773/ISPY2_765773_0001.nii.gz,149.06312561035156,210.3148651123047
images/ISPY2_765773/ISPY2_765773_0002.nii.gz,185.71852111816406,247.52175903320312
images/ISPY2_765773/ISPY2_765773_0003.nii.gz,194.60321044921875,253.90733337402344
images/ISPY2_766301/ISPY2_766301_0002.nii.gz,132.7825469970703,166.0008087158203
images/ISPY2_766301/ISPY2_766301_0003.nii.gz,136.1671600341797,166.66738891601562
images/ISPY2_766301/ISPY2_766301_0001.nii.gz,126.12339782714844,168.5479278564453
images/ISPY2_766301/ISPY2_766301_0004.nii.gz,137.02195739746094,166.44590759277344
images/ISPY2_766301/ISPY2_766301_0005.nii.gz,135.57212829589844,160.97914123535156
images/ISPY2_766967/ISPY2_766967_0003.nii.gz,467.5699157714844,607.6508178710938
images/ISPY2_766967/ISPY2_766967_0005.nii.gz,468.2677307128906,600.8170166015625
images/ISPY2_766967/ISPY2_766967_0001.nii.gz,451.624267578125,634.08349609375
images/ISPY2_766967/ISPY2_766967_0004.nii.gz,466.2837829589844,600.3771362304688
images/ISPY2_766967/ISPY2_766967_0002.nii.gz,475.9967956542969,637.7852783203125
images/ISPY2_767081/ISPY2_767081_0001.nii.gz,62.596134185791016,69.63658142089844
images/ISPY2_767081/ISPY2_767081_0005.nii.gz,63.884918212890625,69.42201232910156
images/ISPY2_767081/ISPY2_767081_0002.nii.gz,64.80093383789062,71.42577362060547
images/ISPY2_767081/ISPY2_767081_0004.nii.gz,64.5965805053711,70.01544952392578
images/ISPY2_767081/ISPY2_767081_0003.nii.gz,64.63810729980469,70.45467376708984
images/ISPY2_767934/ISPY2_767934_0002.nii.gz,463.1118469238281,530.5233764648438
images/ISPY2_767934/ISPY2_767934_0005.nii.gz,492.3667907714844,554.0474243164062
images/ISPY2_767934/ISPY2_767934_0003.nii.gz,481.12957763671875,541.5706176757812
images/ISPY2_767934/ISPY2_767934_0001.nii.gz,417.21527099609375,494.5989685058594
images/ISPY2_767934/ISPY2_767934_0004.nii.gz,486.53521728515625,548.945068359375
images/ISPY2_768214/ISPY2_768214_0002.nii.gz,45.63663101196289,53.388423919677734
images/ISPY2_768214/ISPY2_768214_0001.nii.gz,43.889591217041016,50.63827896118164
images/ISPY2_768214/ISPY2_768214_0004.nii.gz,45.39446258544922,52.743377685546875
images/ISPY2_768214/ISPY2_768214_0005.nii.gz,45.12136459350586,52.57894515991211
images/ISPY2_768214/ISPY2_768214_0003.nii.gz,45.15995788574219,52.5645637512207
images/ISPY2_769972/ISPY2_769972_0003.nii.gz,229.68844604492188,255.65269470214844
images/ISPY2_769972/ISPY2_769972_0005.nii.gz,242.80519104003906,260.2820739746094
images/ISPY2_769972/ISPY2_769972_0004.nii.gz,237.57225036621094,256.0248718261719
images/ISPY2_769972/ISPY2_769972_0002.nii.gz,244.58177185058594,265.680908203125
images/ISPY2_769972/ISPY2_769972_0001.nii.gz,239.05615234375,269.944091796875
images/ISPY2_771151/ISPY2_771151_0005.nii.gz,72.59689331054688,92.69937896728516
images/ISPY2_771151/ISPY2_771151_0003.nii.gz,70.3060302734375,90.1357650756836
images/ISPY2_771151/ISPY2_771151_0004.nii.gz,70.27826690673828,90.61357879638672
images/ISPY2_771151/ISPY2_771151_0001.nii.gz,64.50559997558594,84.43388366699219
images/ISPY2_771151/ISPY2_771151_0002.nii.gz,69.2118911743164,89.78346252441406
images/ISPY2_771443/ISPY2_771443_0001.nii.gz,125.5803451538086,165.10549926757812
images/ISPY2_771443/ISPY2_771443_0003.nii.gz,125.6307373046875,160.99148559570312
images/ISPY2_771443/ISPY2_771443_0005.nii.gz,123.4207534790039,157.26063537597656
images/ISPY2_771443/ISPY2_771443_0004.nii.gz,124.14808654785156,158.1887969970703
images/ISPY2_771443/ISPY2_771443_0002.nii.gz,126.16527557373047,161.63784790039062
images/ISPY2_771813/ISPY2_771813_0002.nii.gz,519.3289794921875,609.6781616210938
images/ISPY2_771813/ISPY2_771813_0004.nii.gz,539.4901733398438,597.3990478515625
images/ISPY2_771813/ISPY2_771813_0003.nii.gz,534.6931762695312,604.7615966796875
images/ISPY2_771813/ISPY2_771813_0005.nii.gz,526.6176147460938,580.0195922851562
images/ISPY2_771813/ISPY2_771813_0001.nii.gz,528.4401245117188,633.2467651367188
images/ISPY2_774840/ISPY2_774840_0003.nii.gz,332.53466796875,340.3240661621094
images/ISPY2_774840/ISPY2_774840_0002.nii.gz,324.4960021972656,328.08978271484375
images/ISPY2_774840/ISPY2_774840_0001.nii.gz,324.5121154785156,341.723388671875
images/ISPY2_774840/ISPY2_774840_0004.nii.gz,325.3972473144531,323.0864562988281
images/ISPY2_774840/ISPY2_774840_0005.nii.gz,335.8011169433594,337.8135070800781
images/ISPY2_775346/ISPY2_775346_0003.nii.gz,184.7840576171875,224.87307739257812
images/ISPY2_775346/ISPY2_775346_0002.nii.gz,184.75067138671875,232.13365173339844
images/ISPY2_775346/ISPY2_775346_0004.nii.gz,181.80076599121094,220.7709197998047
images/ISPY2_775346/ISPY2_775346_0001.nii.gz,170.3535614013672,218.5745849609375
images/ISPY2_775346/ISPY2_775346_0005.nii.gz,183.43341064453125,222.0220184326172
images/ISPY2_778020/ISPY2_778020_0002.nii.gz,81.33991241455078,67.5513916015625
images/ISPY2_778020/ISPY2_778020_0005.nii.gz,87.49585723876953,69.4898452758789
images/ISPY2_778020/ISPY2_778020_0003.nii.gz,84.8373794555664,68.32978057861328
images/ISPY2_778020/ISPY2_778020_0001.nii.gz,74.90364837646484,66.40808868408203
images/ISPY2_778020/ISPY2_778020_0004.nii.gz,86.0227279663086,69.49421691894531
images/ISPY2_778527/ISPY2_778527_0003.nii.gz,96.98194885253906,139.12948608398438
images/ISPY2_778527/ISPY2_778527_0002.nii.gz,92.67781829833984,125.22466278076172
images/ISPY2_778527/ISPY2_778527_0004.nii.gz,100.23077392578125,147.13755798339844
images/ISPY2_778527/ISPY2_778527_0001.nii.gz,81.09040832519531,102.96086883544922
images/ISPY2_778527/ISPY2_778527_0005.nii.gz,100.8932113647461,151.939697265625
images/ISPY2_779739/ISPY2_779739_0003.nii.gz,124.26873779296875,179.49151611328125
images/ISPY2_779739/ISPY2_779739_0001.nii.gz,122.83875274658203,207.6311492919922
images/ISPY2_779739/ISPY2_779739_0005.nii.gz,116.36540985107422,158.90780639648438
images/ISPY2_779739/ISPY2_779739_0004.nii.gz,122.90486145019531,172.87847900390625
images/ISPY2_779739/ISPY2_779739_0002.nii.gz,119.27802276611328,177.1361083984375
images/ISPY2_780272/ISPY2_780272_0003.nii.gz,487.0588073730469,476.41021728515625
images/ISPY2_780272/ISPY2_780272_0005.nii.gz,484.61541748046875,442.89947509765625
images/ISPY2_780272/ISPY2_780272_0002.nii.gz,478.96673583984375,490.0348815917969
images/ISPY2_780272/ISPY2_780272_0001.nii.gz,395.6083068847656,419.747314453125
images/ISPY2_780272/ISPY2_780272_0004.nii.gz,496.3885803222656,472.6556701660156
images/ISPY2_781335/ISPY2_781335_0003.nii.gz,105.16510772705078,109.69296264648438
images/ISPY2_781335/ISPY2_781335_0001.nii.gz,98.63079071044922,97.13636779785156
images/ISPY2_781335/ISPY2_781335_0005.nii.gz,105.512451171875,112.63513946533203
images/ISPY2_781335/ISPY2_781335_0002.nii.gz,103.96928405761719,106.82648468017578
images/ISPY2_781335/ISPY2_781335_0004.nii.gz,105.4677734375,111.74138641357422
images/ISPY2_781642/ISPY2_781642_0003.nii.gz,482.9701843261719,470.34124755859375
images/ISPY2_781642/ISPY2_781642_0005.nii.gz,481.49603271484375,473.35516357421875
images/ISPY2_781642/ISPY2_781642_0001.nii.gz,386.9313659667969,382.6793212890625
images/ISPY2_781642/ISPY2_781642_0002.nii.gz,474.55841064453125,468.81842041015625
images/ISPY2_781642/ISPY2_781642_0004.nii.gz,481.5095520019531,471.67877197265625
images/ISPY2_782334/ISPY2_782334_0005.nii.gz,84.63626861572266,131.22027587890625
images/ISPY2_782334/ISPY2_782334_0002.nii.gz,82.79063415527344,124.95348358154297
images/ISPY2_782334/ISPY2_782334_0004.nii.gz,84.14173126220703,129.61053466796875
images/ISPY2_782334/ISPY2_782334_0001.nii.gz,71.9662857055664,111.57992553710938
images/ISPY2_782334/ISPY2_782334_0003.nii.gz,82.87873077392578,127.65025329589844
images/ISPY2_783427/ISPY2_783427_0001.nii.gz,563.9622802734375,605.3782348632812
images/ISPY2_783427/ISPY2_783427_0002.nii.gz,558.4046630859375,586.7506713867188
images/ISPY2_783427/ISPY2_783427_0004.nii.gz,548.1886596679688,571.4244384765625
images/ISPY2_783427/ISPY2_783427_0003.nii.gz,546.365234375,572.57763671875
images/ISPY2_783427/ISPY2_783427_0005.nii.gz,548.8250732421875,568.0953979492188
images/ISPY2_783578/ISPY2_783578_0005.nii.gz,120.899658203125,142.9989776611328
images/ISPY2_783578/ISPY2_783578_0003.nii.gz,118.4301986694336,137.97564697265625
images/ISPY2_783578/ISPY2_783578_0001.nii.gz,92.14744567871094,108.91766357421875
images/ISPY2_783578/ISPY2_783578_0002.nii.gz,112.75242614746094,131.7899169921875
images/ISPY2_783578/ISPY2_783578_0004.nii.gz,118.70703887939453,139.86439514160156
images/ISPY2_783764/ISPY2_783764_0003.nii.gz,253.0143280029297,277.78692626953125
images/ISPY2_783764/ISPY2_783764_0004.nii.gz,247.90145874023438,268.825927734375
images/ISPY2_783764/ISPY2_783764_0001.nii.gz,228.73291015625,256.8446044921875
images/ISPY2_783764/ISPY2_783764_0005.nii.gz,243.26358032226562,260.43597412109375
images/ISPY2_783764/ISPY2_783764_0002.nii.gz,249.86558532714844,280.5089111328125
images/ISPY2_783771/ISPY2_783771_0005.nii.gz,423.4039001464844,440.6570739746094
images/ISPY2_783771/ISPY2_783771_0001.nii.gz,327.75,364.7720642089844
images/ISPY2_783771/ISPY2_783771_0003.nii.gz,397.2237854003906,427.25140380859375
images/ISPY2_783771/ISPY2_783771_0002.nii.gz,379.40545654296875,414.62054443359375
images/ISPY2_783771/ISPY2_783771_0004.nii.gz,406.99102783203125,430.7171936035156
images/ISPY2_786003/ISPY2_786003_0005.nii.gz,170.89678955078125,233.00534057617188
images/ISPY2_786003/ISPY2_786003_0001.nii.gz,150.19931030273438,205.1739501953125
images/ISPY2_786003/ISPY2_786003_0004.nii.gz,169.80508422851562,230.3173828125
images/ISPY2_786003/ISPY2_786003_0003.nii.gz,168.97190856933594,228.9051971435547
images/ISPY2_786003/ISPY2_786003_0002.nii.gz,163.1136932373047,222.01318359375
images/ISPY2_786480/ISPY2_786480_0002.nii.gz,847.7214965820312,1125.382568359375
images/ISPY2_786480/ISPY2_786480_0001.nii.gz,792.8085327148438,1054.5228271484375
images/ISPY2_786480/ISPY2_786480_0004.nii.gz,902.3021240234375,1152.2235107421875
images/ISPY2_786480/ISPY2_786480_0003.nii.gz,883.4828491210938,1143.475341796875
images/ISPY2_786480/ISPY2_786480_0005.nii.gz,901.3899536132812,1163.7198486328125
images/ISPY2_786753/ISPY2_786753_0005.nii.gz,231.89752197265625,275.3773193359375
images/ISPY2_786753/ISPY2_786753_0004.nii.gz,230.30799865722656,272.0012512207031
images/ISPY2_786753/ISPY2_786753_0001.nii.gz,178.8251190185547,199.51007080078125
images/ISPY2_786753/ISPY2_786753_0003.nii.gz,231.04177856445312,271.7201843261719
images/ISPY2_786753/ISPY2_786753_0002.nii.gz,218.1661376953125,260.6940002441406
images/ISPY2_787415/ISPY2_787415_0001.nii.gz,58.240840911865234,87.08135986328125
images/ISPY2_787415/ISPY2_787415_0004.nii.gz,60.48968505859375,91.46809387207031
images/ISPY2_787415/ISPY2_787415_0005.nii.gz,60.07996368408203,89.99247741699219
images/ISPY2_787415/ISPY2_787415_0003.nii.gz,60.628482818603516,90.6606216430664
images/ISPY2_787415/ISPY2_787415_0002.nii.gz,60.95926284790039,90.8576431274414
images/ISPY2_788149/ISPY2_788149_0002.nii.gz,313.13177490234375,238.65402221679688
images/ISPY2_788149/ISPY2_788149_0004.nii.gz,336.0456848144531,248.02587890625
images/ISPY2_788149/ISPY2_788149_0001.nii.gz,266.44256591796875,192.8983917236328
images/ISPY2_788149/ISPY2_788149_0003.nii.gz,326.19073486328125,244.33999633789062
images/ISPY2_788149/ISPY2_788149_0005.nii.gz,345.31866455078125,251.78074645996094
images/ISPY2_789497/ISPY2_789497_0002.nii.gz,75.30783081054688,119.76883697509766
images/ISPY2_789497/ISPY2_789497_0004.nii.gz,75.45291137695312,124.04825592041016
images/ISPY2_789497/ISPY2_789497_0001.nii.gz,71.28583526611328,110.80390167236328
images/ISPY2_789497/ISPY2_789497_0005.nii.gz,76.62789154052734,126.40526580810547
images/ISPY2_789497/ISPY2_789497_0003.nii.gz,74.96475982666016,122.34832000732422
images/ISPY2_790070/ISPY2_790070_0005.nii.gz,98.39459228515625,113.97056579589844
images/ISPY2_790070/ISPY2_790070_0001.nii.gz,92.03231811523438,122.03497314453125
images/ISPY2_790070/ISPY2_790070_0002.nii.gz,99.85386657714844,124.8475341796875
images/ISPY2_790070/ISPY2_790070_0003.nii.gz,97.51651763916016,116.58004760742188
images/ISPY2_790070/ISPY2_790070_0004.nii.gz,98.27156829833984,115.28591918945312
images/ISPY2_790397/ISPY2_790397_0001.nii.gz,355.0584411621094,317.0169982910156
images/ISPY2_790397/ISPY2_790397_0002.nii.gz,406.8677673339844,369.7511901855469
images/ISPY2_790397/ISPY2_790397_0005.nii.gz,413.4815979003906,346.1407165527344
images/ISPY2_790397/ISPY2_790397_0004.nii.gz,406.1864013671875,347.90948486328125
images/ISPY2_790397/ISPY2_790397_0003.nii.gz,408.8936462402344,362.6125793457031
images/ISPY2_790722/ISPY2_790722_0001.nii.gz,101.5898666381836,112.50949096679688
images/ISPY2_790722/ISPY2_790722_0002.nii.gz,112.1146011352539,122.59028625488281
images/ISPY2_790722/ISPY2_790722_0005.nii.gz,109.17733001708984,111.26769256591797
images/ISPY2_790722/ISPY2_790722_0003.nii.gz,106.97559356689453,110.9446792602539
images/ISPY2_790722/ISPY2_790722_0004.nii.gz,108.09623718261719,110.96419525146484
images/ISPY2_791321/ISPY2_791321_0003.nii.gz,33.206939697265625,61.100669860839844
images/ISPY2_791321/ISPY2_791321_0004.nii.gz,33.317771911621094,62.112876892089844
images/ISPY2_791321/ISPY2_791321_0001.nii.gz,30.66935157775879,53.82971954345703
images/ISPY2_791321/ISPY2_791321_0005.nii.gz,33.40471267700195,63.034114837646484
images/ISPY2_791321/ISPY2_791321_0002.nii.gz,32.169612884521484,58.58233642578125
images/ISPY2_791944/ISPY2_791944_0005.nii.gz,64.53177642822266,84.45564270019531
images/ISPY2_791944/ISPY2_791944_0003.nii.gz,65.10787963867188,85.10456848144531
images/ISPY2_791944/ISPY2_791944_0002.nii.gz,65.45535278320312,85.89379119873047
images/ISPY2_791944/ISPY2_791944_0001.nii.gz,64.0610580444336,83.82433319091797
images/ISPY2_791944/ISPY2_791944_0004.nii.gz,64.59532165527344,84.51082611083984
images/ISPY2_792181/ISPY2_792181_0002.nii.gz,40.10993194580078,46.87678909301758
images/ISPY2_792181/ISPY2_792181_0003.nii.gz,41.79622268676758,48.22332000732422
images/ISPY2_792181/ISPY2_792181_0005.nii.gz,43.78127670288086,50.4376220703125
images/ISPY2_792181/ISPY2_792181_0001.nii.gz,35.430240631103516,42.21326446533203
images/ISPY2_792181/ISPY2_792181_0004.nii.gz,43.12137985229492,49.80081558227539
images/ISPY2_792412/ISPY2_792412_0001.nii.gz,89.64815521240234,116.18550109863281
images/ISPY2_792412/ISPY2_792412_0003.nii.gz,101.27729797363281,124.90546417236328
images/ISPY2_792412/ISPY2_792412_0002.nii.gz,97.9404525756836,122.30690002441406
images/ISPY2_792412/ISPY2_792412_0004.nii.gz,100.909423828125,125.97883605957031
images/ISPY2_792412/ISPY2_792412_0005.nii.gz,103.83409881591797,128.97674560546875
images/ISPY2_793155/ISPY2_793155_0003.nii.gz,272.347900390625,307.721923828125
images/ISPY2_793155/ISPY2_793155_0001.nii.gz,234.2859649658203,271.1697998046875
images/ISPY2_793155/ISPY2_793155_0002.nii.gz,271.9565734863281,310.2740478515625
images/ISPY2_793155/ISPY2_793155_0004.nii.gz,282.9317321777344,316.4875183105469
images/ISPY2_793155/ISPY2_793155_0005.nii.gz,286.8520202636719,319.6532287597656
images/ISPY2_793684/ISPY2_793684_0004.nii.gz,52.433380126953125,62.77528381347656
images/ISPY2_793684/ISPY2_793684_0003.nii.gz,51.573551177978516,61.143672943115234
images/ISPY2_793684/ISPY2_793684_0001.nii.gz,43.30135726928711,49.42411804199219
images/ISPY2_793684/ISPY2_793684_0005.nii.gz,52.710845947265625,62.96849060058594
images/ISPY2_793684/ISPY2_793684_0002.nii.gz,48.5167236328125,58.00819396972656
images/ISPY2_794128/ISPY2_794128_0002.nii.gz,185.8551483154297,210.2754364013672
images/ISPY2_794128/ISPY2_794128_0003.nii.gz,184.02236938476562,203.17855834960938
images/ISPY2_794128/ISPY2_794128_0005.nii.gz,178.3014373779297,193.17568969726562
images/ISPY2_794128/ISPY2_794128_0004.nii.gz,184.95401000976562,200.13568115234375
images/ISPY2_794128/ISPY2_794128_0001.nii.gz,196.93417358398438,236.61199951171875
images/ISPY2_794428/ISPY2_794428_0005.nii.gz,279.12200927734375,318.08831787109375
images/ISPY2_794428/ISPY2_794428_0001.nii.gz,203.40802001953125,252.4054718017578
images/ISPY2_794428/ISPY2_794428_0002.nii.gz,249.56993103027344,291.111328125
images/ISPY2_794428/ISPY2_794428_0003.nii.gz,269.227294921875,301.60076904296875
images/ISPY2_794428/ISPY2_794428_0004.nii.gz,274.8436279296875,310.0141906738281
images/ISPY2_795996/ISPY2_795996_0005.nii.gz,563.7177734375,623.756591796875
images/ISPY2_795996/ISPY2_795996_0002.nii.gz,528.3235473632812,586.7373046875
images/ISPY2_795996/ISPY2_795996_0003.nii.gz,550.0044555664062,607.1915283203125
images/ISPY2_795996/ISPY2_795996_0001.nii.gz,465.0929260253906,531.740966796875
images/ISPY2_795996/ISPY2_795996_0004.nii.gz,574.8462524414062,625.0763549804688
images/ISPY2_796558/ISPY2_796558_0005.nii.gz,336.776123046875,321.8572692871094
images/ISPY2_796558/ISPY2_796558_0001.nii.gz,246.61758422851562,219.98236083984375
images/ISPY2_796558/ISPY2_796558_0003.nii.gz,302.7716979980469,299.3750915527344
images/ISPY2_796558/ISPY2_796558_0002.nii.gz,281.83074951171875,277.3271179199219
images/ISPY2_796558/ISPY2_796558_0004.nii.gz,321.0615539550781,313.5797424316406
images/ISPY2_797427/ISPY2_797427_0004.nii.gz,67.7441635131836,100.49400329589844
images/ISPY2_797427/ISPY2_797427_0001.nii.gz,57.41560745239258,89.2032241821289
images/ISPY2_797427/ISPY2_797427_0002.nii.gz,63.04804611206055,95.36661529541016
images/ISPY2_797427/ISPY2_797427_0003.nii.gz,65.62539672851562,97.87940979003906
images/ISPY2_797427/ISPY2_797427_0005.nii.gz,68.63690948486328,101.0931396484375
images/ISPY2_797499/ISPY2_797499_0005.nii.gz,336.13104248046875,378.44097900390625
images/ISPY2_797499/ISPY2_797499_0002.nii.gz,336.38568115234375,381.7228698730469
images/ISPY2_797499/ISPY2_797499_0004.nii.gz,331.6053161621094,374.8709716796875
images/ISPY2_797499/ISPY2_797499_0003.nii.gz,337.70361328125,380.96575927734375
images/ISPY2_797499/ISPY2_797499_0001.nii.gz,316.63262939453125,374.600341796875
images/ISPY2_797639/ISPY2_797639_0004.nii.gz,327.011474609375,384.713623046875
images/ISPY2_797639/ISPY2_797639_0003.nii.gz,322.44390869140625,383.07354736328125
images/ISPY2_797639/ISPY2_797639_0001.nii.gz,300.77935791015625,386.7339172363281
images/ISPY2_797639/ISPY2_797639_0002.nii.gz,337.568359375,416.408203125
images/ISPY2_797639/ISPY2_797639_0005.nii.gz,337.9417724609375,400.54571533203125
images/ISPY2_798604/ISPY2_798604_0004.nii.gz,63.303504943847656,73.05560302734375
images/ISPY2_798604/ISPY2_798604_0002.nii.gz,61.393043518066406,70.17162322998047
images/ISPY2_798604/ISPY2_798604_0003.nii.gz,63.013275146484375,72.1152572631836
images/ISPY2_798604/ISPY2_798604_0005.nii.gz,63.96147918701172,73.7437973022461
images/ISPY2_798604/ISPY2_798604_0001.nii.gz,58.120201110839844,65.6990966796875
images/ISPY2_799149/ISPY2_799149_0002.nii.gz,82.45687103271484,112.52265167236328
images/ISPY2_799149/ISPY2_799149_0001.nii.gz,71.55819702148438,98.20861053466797
images/ISPY2_799149/ISPY2_799149_0003.nii.gz,83.84420013427734,116.22461700439453
images/ISPY2_799149/ISPY2_799149_0005.nii.gz,87.92349243164062,121.14167785644531
images/ISPY2_799149/ISPY2_799149_0004.nii.gz,87.6731185913086,119.33151245117188
images/ISPY2_800447/ISPY2_800447_0001.nii.gz,368.0733642578125,536.1806030273438
images/ISPY2_800447/ISPY2_800447_0005.nii.gz,411.3682861328125,559.6632690429688
images/ISPY2_800447/ISPY2_800447_0004.nii.gz,391.9141845703125,532.9718627929688
images/ISPY2_800447/ISPY2_800447_0003.nii.gz,409.38909912109375,566.039794921875
images/ISPY2_800447/ISPY2_800447_0002.nii.gz,395.051025390625,551.0552978515625
images/ISPY2_800710/ISPY2_800710_0002.nii.gz,161.76904296875,174.00628662109375
images/ISPY2_800710/ISPY2_800710_0001.nii.gz,158.40672302246094,179.4911651611328
images/ISPY2_800710/ISPY2_800710_0004.nii.gz,163.16390991210938,170.42825317382812
images/ISPY2_800710/ISPY2_800710_0005.nii.gz,163.9332275390625,170.73519897460938
images/ISPY2_800710/ISPY2_800710_0003.nii.gz,162.07424926757812,170.26162719726562
images/ISPY2_801641/ISPY2_801641_0005.nii.gz,102.76874542236328,122.61178588867188
images/ISPY2_801641/ISPY2_801641_0001.nii.gz,86.3826904296875,101.46450805664062
images/ISPY2_801641/ISPY2_801641_0003.nii.gz,100.88888549804688,119.38992309570312
images/ISPY2_801641/ISPY2_801641_0002.nii.gz,97.6610336303711,115.9224624633789
images/ISPY2_801641/ISPY2_801641_0004.nii.gz,101.63506317138672,120.93350982666016
images/ISPY2_802105/ISPY2_802105_0003.nii.gz,47.132198333740234,55.249080657958984
images/ISPY2_802105/ISPY2_802105_0005.nii.gz,47.55113983154297,54.60821533203125
images/ISPY2_802105/ISPY2_802105_0004.nii.gz,47.851036071777344,54.882999420166016
images/ISPY2_802105/ISPY2_802105_0002.nii.gz,47.7310905456543,55.25862503051758
images/ISPY2_802105/ISPY2_802105_0001.nii.gz,44.712398529052734,52.56784439086914
images/ISPY2_802308/ISPY2_802308_0001.nii.gz,179.78082275390625,225.41387939453125
images/ISPY2_802308/ISPY2_802308_0002.nii.gz,185.67308044433594,222.05735778808594
images/ISPY2_802308/ISPY2_802308_0005.nii.gz,194.74000549316406,221.4110107421875
images/ISPY2_802308/ISPY2_802308_0004.nii.gz,194.87355041503906,224.24258422851562
images/ISPY2_802308/ISPY2_802308_0003.nii.gz,191.3592987060547,225.73013305664062
images/ISPY2_802778/ISPY2_802778_0004.nii.gz,277.82904052734375,350.3131103515625
images/ISPY2_802778/ISPY2_802778_0005.nii.gz,275.97186279296875,338.48162841796875
images/ISPY2_802778/ISPY2_802778_0003.nii.gz,262.6744079589844,332.4021911621094
images/ISPY2_802778/ISPY2_802778_0001.nii.gz,230.76193237304688,346.7826843261719
images/ISPY2_802778/ISPY2_802778_0002.nii.gz,273.2396240234375,369.65240478515625
images/ISPY2_803514/ISPY2_803514_0002.nii.gz,315.5400085449219,416.9903564453125
images/ISPY2_803514/ISPY2_803514_0001.nii.gz,253.8531951904297,341.8565368652344
images/ISPY2_803514/ISPY2_803514_0003.nii.gz,337.057373046875,442.74847412109375
images/ISPY2_803514/ISPY2_803514_0005.nii.gz,354.31744384765625,463.45367431640625
images/ISPY2_803514/ISPY2_803514_0004.nii.gz,344.026611328125,451.2477722167969
images/ISPY2_803677/ISPY2_803677_0005.nii.gz,429.23382568359375,460.6300964355469
images/ISPY2_803677/ISPY2_803677_0004.nii.gz,435.51043701171875,468.8553466796875
images/ISPY2_803677/ISPY2_803677_0001.nii.gz,456.0401916503906,548.2452392578125
images/ISPY2_803677/ISPY2_803677_0003.nii.gz,446.9519958496094,496.076416015625
images/ISPY2_803677/ISPY2_803677_0002.nii.gz,418.33355712890625,469.55596923828125
images/ISPY2_804233/ISPY2_804233_0004.nii.gz,178.86111450195312,173.9149169921875
images/ISPY2_804233/ISPY2_804233_0002.nii.gz,176.3960723876953,171.72210693359375
images/ISPY2_804233/ISPY2_804233_0001.nii.gz,163.59564208984375,159.90225219726562
images/ISPY2_804233/ISPY2_804233_0005.nii.gz,174.1560821533203,169.86318969726562
images/ISPY2_804233/ISPY2_804233_0003.nii.gz,179.86700439453125,176.70372009277344
images/ISPY2_804979/ISPY2_804979_0005.nii.gz,355.5621032714844,448.2027587890625
images/ISPY2_804979/ISPY2_804979_0003.nii.gz,345.3285217285156,438.737548828125
images/ISPY2_804979/ISPY2_804979_0002.nii.gz,346.6443176269531,450.3592529296875
images/ISPY2_804979/ISPY2_804979_0004.nii.gz,346.27001953125,438.2835693359375
images/ISPY2_804979/ISPY2_804979_0001.nii.gz,317.7639465332031,427.60797119140625
images/ISPY2_805136/ISPY2_805136_0002.nii.gz,573.6148681640625,530.8767700195312
images/ISPY2_805136/ISPY2_805136_0005.nii.gz,598.8240966796875,528.5902709960938
images/ISPY2_805136/ISPY2_805136_0004.nii.gz,586.1871337890625,526.2872314453125
images/ISPY2_805136/ISPY2_805136_0003.nii.gz,581.3283081054688,525.59423828125
images/ISPY2_805136/ISPY2_805136_0001.nii.gz,512.2747802734375,485.5126953125
images/ISPY2_808714/ISPY2_808714_0004.nii.gz,230.710693359375,251.4200897216797
images/ISPY2_808714/ISPY2_808714_0003.nii.gz,236.8848419189453,259.3841857910156
images/ISPY2_808714/ISPY2_808714_0002.nii.gz,237.57298278808594,263.45562744140625
images/ISPY2_808714/ISPY2_808714_0005.nii.gz,227.65460205078125,248.25489807128906
images/ISPY2_808714/ISPY2_808714_0001.nii.gz,237.19252014160156,270.4448547363281
images/ISPY2_809037/ISPY2_809037_0004.nii.gz,263.03375244140625,265.91448974609375
images/ISPY2_809037/ISPY2_809037_0003.nii.gz,253.31796264648438,256.2181701660156
images/ISPY2_809037/ISPY2_809037_0002.nii.gz,250.59994506835938,250.9684600830078
images/ISPY2_809037/ISPY2_809037_0005.nii.gz,256.69573974609375,264.872314453125
images/ISPY2_809037/ISPY2_809037_0001.nii.gz,222.3522491455078,220.39974975585938
images/ISPY2_809649/ISPY2_809649_0003.nii.gz,336.16168212890625,416.8880920410156
images/ISPY2_809649/ISPY2_809649_0001.nii.gz,290.2865905761719,354.8052062988281
images/ISPY2_809649/ISPY2_809649_0002.nii.gz,325.50921630859375,399.865966796875
images/ISPY2_809649/ISPY2_809649_0005.nii.gz,352.9406433105469,442.4090576171875
images/ISPY2_809649/ISPY2_809649_0004.nii.gz,346.5364685058594,432.1690673828125
images/ISPY2_810965/ISPY2_810965_0005.nii.gz,64.14295959472656,109.32686614990234
images/ISPY2_810965/ISPY2_810965_0004.nii.gz,63.12902069091797,109.2511215209961
images/ISPY2_810965/ISPY2_810965_0002.nii.gz,59.89876937866211,108.85368347167969
images/ISPY2_810965/ISPY2_810965_0003.nii.gz,62.115806579589844,109.43426513671875
images/ISPY2_810965/ISPY2_810965_0001.nii.gz,52.82229232788086,98.22438049316406
images/ISPY2_812089/ISPY2_812089_0005.nii.gz,273.8905944824219,361.2252502441406
images/ISPY2_812089/ISPY2_812089_0003.nii.gz,258.8998718261719,344.31005859375
images/ISPY2_812089/ISPY2_812089_0004.nii.gz,269.1600036621094,355.79559326171875
images/ISPY2_812089/ISPY2_812089_0002.nii.gz,244.21571350097656,325.60693359375
images/ISPY2_812089/ISPY2_812089_0001.nii.gz,208.4616241455078,274.2792663574219
images/ISPY2_814299/ISPY2_814299_0001.nii.gz,60.2318000793457,82.17678833007812
images/ISPY2_814299/ISPY2_814299_0003.nii.gz,64.55303192138672,80.3331527709961
images/ISPY2_814299/ISPY2_814299_0004.nii.gz,65.90013122558594,80.792236328125
images/ISPY2_814299/ISPY2_814299_0002.nii.gz,64.48565673828125,83.53985595703125
images/ISPY2_814299/ISPY2_814299_0005.nii.gz,66.69884490966797,81.03550720214844
images/ISPY2_815421/ISPY2_815421_0003.nii.gz,81.07068634033203,82.9570083618164
images/ISPY2_815421/ISPY2_815421_0001.nii.gz,69.83160400390625,73.27761840820312
images/ISPY2_815421/ISPY2_815421_0002.nii.gz,81.31171417236328,86.16214752197266
images/ISPY2_815421/ISPY2_815421_0005.nii.gz,79.67851257324219,79.87620544433594
images/ISPY2_815421/ISPY2_815421_0004.nii.gz,80.64871215820312,81.27763366699219
images/ISPY2_815493/ISPY2_815493_0001.nii.gz,514.4285278320312,629.803466796875
images/ISPY2_815493/ISPY2_815493_0005.nii.gz,566.2381591796875,613.8510131835938
images/ISPY2_815493/ISPY2_815493_0002.nii.gz,530.0042114257812,602.9771728515625
images/ISPY2_815493/ISPY2_815493_0003.nii.gz,556.0806884765625,623.9810180664062
images/ISPY2_815493/ISPY2_815493_0004.nii.gz,541.9749755859375,588.0955810546875
images/ISPY2_819622/ISPY2_819622_0003.nii.gz,76.55024719238281,110.99901580810547
images/ISPY2_819622/ISPY2_819622_0002.nii.gz,75.30872344970703,111.97089385986328
images/ISPY2_819622/ISPY2_819622_0004.nii.gz,76.89201354980469,105.74537658691406
images/ISPY2_819622/ISPY2_819622_0001.nii.gz,66.2117691040039,103.445556640625
images/ISPY2_819622/ISPY2_819622_0005.nii.gz,77.05708312988281,107.93785858154297
images/ISPY2_820348/ISPY2_820348_0002.nii.gz,84.07215881347656,121.74284362792969
images/ISPY2_820348/ISPY2_820348_0003.nii.gz,84.46765899658203,126.14300537109375
images/ISPY2_820348/ISPY2_820348_0001.nii.gz,77.36860656738281,107.34402465820312
images/ISPY2_820348/ISPY2_820348_0004.nii.gz,84.86119842529297,128.68948364257812
images/ISPY2_820348/ISPY2_820348_0005.nii.gz,84.82472229003906,130.09994506835938
images/ISPY2_820807/ISPY2_820807_0004.nii.gz,94.91419982910156,106.18854522705078
images/ISPY2_820807/ISPY2_820807_0001.nii.gz,94.05362701416016,112.60762786865234
images/ISPY2_820807/ISPY2_820807_0005.nii.gz,95.22403717041016,104.99116516113281
images/ISPY2_820807/ISPY2_820807_0002.nii.gz,95.98625946044922,114.17488098144531
images/ISPY2_820807/ISPY2_820807_0003.nii.gz,94.87384033203125,108.5414810180664
images/ISPY2_823618/ISPY2_823618_0002.nii.gz,31.530384063720703,48.282283782958984
images/ISPY2_823618/ISPY2_823618_0004.nii.gz,31.06960678100586,46.299442291259766
images/ISPY2_823618/ISPY2_823618_0003.nii.gz,31.2304744720459,46.876644134521484
images/ISPY2_823618/ISPY2_823618_0001.nii.gz,31.270734786987305,46.826480865478516
images/ISPY2_823618/ISPY2_823618_0005.nii.gz,31.03468894958496,45.68037796020508
images/ISPY2_824234/ISPY2_824234_0002.nii.gz,196.09893798828125,263.90966796875
images/ISPY2_824234/ISPY2_824234_0001.nii.gz,170.7509307861328,230.7278289794922
images/ISPY2_824234/ISPY2_824234_0004.nii.gz,223.73809814453125,293.45062255859375
images/ISPY2_824234/ISPY2_824234_0003.nii.gz,208.4224395751953,279.7476806640625
images/ISPY2_824234/ISPY2_824234_0005.nii.gz,226.81919860839844,297.88818359375
images/ISPY2_824350/ISPY2_824350_0003.nii.gz,79.42036437988281,100.15113830566406
images/ISPY2_824350/ISPY2_824350_0004.nii.gz,81.0018081665039,97.20564270019531
images/ISPY2_824350/ISPY2_824350_0001.nii.gz,75.5181884765625,102.24433135986328
images/ISPY2_824350/ISPY2_824350_0005.nii.gz,80.67265319824219,101.95223999023438
images/ISPY2_824350/ISPY2_824350_0002.nii.gz,78.0267105102539,101.31153106689453
images/ISPY2_824512/ISPY2_824512_0005.nii.gz,55.37346649169922,96.61729431152344
images/ISPY2_824512/ISPY2_824512_0004.nii.gz,55.42423629760742,95.39965057373047
images/ISPY2_824512/ISPY2_824512_0001.nii.gz,50.56650161743164,78.20384979248047
images/ISPY2_824512/ISPY2_824512_0003.nii.gz,55.214569091796875,93.39656066894531
images/ISPY2_824512/ISPY2_824512_0002.nii.gz,54.02190017700195,89.6597900390625
images/ISPY2_825363/ISPY2_825363_0005.nii.gz,24.83025550842285,43.098114013671875
images/ISPY2_825363/ISPY2_825363_0001.nii.gz,25.137096405029297,41.545684814453125
images/ISPY2_825363/ISPY2_825363_0004.nii.gz,24.80905532836914,43.068050384521484
images/ISPY2_825363/ISPY2_825363_0002.nii.gz,25.10757827758789,43.164066314697266
images/ISPY2_825363/ISPY2_825363_0003.nii.gz,25.06072998046875,43.219505310058594
images/ISPY2_828199/ISPY2_828199_0005.nii.gz,135.76931762695312,169.32107543945312
images/ISPY2_828199/ISPY2_828199_0001.nii.gz,127.10480499267578,189.30458068847656
images/ISPY2_828199/ISPY2_828199_0004.nii.gz,135.01197814941406,169.1223907470703
images/ISPY2_828199/ISPY2_828199_0002.nii.gz,132.46583557128906,178.1717987060547
images/ISPY2_828199/ISPY2_828199_0003.nii.gz,133.2446746826172,172.97113037109375
images/ISPY2_829491/ISPY2_829491_0002.nii.gz,63.386627197265625,88.38394165039062
images/ISPY2_829491/ISPY2_829491_0003.nii.gz,64.51249694824219,92.00970458984375
images/ISPY2_829491/ISPY2_829491_0004.nii.gz,64.92994689941406,93.81755065917969
images/ISPY2_829491/ISPY2_829491_0005.nii.gz,65.31109619140625,95.61748504638672
images/ISPY2_829491/ISPY2_829491_0001.nii.gz,59.024139404296875,76.27166748046875
images/ISPY2_830486/ISPY2_830486_0004.nii.gz,541.8265380859375,464.1578369140625
images/ISPY2_830486/ISPY2_830486_0005.nii.gz,536.714111328125,450.25262451171875
images/ISPY2_830486/ISPY2_830486_0001.nii.gz,491.3804931640625,482.7649841308594
images/ISPY2_830486/ISPY2_830486_0002.nii.gz,528.7610473632812,493.404541015625
images/ISPY2_830486/ISPY2_830486_0003.nii.gz,530.2554931640625,465.3026123046875
images/ISPY2_830958/ISPY2_830958_0005.nii.gz,195.6100311279297,205.9293975830078
images/ISPY2_830958/ISPY2_830958_0003.nii.gz,189.34288024902344,204.1250457763672
images/ISPY2_830958/ISPY2_830958_0002.nii.gz,193.16136169433594,217.31674194335938
images/ISPY2_830958/ISPY2_830958_0001.nii.gz,184.48654174804688,216.6880645751953
images/ISPY2_830958/ISPY2_830958_0004.nii.gz,189.6893768310547,205.84254455566406
images/ISPY2_831702/ISPY2_831702_0001.nii.gz,265.69329833984375,296.67510986328125
images/ISPY2_831702/ISPY2_831702_0004.nii.gz,330.5796203613281,378.8213195800781
images/ISPY2_831702/ISPY2_831702_0003.nii.gz,329.95599365234375,374.80596923828125
images/ISPY2_831702/ISPY2_831702_0005.nii.gz,343.51861572265625,395.6473693847656
images/ISPY2_831702/ISPY2_831702_0002.nii.gz,319.1708984375,357.7081298828125
images/ISPY2_831848/ISPY2_831848_0005.nii.gz,174.47653198242188,160.6681671142578
images/ISPY2_831848/ISPY2_831848_0003.nii.gz,169.73411560058594,155.98904418945312
images/ISPY2_831848/ISPY2_831848_0004.nii.gz,165.20489501953125,154.37283325195312
images/ISPY2_831848/ISPY2_831848_0002.nii.gz,157.33758544921875,147.8641357421875
images/ISPY2_831848/ISPY2_831848_0001.nii.gz,163.84580993652344,152.2414093017578
images/ISPY2_832056/ISPY2_832056_0001.nii.gz,187.8351593017578,218.6909942626953
images/ISPY2_832056/ISPY2_832056_0003.nii.gz,197.21263122558594,218.97193908691406
images/ISPY2_832056/ISPY2_832056_0004.nii.gz,194.04315185546875,216.52841186523438
images/ISPY2_832056/ISPY2_832056_0005.nii.gz,197.2843017578125,220.00506591796875
images/ISPY2_832056/ISPY2_832056_0002.nii.gz,192.5170440673828,217.21206665039062
images/ISPY2_833536/ISPY2_833536_0001.nii.gz,50.71153259277344,66.62197875976562
images/ISPY2_833536/ISPY2_833536_0005.nii.gz,57.188350677490234,78.56204986572266
images/ISPY2_833536/ISPY2_833536_0004.nii.gz,57.31058883666992,78.16468048095703
images/ISPY2_833536/ISPY2_833536_0002.nii.gz,55.845821380615234,76.32857513427734
images/ISPY2_833536/ISPY2_833536_0003.nii.gz,56.791297912597656,77.87995147705078
images/ISPY2_834418/ISPY2_834418_0005.nii.gz,255.0970001220703,308.2843322753906
images/ISPY2_834418/ISPY2_834418_0002.nii.gz,244.87322998046875,309.8114013671875
images/ISPY2_834418/ISPY2_834418_0004.nii.gz,259.85198974609375,313.40283203125
images/ISPY2_834418/ISPY2_834418_0001.nii.gz,216.51171875,290.2981872558594
images/ISPY2_834418/ISPY2_834418_0003.nii.gz,252.12237548828125,316.2339782714844
images/ISPY2_835658/ISPY2_835658_0005.nii.gz,491.53375244140625,490.9167785644531
images/ISPY2_835658/ISPY2_835658_0001.nii.gz,468.0657043457031,524.0889282226562
images/ISPY2_835658/ISPY2_835658_0003.nii.gz,507.6607360839844,526.6810913085938
images/ISPY2_835658/ISPY2_835658_0002.nii.gz,504.95416259765625,539.5619506835938
images/ISPY2_835658/ISPY2_835658_0004.nii.gz,498.4617614746094,498.9963684082031
images/ISPY2_836114/ISPY2_836114_0004.nii.gz,59.508480072021484,82.11587524414062
images/ISPY2_836114/ISPY2_836114_0002.nii.gz,54.65632247924805,77.29669189453125
images/ISPY2_836114/ISPY2_836114_0003.nii.gz,57.59455108642578,80.48402404785156
images/ISPY2_836114/ISPY2_836114_0005.nii.gz,60.764076232910156,83.05320739746094
images/ISPY2_836114/ISPY2_836114_0001.nii.gz,47.06147384643555,65.4090576171875
images/ISPY2_836983/ISPY2_836983_0004.nii.gz,62.39934158325195,90.43588256835938
images/ISPY2_836983/ISPY2_836983_0005.nii.gz,62.03806686401367,90.51966857910156
images/ISPY2_836983/ISPY2_836983_0003.nii.gz,61.67070007324219,88.95891571044922
images/ISPY2_836983/ISPY2_836983_0001.nii.gz,61.50334930419922,87.37773895263672
images/ISPY2_836983/ISPY2_836983_0002.nii.gz,61.99559783935547,88.67253112792969
images/ISPY2_839274/ISPY2_839274_0002.nii.gz,54.51918029785156,60.23283004760742
images/ISPY2_839274/ISPY2_839274_0005.nii.gz,59.69792556762695,62.295570373535156
images/ISPY2_839274/ISPY2_839274_0004.nii.gz,58.6995964050293,62.10740280151367
images/ISPY2_839274/ISPY2_839274_0003.nii.gz,57.158180236816406,61.65870666503906
images/ISPY2_839274/ISPY2_839274_0001.nii.gz,42.71967315673828,41.65901565551758
images/ISPY2_840501/ISPY2_840501_0004.nii.gz,60.658634185791016,84.3703842163086
images/ISPY2_840501/ISPY2_840501_0001.nii.gz,56.15956497192383,75.18856811523438
images/ISPY2_840501/ISPY2_840501_0003.nii.gz,59.62095642089844,83.31008911132812
images/ISPY2_840501/ISPY2_840501_0005.nii.gz,60.2557487487793,84.8577651977539
images/ISPY2_840501/ISPY2_840501_0002.nii.gz,59.96920394897461,82.58184051513672
images/ISPY2_841336/ISPY2_841336_0004.nii.gz,327.92205810546875,360.0663146972656
images/ISPY2_841336/ISPY2_841336_0002.nii.gz,324.6945495605469,367.1138916015625
images/ISPY2_841336/ISPY2_841336_0003.nii.gz,328.5779113769531,366.779052734375
images/ISPY2_841336/ISPY2_841336_0005.nii.gz,335.48828125,367.0622863769531
images/ISPY2_841336/ISPY2_841336_0001.nii.gz,314.53485107421875,366.27398681640625
images/ISPY2_843554/ISPY2_843554_0004.nii.gz,80.83416748046875,90.86524200439453
images/ISPY2_843554/ISPY2_843554_0003.nii.gz,79.22823333740234,89.41939544677734
images/ISPY2_843554/ISPY2_843554_0001.nii.gz,75.7680435180664,85.43396759033203
images/ISPY2_843554/ISPY2_843554_0002.nii.gz,77.87406158447266,89.19658660888672
images/ISPY2_843554/ISPY2_843554_0005.nii.gz,81.32952880859375,91.19161987304688
images/ISPY2_845079/ISPY2_845079_0002.nii.gz,228.00454711914062,238.44320678710938
images/ISPY2_845079/ISPY2_845079_0001.nii.gz,218.8667449951172,224.7555389404297
images/ISPY2_845079/ISPY2_845079_0004.nii.gz,244.95338439941406,253.4181365966797
images/ISPY2_845079/ISPY2_845079_0003.nii.gz,231.58860778808594,241.41517639160156
images/ISPY2_845079/ISPY2_845079_0005.nii.gz,242.4044189453125,250.70382690429688
images/ISPY2_845147/ISPY2_845147_0004.nii.gz,444.2528991699219,515.0018310546875
images/ISPY2_845147/ISPY2_845147_0005.nii.gz,451.282470703125,520.3118896484375
images/ISPY2_845147/ISPY2_845147_0002.nii.gz,458.2223205566406,539.4752197265625
images/ISPY2_845147/ISPY2_845147_0001.nii.gz,462.1878662109375,562.8184814453125
images/ISPY2_845147/ISPY2_845147_0003.nii.gz,448.62579345703125,532.5517578125
images/ISPY2_845663/ISPY2_845663_0001.nii.gz,112.6239013671875,146.15948486328125
images/ISPY2_845663/ISPY2_845663_0003.nii.gz,116.12709045410156,145.1949462890625
images/ISPY2_845663/ISPY2_845663_0004.nii.gz,112.47806549072266,137.0085906982422
images/ISPY2_845663/ISPY2_845663_0005.nii.gz,112.6248550415039,138.06922912597656
images/ISPY2_845663/ISPY2_845663_0002.nii.gz,112.01599884033203,140.73052978515625
images/ISPY2_845783/ISPY2_845783_0005.nii.gz,317.6029052734375,365.81866455078125
images/ISPY2_845783/ISPY2_845783_0004.nii.gz,299.90618896484375,343.20257568359375
images/ISPY2_845783/ISPY2_845783_0001.nii.gz,296.5993957519531,375.8095703125
images/ISPY2_845783/ISPY2_845783_0003.nii.gz,314.0373840332031,368.7088317871094
images/ISPY2_845783/ISPY2_845783_0002.nii.gz,304.6943664550781,365.3512268066406
images/ISPY2_846156/ISPY2_846156_0002.nii.gz,76.95392608642578,129.07481384277344
images/ISPY2_846156/ISPY2_846156_0005.nii.gz,79.68744659423828,141.8634796142578
images/ISPY2_846156/ISPY2_846156_0004.nii.gz,78.1849136352539,137.80210876464844
images/ISPY2_846156/ISPY2_846156_0001.nii.gz,72.38660430908203,112.8548355102539
images/ISPY2_846156/ISPY2_846156_0003.nii.gz,78.14935302734375,135.06602478027344
images/ISPY2_847272/ISPY2_847272_0001.nii.gz,270.62335205078125,317.047607421875
images/ISPY2_847272/ISPY2_847272_0004.nii.gz,266.6275939941406,292.3205261230469
images/ISPY2_847272/ISPY2_847272_0005.nii.gz,261.087158203125,284.52685546875
images/ISPY2_847272/ISPY2_847272_0003.nii.gz,266.17822265625,293.7711486816406
images/ISPY2_847272/ISPY2_847272_0002.nii.gz,269.4631652832031,305.5831604003906
images/ISPY2_847753/ISPY2_847753_0001.nii.gz,175.86996459960938,223.80673217773438
images/ISPY2_847753/ISPY2_847753_0005.nii.gz,183.6178436279297,189.86563110351562
images/ISPY2_847753/ISPY2_847753_0003.nii.gz,183.7118682861328,191.96014404296875
images/ISPY2_847753/ISPY2_847753_0002.nii.gz,180.84300231933594,210.3302764892578
images/ISPY2_847753/ISPY2_847753_0004.nii.gz,189.65872192382812,203.13633728027344
images/ISPY2_848003/ISPY2_848003_0005.nii.gz,65.30648040771484,97.75334930419922
images/ISPY2_848003/ISPY2_848003_0004.nii.gz,66.48993682861328,103.68449401855469
images/ISPY2_848003/ISPY2_848003_0002.nii.gz,64.13672637939453,103.72936248779297
images/ISPY2_848003/ISPY2_848003_0003.nii.gz,66.9487075805664,105.97506713867188
images/ISPY2_848003/ISPY2_848003_0001.nii.gz,61.72336959838867,111.26506805419922
images/ISPY2_848371/ISPY2_848371_0001.nii.gz,46.753753662109375,52.59264373779297
images/ISPY2_848371/ISPY2_848371_0003.nii.gz,47.11891174316406,47.79130554199219
images/ISPY2_848371/ISPY2_848371_0002.nii.gz,49.52700424194336,51.723114013671875
images/ISPY2_848371/ISPY2_848371_0005.nii.gz,47.50545883178711,46.116676330566406
images/ISPY2_848371/ISPY2_848371_0004.nii.gz,49.47214889526367,48.02468490600586
images/ISPY2_849605/ISPY2_849605_0001.nii.gz,54.546539306640625,70.81072235107422
images/ISPY2_849605/ISPY2_849605_0004.nii.gz,60.81875991821289,83.03439331054688
images/ISPY2_849605/ISPY2_849605_0002.nii.gz,59.89866638183594,79.20487976074219
images/ISPY2_849605/ISPY2_849605_0005.nii.gz,61.35976791381836,84.01005554199219
images/ISPY2_849605/ISPY2_849605_0003.nii.gz,61.327728271484375,81.8997802734375
images/ISPY2_851180/ISPY2_851180_0001.nii.gz,43.672401428222656,48.598060607910156
images/ISPY2_851180/ISPY2_851180_0005.nii.gz,43.890316009521484,49.301212310791016
images/ISPY2_851180/ISPY2_851180_0003.nii.gz,43.950416564941406,48.87061309814453
images/ISPY2_851180/ISPY2_851180_0002.nii.gz,44.494388580322266,49.17366409301758
images/ISPY2_851180/ISPY2_851180_0004.nii.gz,43.92731857299805,49.1014289855957
images/ISPY2_851223/ISPY2_851223_0001.nii.gz,316.2875061035156,349.0120544433594
images/ISPY2_851223/ISPY2_851223_0005.nii.gz,379.02972412109375,414.6589660644531
images/ISPY2_851223/ISPY2_851223_0004.nii.gz,368.8755798339844,403.2080078125
images/ISPY2_851223/ISPY2_851223_0002.nii.gz,340.8070373535156,370.5440979003906
images/ISPY2_851223/ISPY2_851223_0003.nii.gz,356.0119934082031,389.64996337890625
images/ISPY2_851488/ISPY2_851488_0005.nii.gz,47.691810607910156,61.63612365722656
images/ISPY2_851488/ISPY2_851488_0004.nii.gz,46.9721794128418,60.0492057800293
images/ISPY2_851488/ISPY2_851488_0002.nii.gz,46.46089553833008,57.563663482666016
images/ISPY2_851488/ISPY2_851488_0003.nii.gz,47.30015182495117,59.7474250793457
images/ISPY2_851488/ISPY2_851488_0001.nii.gz,44.37301254272461,52.95832824707031
images/ISPY2_856159/ISPY2_856159_0002.nii.gz,239.06243896484375,262.53900146484375
images/ISPY2_856159/ISPY2_856159_0005.nii.gz,232.6079864501953,250.2953643798828
images/ISPY2_856159/ISPY2_856159_0004.nii.gz,234.000244140625,251.65975952148438
images/ISPY2_856159/ISPY2_856159_0003.nii.gz,232.4421844482422,251.8968505859375
images/ISPY2_856159/ISPY2_856159_0001.nii.gz,230.7818145751953,262.1943054199219
images/ISPY2_857165/ISPY2_857165_0004.nii.gz,251.37127685546875,281.0714111328125
images/ISPY2_857165/ISPY2_857165_0005.nii.gz,257.6825866699219,282.2231750488281
images/ISPY2_857165/ISPY2_857165_0003.nii.gz,252.31280517578125,288.6617736816406
images/ISPY2_857165/ISPY2_857165_0002.nii.gz,251.22262573242188,300.66900634765625
images/ISPY2_857165/ISPY2_857165_0001.nii.gz,233.08807373046875,288.39385986328125
images/ISPY2_859699/ISPY2_859699_0003.nii.gz,42.00008773803711,84.38249206542969
images/ISPY2_859699/ISPY2_859699_0001.nii.gz,41.27741241455078,84.50811767578125
images/ISPY2_859699/ISPY2_859699_0005.nii.gz,42.01133728027344,84.18256378173828
images/ISPY2_859699/ISPY2_859699_0004.nii.gz,42.07392501831055,84.2983627319336
images/ISPY2_859699/ISPY2_859699_0002.nii.gz,42.256011962890625,84.57433319091797
images/ISPY2_860243/ISPY2_860243_0001.nii.gz,282.2923278808594,294.5133361816406
images/ISPY2_860243/ISPY2_860243_0004.nii.gz,273.08099365234375,264.2635192871094
images/ISPY2_860243/ISPY2_860243_0003.nii.gz,275.0667419433594,269.8826904296875
images/ISPY2_860243/ISPY2_860243_0002.nii.gz,285.8448181152344,288.82867431640625
images/ISPY2_860243/ISPY2_860243_0005.nii.gz,270.5678405761719,257.45684814453125
images/ISPY2_860901/ISPY2_860901_0001.nii.gz,74.6712875366211,89.18032836914062
images/ISPY2_860901/ISPY2_860901_0003.nii.gz,90.0033187866211,106.95882415771484
images/ISPY2_860901/ISPY2_860901_0004.nii.gz,92.1758804321289,110.21279907226562
images/ISPY2_860901/ISPY2_860901_0005.nii.gz,91.8152847290039,112.09268951416016
images/ISPY2_860901/ISPY2_860901_0002.nii.gz,84.2960205078125,100.0805892944336
images/ISPY2_861745/ISPY2_861745_0004.nii.gz,557.7077026367188,605.021240234375
images/ISPY2_861745/ISPY2_861745_0003.nii.gz,539.1244506835938,586.0944213867188
images/ISPY2_861745/ISPY2_861745_0002.nii.gz,541.373291015625,605.17236328125
images/ISPY2_861745/ISPY2_861745_0005.nii.gz,531.7177124023438,564.855712890625
images/ISPY2_861745/ISPY2_861745_0001.nii.gz,523.187255859375,617.5787353515625
images/ISPY2_862244/ISPY2_862244_0002.nii.gz,521.8043212890625,537.1076049804688
images/ISPY2_862244/ISPY2_862244_0003.nii.gz,516.066650390625,506.34417724609375
images/ISPY2_862244/ISPY2_862244_0004.nii.gz,509.2967834472656,489.1898193359375
images/ISPY2_862244/ISPY2_862244_0005.nii.gz,509.85821533203125,475.23333740234375
images/ISPY2_862244/ISPY2_862244_0001.nii.gz,515.0125122070312,550.94189453125
images/ISPY2_863161/ISPY2_863161_0004.nii.gz,48.61904525756836,71.14098358154297
images/ISPY2_863161/ISPY2_863161_0005.nii.gz,48.60193634033203,71.43086242675781
images/ISPY2_863161/ISPY2_863161_0003.nii.gz,49.11811065673828,71.41472625732422
images/ISPY2_863161/ISPY2_863161_0001.nii.gz,48.21118927001953,67.71855163574219
images/ISPY2_863161/ISPY2_863161_0002.nii.gz,49.44160079956055,71.66864013671875
images/ISPY2_865416/ISPY2_865416_0005.nii.gz,72.01030731201172,120.34600830078125
images/ISPY2_865416/ISPY2_865416_0002.nii.gz,70.62260437011719,114.17840576171875
images/ISPY2_865416/ISPY2_865416_0001.nii.gz,65.75569152832031,102.20913696289062
images/ISPY2_865416/ISPY2_865416_0004.nii.gz,72.35755920410156,119.38548278808594
images/ISPY2_865416/ISPY2_865416_0003.nii.gz,71.30870819091797,117.14632415771484
images/ISPY2_866660/ISPY2_866660_0003.nii.gz,222.21688842773438,276.07867431640625
images/ISPY2_866660/ISPY2_866660_0004.nii.gz,216.49620056152344,265.9417724609375
images/ISPY2_866660/ISPY2_866660_0001.nii.gz,218.85406494140625,289.3615417480469
images/ISPY2_866660/ISPY2_866660_0005.nii.gz,220.13983154296875,269.0003967285156
images/ISPY2_866660/ISPY2_866660_0002.nii.gz,219.6202392578125,276.7684326171875
images/ISPY2_870077/ISPY2_870077_0003.nii.gz,302.3339538574219,318.4756774902344
images/ISPY2_870077/ISPY2_870077_0002.nii.gz,302.2708740234375,321.88299560546875
images/ISPY2_870077/ISPY2_870077_0005.nii.gz,307.7185363769531,317.6894836425781
images/ISPY2_870077/ISPY2_870077_0004.nii.gz,303.0122375488281,311.4182434082031
images/ISPY2_870077/ISPY2_870077_0001.nii.gz,292.429931640625,306.0718078613281
images/ISPY2_872188/ISPY2_872188_0001.nii.gz,283.471923828125,330.89471435546875
images/ISPY2_872188/ISPY2_872188_0004.nii.gz,277.8519287109375,313.4995422363281
images/ISPY2_872188/ISPY2_872188_0003.nii.gz,270.912353515625,303.03289794921875
images/ISPY2_872188/ISPY2_872188_0005.nii.gz,281.2771911621094,314.3614196777344
images/ISPY2_872188/ISPY2_872188_0002.nii.gz,277.0338439941406,321.5323486328125
images/ISPY2_873686/ISPY2_873686_0003.nii.gz,220.3660888671875,238.18238830566406
images/ISPY2_873686/ISPY2_873686_0004.nii.gz,224.56446838378906,238.33074951171875
images/ISPY2_873686/ISPY2_873686_0002.nii.gz,220.38340759277344,245.69873046875
images/ISPY2_873686/ISPY2_873686_0005.nii.gz,222.59649658203125,235.70632934570312
images/ISPY2_873686/ISPY2_873686_0001.nii.gz,184.5072479248047,211.81919860839844
images/ISPY2_875089/ISPY2_875089_0004.nii.gz,441.22930908203125,362.8690490722656
images/ISPY2_875089/ISPY2_875089_0002.nii.gz,463.2059631347656,403.82513427734375
images/ISPY2_875089/ISPY2_875089_0003.nii.gz,446.9101867675781,377.10601806640625
images/ISPY2_875089/ISPY2_875089_0001.nii.gz,464.0006408691406,424.8831481933594
images/ISPY2_875089/ISPY2_875089_0005.nii.gz,431.75628662109375,348.3252868652344
images/ISPY2_876511/ISPY2_876511_0002.nii.gz,73.9586410522461,109.13839721679688
images/ISPY2_876511/ISPY2_876511_0003.nii.gz,75.13198852539062,115.09508514404297
images/ISPY2_876511/ISPY2_876511_0004.nii.gz,76.35491180419922,118.5744857788086
images/ISPY2_876511/ISPY2_876511_0005.nii.gz,77.37572479248047,122.1434326171875
images/ISPY2_876511/ISPY2_876511_0001.nii.gz,60.218624114990234,86.19589233398438
images/ISPY2_877463/ISPY2_877463_0001.nii.gz,75.8714828491211,97.91954040527344
images/ISPY2_877463/ISPY2_877463_0003.nii.gz,78.33929443359375,100.11249542236328
images/ISPY2_877463/ISPY2_877463_0004.nii.gz,77.8735122680664,99.45345306396484
images/ISPY2_877463/ISPY2_877463_0002.nii.gz,78.26237487792969,100.9415512084961
images/ISPY2_877463/ISPY2_877463_0005.nii.gz,77.68701934814453,99.20924377441406
images/ISPY2_879224/ISPY2_879224_0005.nii.gz,472.1554260253906,352.7538757324219
images/ISPY2_879224/ISPY2_879224_0003.nii.gz,485.8175354003906,372.0472106933594
images/ISPY2_879224/ISPY2_879224_0004.nii.gz,478.44366455078125,363.34185791015625
images/ISPY2_879224/ISPY2_879224_0001.nii.gz,505.58013916015625,433.0578918457031
images/ISPY2_879224/ISPY2_879224_0002.nii.gz,494.80096435546875,390.32373046875
images/ISPY2_882538/ISPY2_882538_0002.nii.gz,61.18473815917969,91.02184295654297
images/ISPY2_882538/ISPY2_882538_0005.nii.gz,63.17556381225586,98.38521575927734
images/ISPY2_882538/ISPY2_882538_0001.nii.gz,54.53856658935547,78.581298828125
images/ISPY2_882538/ISPY2_882538_0004.nii.gz,62.77094268798828,97.05751037597656
images/ISPY2_882538/ISPY2_882538_0003.nii.gz,62.17767333984375,94.68708038330078
images/ISPY2_882553/ISPY2_882553_0003.nii.gz,62.498268127441406,74.46903991699219
images/ISPY2_882553/ISPY2_882553_0001.nii.gz,51.36480712890625,60.78224182128906
images/ISPY2_882553/ISPY2_882553_0002.nii.gz,59.503299713134766,71.12422943115234
images/ISPY2_882553/ISPY2_882553_0004.nii.gz,64.71127319335938,76.85302734375
images/ISPY2_882553/ISPY2_882553_0005.nii.gz,65.8508071899414,78.3598403930664
images/ISPY2_883696/ISPY2_883696_0003.nii.gz,239.09043884277344,271.67962646484375
images/ISPY2_883696/ISPY2_883696_0005.nii.gz,235.04095458984375,270.1675720214844
images/ISPY2_883696/ISPY2_883696_0002.nii.gz,239.9769287109375,275.3106384277344
images/ISPY2_883696/ISPY2_883696_0004.nii.gz,239.1102752685547,270.5616455078125
images/ISPY2_883696/ISPY2_883696_0001.nii.gz,225.8761749267578,264.5149230957031
images/ISPY2_883886/ISPY2_883886_0002.nii.gz,26.385820388793945,42.499813079833984
images/ISPY2_883886/ISPY2_883886_0004.nii.gz,28.337221145629883,46.838539123535156
images/ISPY2_883886/ISPY2_883886_0001.nii.gz,21.85487174987793,36.203269958496094
images/ISPY2_883886/ISPY2_883886_0005.nii.gz,28.4415340423584,47.48098373413086
images/ISPY2_883886/ISPY2_883886_0003.nii.gz,28.11443519592285,45.8294677734375
images/ISPY2_884011/ISPY2_884011_0002.nii.gz,103.82070922851562,142.24464416503906
images/ISPY2_884011/ISPY2_884011_0004.nii.gz,109.12738800048828,143.577392578125
images/ISPY2_884011/ISPY2_884011_0001.nii.gz,106.54744720458984,161.10780334472656
images/ISPY2_884011/ISPY2_884011_0005.nii.gz,106.29290771484375,135.36085510253906
images/ISPY2_884011/ISPY2_884011_0003.nii.gz,104.14490509033203,138.04116821289062
images/ISPY2_884266/ISPY2_884266_0002.nii.gz,438.40411376953125,686.3038940429688
images/ISPY2_884266/ISPY2_884266_0001.nii.gz,372.02935791015625,570.17529296875
images/ISPY2_884266/ISPY2_884266_0005.nii.gz,502.68817138671875,779.74755859375
images/ISPY2_884266/ISPY2_884266_0004.nii.gz,488.8671569824219,757.3802490234375
images/ISPY2_884266/ISPY2_884266_0003.nii.gz,468.62884521484375,731.610595703125
images/ISPY2_885590/ISPY2_885590_0001.nii.gz,48.116783142089844,61.03374099731445
images/ISPY2_885590/ISPY2_885590_0005.nii.gz,50.514495849609375,65.82501983642578
images/ISPY2_885590/ISPY2_885590_0002.nii.gz,50.0225715637207,64.3082275390625
images/ISPY2_885590/ISPY2_885590_0003.nii.gz,50.47543716430664,65.0312271118164
images/ISPY2_885590/ISPY2_885590_0004.nii.gz,50.66602325439453,65.6935043334961
images/ISPY2_885871/ISPY2_885871_0004.nii.gz,228.1572723388672,323.0921325683594
images/ISPY2_885871/ISPY2_885871_0003.nii.gz,222.130615234375,312.5393981933594
images/ISPY2_885871/ISPY2_885871_0005.nii.gz,235.96182250976562,334.50848388671875
images/ISPY2_885871/ISPY2_885871_0001.nii.gz,177.33570861816406,247.53628540039062
images/ISPY2_885871/ISPY2_885871_0002.nii.gz,204.66098022460938,289.61651611328125
images/ISPY2_887594/ISPY2_887594_0002.nii.gz,67.42060852050781,89.21321868896484
images/ISPY2_887594/ISPY2_887594_0004.nii.gz,70.56170654296875,95.14684295654297
images/ISPY2_887594/ISPY2_887594_0005.nii.gz,71.06121063232422,96.6820068359375
images/ISPY2_887594/ISPY2_887594_0001.nii.gz,60.477664947509766,76.5870132446289
images/ISPY2_887594/ISPY2_887594_0003.nii.gz,69.34192657470703,93.0180892944336
images/ISPY2_889049/ISPY2_889049_0003.nii.gz,568.5474243164062,726.9480590820312
images/ISPY2_889049/ISPY2_889049_0005.nii.gz,582.2860107421875,761.4745483398438
images/ISPY2_889049/ISPY2_889049_0004.nii.gz,568.6806640625,738.9620361328125
images/ISPY2_889049/ISPY2_889049_0002.nii.gz,531.4674072265625,671.2545776367188
images/ISPY2_889049/ISPY2_889049_0001.nii.gz,475.2690734863281,595.7854614257812
images/ISPY2_889225/ISPY2_889225_0005.nii.gz,70.1908950805664,98.06045532226562
images/ISPY2_889225/ISPY2_889225_0001.nii.gz,75.76148986816406,108.7019271850586
images/ISPY2_889225/ISPY2_889225_0003.nii.gz,71.45885467529297,99.49354553222656
images/ISPY2_889225/ISPY2_889225_0004.nii.gz,71.26564025878906,99.9613265991211
images/ISPY2_889225/ISPY2_889225_0002.nii.gz,73.83124542236328,102.2403335571289
images/ISPY2_889721/ISPY2_889721_0002.nii.gz,57.68207931518555,75.5906982421875
images/ISPY2_889721/ISPY2_889721_0005.nii.gz,53.7736701965332,64.8800048828125
images/ISPY2_889721/ISPY2_889721_0004.nii.gz,53.91453170776367,66.27989196777344
images/ISPY2_889721/ISPY2_889721_0003.nii.gz,54.96149444580078,68.81031036376953
images/ISPY2_889721/ISPY2_889721_0001.nii.gz,57.71656799316406,77.9531478881836
images/ISPY2_890372/ISPY2_890372_0002.nii.gz,225.28465270996094,211.2377166748047
images/ISPY2_890372/ISPY2_890372_0004.nii.gz,231.2516632080078,210.0912322998047
images/ISPY2_890372/ISPY2_890372_0005.nii.gz,225.09588623046875,199.5995635986328
images/ISPY2_890372/ISPY2_890372_0001.nii.gz,218.5572052001953,219.62680053710938
images/ISPY2_890372/ISPY2_890372_0003.nii.gz,230.23989868164062,207.762939453125
images/ISPY2_890414/ISPY2_890414_0005.nii.gz,490.64532470703125,487.2466735839844
images/ISPY2_890414/ISPY2_890414_0001.nii.gz,483.2848205566406,518.1700439453125
images/ISPY2_890414/ISPY2_890414_0003.nii.gz,494.3761901855469,509.662353515625
images/ISPY2_890414/ISPY2_890414_0002.nii.gz,515.445068359375,538.5618286132812
images/ISPY2_890414/ISPY2_890414_0004.nii.gz,487.2079162597656,491.7129211425781
images/ISPY2_891645/ISPY2_891645_0004.nii.gz,306.1135559082031,387.7575378417969
images/ISPY2_891645/ISPY2_891645_0001.nii.gz,248.3306427001953,314.7929992675781
images/ISPY2_891645/ISPY2_891645_0005.nii.gz,312.07061767578125,396.319091796875
images/ISPY2_891645/ISPY2_891645_0002.nii.gz,286.2405700683594,361.79541015625
images/ISPY2_891645/ISPY2_891645_0003.nii.gz,298.563232421875,377.58563232421875
images/ISPY2_892390/ISPY2_892390_0003.nii.gz,201.75291442871094,238.7332763671875
images/ISPY2_892390/ISPY2_892390_0001.nii.gz,191.5988006591797,247.0862274169922
images/ISPY2_892390/ISPY2_892390_0005.nii.gz,200.97314453125,233.16952514648438
images/ISPY2_892390/ISPY2_892390_0002.nii.gz,202.34860229492188,246.05783081054688
images/ISPY2_892390/ISPY2_892390_0004.nii.gz,198.5562286376953,230.2421875
images/ISPY2_893874/ISPY2_893874_0001.nii.gz,272.19677734375,321.58526611328125
images/ISPY2_893874/ISPY2_893874_0003.nii.gz,305.9720153808594,344.4493713378906
images/ISPY2_893874/ISPY2_893874_0005.nii.gz,306.1629638671875,331.43280029296875
images/ISPY2_893874/ISPY2_893874_0002.nii.gz,295.2294921875,336.6307678222656
images/ISPY2_893874/ISPY2_893874_0004.nii.gz,300.5926818847656,329.5113830566406
images/ISPY2_894128/ISPY2_894128_0005.nii.gz,336.9234619140625,403.5992736816406
images/ISPY2_894128/ISPY2_894128_0003.nii.gz,317.22418212890625,375.02447509765625
images/ISPY2_894128/ISPY2_894128_0001.nii.gz,258.4935607910156,305.552978515625
images/ISPY2_894128/ISPY2_894128_0002.nii.gz,300.01104736328125,353.5811462402344
images/ISPY2_894128/ISPY2_894128_0004.nii.gz,328.5774230957031,391.0602722167969
images/ISPY2_894491/ISPY2_894491_0001.nii.gz,127.22640228271484,96.69719696044922
images/ISPY2_894491/ISPY2_894491_0004.nii.gz,156.07688903808594,123.20476531982422
images/ISPY2_894491/ISPY2_894491_0003.nii.gz,154.0512237548828,120.43482208251953
images/ISPY2_894491/ISPY2_894491_0005.nii.gz,158.23886108398438,125.16192626953125
images/ISPY2_894491/ISPY2_894491_0002.nii.gz,149.30062866210938,115.96725463867188
images/ISPY2_894673/ISPY2_894673_0001.nii.gz,73.30658721923828,108.21369934082031
images/ISPY2_894673/ISPY2_894673_0004.nii.gz,75.59784698486328,112.25873565673828
images/ISPY2_894673/ISPY2_894673_0003.nii.gz,75.08329010009766,112.00003814697266
images/ISPY2_894673/ISPY2_894673_0005.nii.gz,75.54463195800781,112.62409210205078
images/ISPY2_894673/ISPY2_894673_0002.nii.gz,75.78569793701172,111.31041717529297
images/ISPY2_895653/ISPY2_895653_0004.nii.gz,277.37530517578125,274.4254455566406
images/ISPY2_895653/ISPY2_895653_0002.nii.gz,285.5487976074219,293.0128173828125
images/ISPY2_895653/ISPY2_895653_0003.nii.gz,279.1828918457031,281.79791259765625
images/ISPY2_895653/ISPY2_895653_0001.nii.gz,267.8457946777344,274.2830810546875
images/ISPY2_895653/ISPY2_895653_0005.nii.gz,288.0480041503906,290.6658630371094
images/ISPY2_896621/ISPY2_896621_0001.nii.gz,62.25093078613281,86.5753402709961
images/ISPY2_896621/ISPY2_896621_0002.nii.gz,68.53742218017578,97.22469329833984
images/ISPY2_896621/ISPY2_896621_0005.nii.gz,70.823974609375,103.63160705566406
images/ISPY2_896621/ISPY2_896621_0003.nii.gz,69.4504623413086,99.92066955566406
images/ISPY2_896621/ISPY2_896621_0004.nii.gz,69.41393280029297,101.43255615234375
images/ISPY2_896852/ISPY2_896852_0003.nii.gz,161.4758758544922,203.98184204101562
images/ISPY2_896852/ISPY2_896852_0005.nii.gz,159.78379821777344,195.68991088867188
images/ISPY2_896852/ISPY2_896852_0001.nii.gz,155.4560089111328,210.21156311035156
images/ISPY2_896852/ISPY2_896852_0002.nii.gz,159.2274932861328,205.0477294921875
images/ISPY2_896852/ISPY2_896852_0004.nii.gz,161.2569122314453,201.1697235107422
images/ISPY2_896939/ISPY2_896939_0002.nii.gz,162.33059692382812,198.22618103027344
images/ISPY2_896939/ISPY2_896939_0005.nii.gz,160.64598083496094,187.1269989013672
images/ISPY2_896939/ISPY2_896939_0004.nii.gz,164.72418212890625,192.02294921875
images/ISPY2_896939/ISPY2_896939_0003.nii.gz,160.2165069580078,190.68252563476562
images/ISPY2_896939/ISPY2_896939_0001.nii.gz,156.8356475830078,199.8814697265625
images/ISPY2_898618/ISPY2_898618_0002.nii.gz,168.99134826660156,192.22422790527344
images/ISPY2_898618/ISPY2_898618_0003.nii.gz,177.5509033203125,204.53060913085938
images/ISPY2_898618/ISPY2_898618_0004.nii.gz,185.58348083496094,215.71542358398438
images/ISPY2_898618/ISPY2_898618_0005.nii.gz,186.7393341064453,219.2926483154297
images/ISPY2_898618/ISPY2_898618_0001.nii.gz,153.95310974121094,169.36080932617188
images/ISPY2_899381/ISPY2_899381_0004.nii.gz,56.154964447021484,70.87977600097656
images/ISPY2_899381/ISPY2_899381_0001.nii.gz,51.16937255859375,74.69064331054688
images/ISPY2_899381/ISPY2_899381_0002.nii.gz,54.82021713256836,73.08340454101562
images/ISPY2_899381/ISPY2_899381_0005.nii.gz,56.613616943359375,70.0412368774414
images/ISPY2_899381/ISPY2_899381_0003.nii.gz,55.744384765625,71.7784194946289
images/ISPY2_899692/ISPY2_899692_0001.nii.gz,188.00299072265625,184.42828369140625
images/ISPY2_899692/ISPY2_899692_0004.nii.gz,191.43212890625,177.09848022460938
images/ISPY2_899692/ISPY2_899692_0003.nii.gz,185.57659912109375,176.742919921875
images/ISPY2_899692/ISPY2_899692_0005.nii.gz,192.12802124023438,177.4645233154297
images/ISPY2_899692/ISPY2_899692_0002.nii.gz,189.8170166015625,182.38168334960938
images/ISPY2_900959/ISPY2_900959_0001.nii.gz,225.7845458984375,368.3623046875
images/ISPY2_900959/ISPY2_900959_0005.nii.gz,276.7664794921875,450.41534423828125
images/ISPY2_900959/ISPY2_900959_0002.nii.gz,258.0636901855469,418.79534912109375
images/ISPY2_900959/ISPY2_900959_0003.nii.gz,267.73675537109375,439.13616943359375
images/ISPY2_900959/ISPY2_900959_0004.nii.gz,271.75042724609375,445.207275390625
images/ISPY2_901705/ISPY2_901705_0003.nii.gz,376.2558288574219,417.0208740234375
images/ISPY2_901705/ISPY2_901705_0001.nii.gz,343.9679260253906,395.33575439453125
images/ISPY2_901705/ISPY2_901705_0004.nii.gz,381.8048400878906,427.9876403808594
images/ISPY2_901705/ISPY2_901705_0002.nii.gz,375.6325378417969,410.81732177734375
images/ISPY2_901705/ISPY2_901705_0005.nii.gz,382.0168151855469,417.2124328613281
images/ISPY2_903880/ISPY2_903880_0005.nii.gz,295.5207214355469,329.437255859375
images/ISPY2_903880/ISPY2_903880_0004.nii.gz,289.28851318359375,322.7919921875
images/ISPY2_903880/ISPY2_903880_0002.nii.gz,268.54461669921875,304.7496643066406
images/ISPY2_903880/ISPY2_903880_0003.nii.gz,280.0919189453125,317.0005798339844
images/ISPY2_903880/ISPY2_903880_0001.nii.gz,244.6074676513672,278.629638671875
images/ISPY2_904269/ISPY2_904269_0004.nii.gz,152.8805694580078,142.7569580078125
images/ISPY2_904269/ISPY2_904269_0005.nii.gz,156.28797912597656,145.30630493164062
images/ISPY2_904269/ISPY2_904269_0001.nii.gz,145.81712341308594,158.6079864501953
images/ISPY2_904269/ISPY2_904269_0002.nii.gz,156.7592315673828,157.58367919921875
images/ISPY2_904269/ISPY2_904269_0003.nii.gz,157.9261932373047,152.6316680908203
images/ISPY2_905264/ISPY2_905264_0005.nii.gz,413.84246826171875,448.13226318359375
images/ISPY2_905264/ISPY2_905264_0003.nii.gz,413.93634033203125,454.0045471191406
images/ISPY2_905264/ISPY2_905264_0004.nii.gz,414.98004150390625,455.7459716796875
images/ISPY2_905264/ISPY2_905264_0001.nii.gz,402.5484313964844,459.3082580566406
images/ISPY2_905264/ISPY2_905264_0002.nii.gz,410.8246154785156,459.0374450683594
images/ISPY2_906042/ISPY2_906042_0001.nii.gz,64.44432830810547,49.654537200927734
images/ISPY2_906042/ISPY2_906042_0002.nii.gz,76.07267761230469,63.576236724853516
images/ISPY2_906042/ISPY2_906042_0004.nii.gz,84.43238830566406,71.0434341430664
images/ISPY2_906042/ISPY2_906042_0005.nii.gz,85.8456802368164,72.96442413330078
images/ISPY2_906042/ISPY2_906042_0003.nii.gz,81.572265625,68.79792785644531
images/ISPY2_906795/ISPY2_906795_0002.nii.gz,520.8109130859375,445.9087829589844
images/ISPY2_906795/ISPY2_906795_0003.nii.gz,513.2207641601562,423.7176818847656
images/ISPY2_906795/ISPY2_906795_0004.nii.gz,504.16668701171875,407.8560485839844
images/ISPY2_906795/ISPY2_906795_0005.nii.gz,492.343505859375,393.8100280761719
images/ISPY2_906795/ISPY2_906795_0001.nii.gz,447.175048828125,390.40283203125
images/ISPY2_910188/ISPY2_910188_0003.nii.gz,48.76457977294922,56.429073333740234
images/ISPY2_910188/ISPY2_910188_0002.nii.gz,48.89695358276367,56.428123474121094
images/ISPY2_910188/ISPY2_910188_0005.nii.gz,48.87201690673828,57.098121643066406
images/ISPY2_910188/ISPY2_910188_0001.nii.gz,46.11723709106445,52.23275375366211
images/ISPY2_910188/ISPY2_910188_0004.nii.gz,48.573524475097656,56.46953201293945
images/ISPY2_910706/ISPY2_910706_0004.nii.gz,44.819618225097656,53.461769104003906
images/ISPY2_910706/ISPY2_910706_0005.nii.gz,44.46514129638672,52.484519958496094
images/ISPY2_910706/ISPY2_910706_0001.nii.gz,43.56426239013672,52.011329650878906
images/ISPY2_910706/ISPY2_910706_0002.nii.gz,45.92536926269531,56.880653381347656
images/ISPY2_910706/ISPY2_910706_0003.nii.gz,45.477012634277344,54.9621467590332
images/ISPY2_912836/ISPY2_912836_0005.nii.gz,97.5652847290039,131.39447021484375
images/ISPY2_912836/ISPY2_912836_0001.nii.gz,95.77167510986328,148.07728576660156
images/ISPY2_912836/ISPY2_912836_0002.nii.gz,91.10462188720703,126.54618072509766
images/ISPY2_912836/ISPY2_912836_0004.nii.gz,97.3502426147461,134.9193115234375
images/ISPY2_912836/ISPY2_912836_0003.nii.gz,98.6501235961914,138.6393280029297
images/ISPY2_913225/ISPY2_913225_0004.nii.gz,111.74495697021484,134.8003387451172
images/ISPY2_913225/ISPY2_913225_0001.nii.gz,112.51092529296875,143.203369140625
images/ISPY2_913225/ISPY2_913225_0002.nii.gz,113.50682067871094,139.37521362304688
images/ISPY2_913225/ISPY2_913225_0005.nii.gz,112.97481536865234,134.24598693847656
images/ISPY2_913225/ISPY2_913225_0003.nii.gz,113.46324157714844,137.7748260498047
images/ISPY2_913527/ISPY2_913527_0001.nii.gz,120.93070220947266,168.34814453125
images/ISPY2_913527/ISPY2_913527_0003.nii.gz,124.69164276123047,158.59463500976562
images/ISPY2_913527/ISPY2_913527_0002.nii.gz,123.03448486328125,158.95849609375
images/ISPY2_913527/ISPY2_913527_0005.nii.gz,121.25792694091797,147.98011779785156
images/ISPY2_913527/ISPY2_913527_0004.nii.gz,125.20748138427734,154.35792541503906
images/ISPY2_914968/ISPY2_914968_0003.nii.gz,600.7703247070312,509.4903259277344
images/ISPY2_914968/ISPY2_914968_0004.nii.gz,617.09912109375,511.0108337402344
images/ISPY2_914968/ISPY2_914968_0002.nii.gz,577.7730712890625,505.68115234375
images/ISPY2_914968/ISPY2_914968_0005.nii.gz,629.4539794921875,510.3513488769531
images/ISPY2_914968/ISPY2_914968_0001.nii.gz,480.8268737792969,416.2007751464844
images/ISPY2_916586/ISPY2_916586_0003.nii.gz,24.36191177368164,44.02798843383789
images/ISPY2_916586/ISPY2_916586_0004.nii.gz,24.248598098754883,44.29246520996094
images/ISPY2_916586/ISPY2_916586_0002.nii.gz,23.590057373046875,42.54750442504883
images/ISPY2_916586/ISPY2_916586_0005.nii.gz,23.986024856567383,44.267147064208984
images/ISPY2_916586/ISPY2_916586_0001.nii.gz,23.359588623046875,40.82304763793945
images/ISPY2_916645/ISPY2_916645_0002.nii.gz,78.90418243408203,100.09608459472656
images/ISPY2_916645/ISPY2_916645_0003.nii.gz,78.57048034667969,97.80812072753906
images/ISPY2_916645/ISPY2_916645_0004.nii.gz,79.55760955810547,98.63469696044922
images/ISPY2_916645/ISPY2_916645_0001.nii.gz,77.49417877197266,99.49362182617188
images/ISPY2_916645/ISPY2_916645_0005.nii.gz,79.94739532470703,98.46694946289062
images/ISPY2_917762/ISPY2_917762_0001.nii.gz,406.6134338378906,475.4877014160156
images/ISPY2_917762/ISPY2_917762_0003.nii.gz,419.6693115234375,475.9328918457031
images/ISPY2_917762/ISPY2_917762_0002.nii.gz,411.66607666015625,467.6307373046875
images/ISPY2_917762/ISPY2_917762_0004.nii.gz,416.1197814941406,470.8576965332031
images/ISPY2_917762/ISPY2_917762_0005.nii.gz,406.2342834472656,455.8630676269531
images/ISPY2_918979/ISPY2_918979_0003.nii.gz,478.91845703125,434.6896057128906
images/ISPY2_918979/ISPY2_918979_0004.nii.gz,479.15545654296875,424.8319091796875
images/ISPY2_918979/ISPY2_918979_0002.nii.gz,474.66217041015625,440.8442687988281
images/ISPY2_918979/ISPY2_918979_0001.nii.gz,470.2763977050781,499.3909912109375
images/ISPY2_918979/ISPY2_918979_0005.nii.gz,496.50537109375,439.13800048828125
images/ISPY2_920479/ISPY2_920479_0003.nii.gz,32.02592086791992,45.225589752197266
images/ISPY2_920479/ISPY2_920479_0004.nii.gz,32.643314361572266,45.83294677734375
images/ISPY2_920479/ISPY2_920479_0002.nii.gz,30.141942977905273,43.60466766357422
images/ISPY2_920479/ISPY2_920479_0001.nii.gz,26.589704513549805,40.617069244384766
images/ISPY2_920479/ISPY2_920479_0005.nii.gz,32.07621765136719,45.6544303894043
images/ISPY2_922872/ISPY2_922872_0001.nii.gz,260.2760009765625,293.95660400390625
images/ISPY2_922872/ISPY2_922872_0002.nii.gz,277.72821044921875,308.4670104980469
images/ISPY2_922872/ISPY2_922872_0003.nii.gz,287.6895751953125,313.5249938964844
images/ISPY2_922872/ISPY2_922872_0004.nii.gz,295.5312194824219,318.5140380859375
images/ISPY2_922872/ISPY2_922872_0005.nii.gz,285.5662841796875,310.4258117675781
images/ISPY2_923968/ISPY2_923968_0002.nii.gz,54.79286575317383,68.83132934570312
images/ISPY2_923968/ISPY2_923968_0004.nii.gz,55.21824264526367,71.5440444946289
images/ISPY2_923968/ISPY2_923968_0001.nii.gz,50.983882904052734,61.00245666503906
images/ISPY2_923968/ISPY2_923968_0003.nii.gz,55.22726821899414,69.96229553222656
images/ISPY2_923968/ISPY2_923968_0005.nii.gz,56.09171676635742,72.50955963134766
images/ISPY2_924071/ISPY2_924071_0005.nii.gz,231.7871856689453,204.39772033691406
images/ISPY2_924071/ISPY2_924071_0004.nii.gz,231.9532012939453,204.1151123046875
images/ISPY2_924071/ISPY2_924071_0001.nii.gz,216.59388732910156,188.82211303710938
images/ISPY2_924071/ISPY2_924071_0003.nii.gz,231.2340545654297,203.26687622070312
images/ISPY2_924071/ISPY2_924071_0002.nii.gz,231.239990234375,202.96397399902344
images/ISPY2_924812/ISPY2_924812_0001.nii.gz,585.5341796875,578.0343627929688
images/ISPY2_924812/ISPY2_924812_0005.nii.gz,565.7596435546875,479.75335693359375
images/ISPY2_924812/ISPY2_924812_0004.nii.gz,573.3158569335938,493.0321960449219
images/ISPY2_924812/ISPY2_924812_0003.nii.gz,578.5910034179688,513.6527099609375
images/ISPY2_924812/ISPY2_924812_0002.nii.gz,593.2296142578125,556.2408447265625
images/ISPY2_924868/ISPY2_924868_0001.nii.gz,54.042640686035156,74.1437759399414
images/ISPY2_924868/ISPY2_924868_0005.nii.gz,63.90509033203125,81.91853332519531
images/ISPY2_924868/ISPY2_924868_0002.nii.gz,63.688270568847656,90.88713836669922
images/ISPY2_924868/ISPY2_924868_0004.nii.gz,62.220115661621094,82.26668548583984
images/ISPY2_924868/ISPY2_924868_0003.nii.gz,64.32230377197266,87.00662231445312
images/ISPY2_924895/ISPY2_924895_0005.nii.gz,395.10009765625,541.6033325195312
images/ISPY2_924895/ISPY2_924895_0001.nii.gz,300.2664489746094,415.2427673339844
images/ISPY2_924895/ISPY2_924895_0004.nii.gz,382.7098083496094,524.8937377929688
images/ISPY2_924895/ISPY2_924895_0002.nii.gz,350.4237365722656,482.0572814941406
images/ISPY2_924895/ISPY2_924895_0003.nii.gz,368.1309814453125,507.4932556152344
images/ISPY2_925691/ISPY2_925691_0003.nii.gz,272.2052917480469,260.376953125
images/ISPY2_925691/ISPY2_925691_0001.nii.gz,261.28594970703125,233.90184020996094
images/ISPY2_925691/ISPY2_925691_0004.nii.gz,274.1747131347656,267.1995849609375
images/ISPY2_925691/ISPY2_925691_0002.nii.gz,253.80555725097656,249.44615173339844
images/ISPY2_925691/ISPY2_925691_0005.nii.gz,301.5547180175781,283.1051940917969
images/ISPY2_928170/ISPY2_928170_0004.nii.gz,258.9343566894531,269.5110778808594
images/ISPY2_928170/ISPY2_928170_0005.nii.gz,258.91326904296875,270.7703857421875
images/ISPY2_928170/ISPY2_928170_0003.nii.gz,266.7635498046875,280.85748291015625
images/ISPY2_928170/ISPY2_928170_0002.nii.gz,275.7934265136719,304.8253173828125
images/ISPY2_928170/ISPY2_928170_0001.nii.gz,260.9593811035156,293.4161071777344
images/ISPY2_928446/ISPY2_928446_0002.nii.gz,293.99365234375,389.2887878417969
images/ISPY2_928446/ISPY2_928446_0001.nii.gz,240.72900390625,316.9132995605469
images/ISPY2_928446/ISPY2_928446_0004.nii.gz,307.9081726074219,404.874755859375
images/ISPY2_928446/ISPY2_928446_0003.nii.gz,303.5170593261719,400.5916442871094
images/ISPY2_928446/ISPY2_928446_0005.nii.gz,309.32257080078125,407.96246337890625
images/ISPY2_928815/ISPY2_928815_0002.nii.gz,203.10977172851562,229.1630859375
images/ISPY2_928815/ISPY2_928815_0005.nii.gz,207.3626251220703,228.1748504638672
images/ISPY2_928815/ISPY2_928815_0001.nii.gz,188.65005493164062,211.21453857421875
images/ISPY2_928815/ISPY2_928815_0003.nii.gz,203.5738525390625,226.17507934570312
images/ISPY2_928815/ISPY2_928815_0004.nii.gz,207.83477783203125,230.26210021972656
images/ISPY2_929391/ISPY2_929391_0001.nii.gz,270.9345703125,308.9895324707031
images/ISPY2_929391/ISPY2_929391_0002.nii.gz,274.435791015625,306.935791015625
images/ISPY2_929391/ISPY2_929391_0004.nii.gz,276.4621887207031,304.6612854003906
images/ISPY2_929391/ISPY2_929391_0005.nii.gz,278.8331298828125,307.4838562011719
images/ISPY2_929391/ISPY2_929391_0003.nii.gz,283.6542663574219,313.3222351074219
images/ISPY2_929980/ISPY2_929980_0005.nii.gz,319.3025817871094,338.2970886230469
images/ISPY2_929980/ISPY2_929980_0002.nii.gz,349.7132568359375,390.3773193359375
images/ISPY2_929980/ISPY2_929980_0003.nii.gz,329.4540710449219,360.4151611328125
images/ISPY2_929980/ISPY2_929980_0001.nii.gz,353.682373046875,396.26153564453125
images/ISPY2_929980/ISPY2_929980_0004.nii.gz,321.57177734375,347.7012939453125
images/ISPY2_930172/ISPY2_930172_0001.nii.gz,363.774169921875,537.4058837890625
images/ISPY2_930172/ISPY2_930172_0002.nii.gz,395.715576171875,594.2191772460938
images/ISPY2_930172/ISPY2_930172_0004.nii.gz,418.0120544433594,623.9405517578125
images/ISPY2_930172/ISPY2_930172_0003.nii.gz,411.4369812011719,614.2328491210938
images/ISPY2_930853/ISPY2_930853_0001.nii.gz,139.3811492919922,204.7892608642578
images/ISPY2_930853/ISPY2_930853_0003.nii.gz,148.7937469482422,197.80868530273438
images/ISPY2_930853/ISPY2_930853_0004.nii.gz,149.22691345214844,196.2807159423828
images/ISPY2_930853/ISPY2_930853_0002.nii.gz,148.12266540527344,203.9438934326172
images/ISPY2_930853/ISPY2_930853_0005.nii.gz,149.81373596191406,196.3498992919922
images/ISPY2_930903/ISPY2_930903_0004.nii.gz,412.0193786621094,548.5645141601562
images/ISPY2_930903/ISPY2_930903_0005.nii.gz,414.1878356933594,554.2960205078125
images/ISPY2_930903/ISPY2_930903_0002.nii.gz,387.71014404296875,516.2941284179688
images/ISPY2_930903/ISPY2_930903_0003.nii.gz,398.0298156738281,525.3220825195312
images/ISPY2_930903/ISPY2_930903_0001.nii.gz,356.2557067871094,469.3841552734375
images/ISPY2_932200/ISPY2_932200_0005.nii.gz,189.73240661621094,196.2875213623047
images/ISPY2_932200/ISPY2_932200_0004.nii.gz,183.0160369873047,192.68539428710938
images/ISPY2_932200/ISPY2_932200_0003.nii.gz,193.1576690673828,202.57998657226562
images/ISPY2_932200/ISPY2_932200_0002.nii.gz,183.91651916503906,200.60714721679688
images/ISPY2_932200/ISPY2_932200_0001.nii.gz,168.47488403320312,195.7117156982422
images/ISPY2_934459/ISPY2_934459_0004.nii.gz,61.79484939575195,81.48917388916016
images/ISPY2_934459/ISPY2_934459_0001.nii.gz,53.40835189819336,68.47462463378906
images/ISPY2_934459/ISPY2_934459_0003.nii.gz,60.49449920654297,80.46360778808594
images/ISPY2_934459/ISPY2_934459_0005.nii.gz,61.722320556640625,81.52532958984375
images/ISPY2_934459/ISPY2_934459_0002.nii.gz,58.69242858886719,78.76753234863281
images/ISPY2_934906/ISPY2_934906_0003.nii.gz,38.67927169799805,51.42096710205078
images/ISPY2_934906/ISPY2_934906_0005.nii.gz,40.852806091308594,53.346439361572266
images/ISPY2_934906/ISPY2_934906_0004.nii.gz,39.75132369995117,52.477291107177734
images/ISPY2_934906/ISPY2_934906_0002.nii.gz,36.61835861206055,49.7980842590332
images/ISPY2_934906/ISPY2_934906_0001.nii.gz,31.438077926635742,43.985416412353516
images/ISPY2_935460/ISPY2_935460_0005.nii.gz,81.03067779541016,101.43647766113281
images/ISPY2_935460/ISPY2_935460_0003.nii.gz,80.66503143310547,104.85304260253906
images/ISPY2_935460/ISPY2_935460_0001.nii.gz,76.8024673461914,110.28820037841797
images/ISPY2_935460/ISPY2_935460_0004.nii.gz,80.54361724853516,101.59737396240234
images/ISPY2_935460/ISPY2_935460_0002.nii.gz,80.45731353759766,108.89097595214844
images/ISPY2_938719/ISPY2_938719_0004.nii.gz,369.68438720703125,423.97283935546875
images/ISPY2_938719/ISPY2_938719_0001.nii.gz,325.3466796875,377.9405212402344
images/ISPY2_938719/ISPY2_938719_0003.nii.gz,364.42974853515625,416.7039794921875
images/ISPY2_938719/ISPY2_938719_0002.nii.gz,355.9139709472656,409.3899841308594
images/ISPY2_938719/ISPY2_938719_0005.nii.gz,370.11944580078125,424.9108581542969
images/ISPY2_940186/ISPY2_940186_0002.nii.gz,248.03868103027344,284.4947814941406
images/ISPY2_940186/ISPY2_940186_0003.nii.gz,254.85218811035156,294.4642639160156
images/ISPY2_940186/ISPY2_940186_0005.nii.gz,255.97265625,295.6229553222656
images/ISPY2_940186/ISPY2_940186_0004.nii.gz,255.77919006347656,294.4749450683594
images/ISPY2_940186/ISPY2_940186_0001.nii.gz,239.07855224609375,278.4869689941406
images/ISPY2_941191/ISPY2_941191_0004.nii.gz,480.9619140625,511.00128173828125
images/ISPY2_941191/ISPY2_941191_0003.nii.gz,479.55303955078125,510.9548645019531
images/ISPY2_941191/ISPY2_941191_0002.nii.gz,476.1997375488281,509.2651672363281
images/ISPY2_941191/ISPY2_941191_0001.nii.gz,468.9614562988281,513.1207275390625
images/ISPY2_941191/ISPY2_941191_0005.nii.gz,472.97235107421875,503.4583740234375
images/ISPY2_941926/ISPY2_941926_0005.nii.gz,660.6946411132812,817.5138549804688
images/ISPY2_941926/ISPY2_941926_0001.nii.gz,571.1090087890625,714.4664306640625
images/ISPY2_941926/ISPY2_941926_0004.nii.gz,655.485107421875,813.266845703125
images/ISPY2_941926/ISPY2_941926_0002.nii.gz,619.6949462890625,788.4446411132812
images/ISPY2_941926/ISPY2_941926_0003.nii.gz,636.26953125,807.5391845703125
images/ISPY2_942017/ISPY2_942017_0005.nii.gz,391.7700500488281,453.68719482421875
images/ISPY2_942017/ISPY2_942017_0004.nii.gz,384.71771240234375,447.2384338378906
images/ISPY2_942017/ISPY2_942017_0001.nii.gz,342.5277404785156,434.8236389160156
images/ISPY2_942017/ISPY2_942017_0002.nii.gz,358.57098388671875,429.9802551269531
images/ISPY2_942017/ISPY2_942017_0003.nii.gz,370.36273193359375,438.86273193359375
images/ISPY2_943633/ISPY2_943633_0002.nii.gz,282.0262145996094,329.6355285644531
images/ISPY2_943633/ISPY2_943633_0001.nii.gz,267.6288757324219,312.3052673339844
images/ISPY2_943633/ISPY2_943633_0003.nii.gz,275.716796875,311.80242919921875
images/ISPY2_943633/ISPY2_943633_0004.nii.gz,288.1246032714844,328.4761047363281
images/ISPY2_943633/ISPY2_943633_0005.nii.gz,277.7449035644531,304.5339660644531
images/ISPY2_943879/ISPY2_943879_0004.nii.gz,512.6780395507812,770.9451293945312
images/ISPY2_943879/ISPY2_943879_0001.nii.gz,425.3254699707031,642.450439453125
images/ISPY2_943879/ISPY2_943879_0005.nii.gz,523.7493286132812,787.4843139648438
images/ISPY2_943879/ISPY2_943879_0002.nii.gz,476.4226989746094,716.8201293945312
images/ISPY2_943879/ISPY2_943879_0003.nii.gz,499.3706970214844,749.9464721679688
images/ISPY2_944419/ISPY2_944419_0001.nii.gz,56.8146858215332,70.03929901123047
images/ISPY2_944419/ISPY2_944419_0003.nii.gz,80.88198852539062,115.52494049072266
images/ISPY2_944419/ISPY2_944419_0002.nii.gz,78.77949523925781,115.14177703857422
images/ISPY2_944419/ISPY2_944419_0004.nii.gz,78.78462982177734,106.42134857177734
images/ISPY2_944419/ISPY2_944419_0005.nii.gz,81.00202178955078,109.3332748413086
images/ISPY2_944536/ISPY2_944536_0001.nii.gz,229.96194458007812,326.0205383300781
images/ISPY2_944536/ISPY2_944536_0003.nii.gz,205.3115997314453,265.8343811035156
images/ISPY2_944536/ISPY2_944536_0002.nii.gz,212.35220336914062,282.1941223144531
images/ISPY2_944536/ISPY2_944536_0004.nii.gz,196.851806640625,245.53359985351562
images/ISPY2_944536/ISPY2_944536_0005.nii.gz,194.8003692626953,238.99905395507812
images/ISPY2_946927/ISPY2_946927_0005.nii.gz,100.01009368896484,139.17108154296875
images/ISPY2_946927/ISPY2_946927_0004.nii.gz,98.12277221679688,137.19976806640625
images/ISPY2_946927/ISPY2_946927_0002.nii.gz,89.97565460205078,128.88632202148438
images/ISPY2_946927/ISPY2_946927_0001.nii.gz,78.65076446533203,114.10714721679688
images/ISPY2_946927/ISPY2_946927_0003.nii.gz,94.35969543457031,133.40957641601562
images/ISPY2_947398/ISPY2_947398_0004.nii.gz,133.42141723632812,173.7150421142578
images/ISPY2_947398/ISPY2_947398_0003.nii.gz,131.94769287109375,173.4878387451172
images/ISPY2_947398/ISPY2_947398_0005.nii.gz,134.47975158691406,172.7977752685547
images/ISPY2_947398/ISPY2_947398_0001.nii.gz,132.44696044921875,198.3755645751953
images/ISPY2_947398/ISPY2_947398_0002.nii.gz,133.19293212890625,180.85247802734375
images/ISPY2_949444/ISPY2_949444_0005.nii.gz,219.4141845703125,276.7720031738281
images/ISPY2_949444/ISPY2_949444_0004.nii.gz,223.77410888671875,285.90777587890625
images/ISPY2_949444/ISPY2_949444_0001.nii.gz,209.6567840576172,286.7920227050781
images/ISPY2_949444/ISPY2_949444_0002.nii.gz,220.60801696777344,287.7730712890625
images/ISPY2_949444/ISPY2_949444_0003.nii.gz,225.26010131835938,291.0001525878906
images/ISPY2_950131/ISPY2_950131_0002.nii.gz,50.52128219604492,57.009498596191406
images/ISPY2_950131/ISPY2_950131_0003.nii.gz,50.45063018798828,57.84132766723633
images/ISPY2_950131/ISPY2_950131_0004.nii.gz,51.31944274902344,58.563133239746094
images/ISPY2_950131/ISPY2_950131_0001.nii.gz,49.11271286010742,57.069400787353516
images/ISPY2_950131/ISPY2_950131_0005.nii.gz,50.431617736816406,58.10786819458008
images/ISPY2_950742/ISPY2_950742_0001.nii.gz,389.92822265625,603.0692749023438
images/ISPY2_950742/ISPY2_950742_0002.nii.gz,440.3533630371094,667.2654418945312
images/ISPY2_950742/ISPY2_950742_0005.nii.gz,492.044189453125,740.50732421875
images/ISPY2_950742/ISPY2_950742_0003.nii.gz,473.2181396484375,695.5330200195312
images/ISPY2_950742/ISPY2_950742_0004.nii.gz,479.5535583496094,721.360107421875
images/ISPY2_953262/ISPY2_953262_0003.nii.gz,70.3434066772461,97.37419128417969
images/ISPY2_953262/ISPY2_953262_0002.nii.gz,70.4149398803711,95.91452026367188
images/ISPY2_953262/ISPY2_953262_0005.nii.gz,71.48725891113281,100.66524505615234
images/ISPY2_953262/ISPY2_953262_0001.nii.gz,65.78262329101562,86.85502624511719
images/ISPY2_953262/ISPY2_953262_0004.nii.gz,71.18733215332031,99.43964385986328
images/ISPY2_953885/ISPY2_953885_0002.nii.gz,442.08148193359375,593.3804321289062
images/ISPY2_953885/ISPY2_953885_0005.nii.gz,452.708251953125,604.3999633789062
images/ISPY2_953885/ISPY2_953885_0004.nii.gz,442.94464111328125,595.79541015625
images/ISPY2_953885/ISPY2_953885_0003.nii.gz,441.1517639160156,596.7097778320312
images/ISPY2_953885/ISPY2_953885_0001.nii.gz,420.928955078125,573.3455200195312
images/ISPY2_955035/ISPY2_955035_0002.nii.gz,277.7002868652344,292.9093017578125
images/ISPY2_955035/ISPY2_955035_0001.nii.gz,271.747802734375,283.63397216796875
images/ISPY2_955035/ISPY2_955035_0005.nii.gz,276.49505615234375,286.9101257324219
images/ISPY2_955035/ISPY2_955035_0004.nii.gz,274.90545654296875,284.9194030761719
images/ISPY2_955035/ISPY2_955035_0003.nii.gz,281.6472473144531,297.4300842285156
images/ISPY2_955953/ISPY2_955953_0002.nii.gz,28.81438636779785,41.216331481933594
images/ISPY2_955953/ISPY2_955953_0005.nii.gz,29.0076904296875,42.23044967651367
images/ISPY2_955953/ISPY2_955953_0004.nii.gz,28.870899200439453,41.902984619140625
images/ISPY2_955953/ISPY2_955953_0003.nii.gz,28.859811782836914,41.59848403930664
images/ISPY2_955953/ISPY2_955953_0001.nii.gz,28.270217895507812,39.5754508972168
images/ISPY2_957408/ISPY2_957408_0002.nii.gz,242.51499938964844,262.5793762207031
images/ISPY2_957408/ISPY2_957408_0005.nii.gz,247.9311065673828,269.44537353515625
images/ISPY2_957408/ISPY2_957408_0004.nii.gz,245.9010467529297,267.75164794921875
images/ISPY2_957408/ISPY2_957408_0001.nii.gz,243.7762908935547,265.9530029296875
images/ISPY2_957408/ISPY2_957408_0003.nii.gz,246.02597045898438,265.6079406738281
images/ISPY2_959366/ISPY2_959366_0005.nii.gz,67.73607635498047,88.09156036376953
images/ISPY2_959366/ISPY2_959366_0004.nii.gz,67.75753784179688,88.1363296508789
images/ISPY2_959366/ISPY2_959366_0002.nii.gz,67.60209655761719,86.85643005371094
images/ISPY2_959366/ISPY2_959366_0001.nii.gz,65.02957916259766,82.4393310546875
images/ISPY2_959366/ISPY2_959366_0003.nii.gz,67.64142608642578,87.5413818359375
images/ISPY2_960029/ISPY2_960029_0002.nii.gz,98.48328399658203,146.84568786621094
images/ISPY2_960029/ISPY2_960029_0003.nii.gz,102.0037612915039,146.958740234375
images/ISPY2_960029/ISPY2_960029_0005.nii.gz,100.71174621582031,139.7811279296875
images/ISPY2_960029/ISPY2_960029_0001.nii.gz,97.88282012939453,159.20506286621094
images/ISPY2_960029/ISPY2_960029_0004.nii.gz,101.55130004882812,144.13784790039062
images/ISPY2_960490/ISPY2_960490_0005.nii.gz,42.057151794433594,82.2079849243164
images/ISPY2_960490/ISPY2_960490_0003.nii.gz,41.38762664794922,78.69065856933594
images/ISPY2_960490/ISPY2_960490_0002.nii.gz,41.37810134887695,76.82242584228516
images/ISPY2_960490/ISPY2_960490_0001.nii.gz,38.43659591674805,68.0708999633789
images/ISPY2_960490/ISPY2_960490_0004.nii.gz,41.710784912109375,80.29261016845703
images/ISPY2_960963/ISPY2_960963_0004.nii.gz,411.9134521484375,499.508056640625
images/ISPY2_960963/ISPY2_960963_0003.nii.gz,410.53338623046875,523.188720703125
images/ISPY2_960963/ISPY2_960963_0005.nii.gz,413.9414978027344,492.67431640625
images/ISPY2_960963/ISPY2_960963_0001.nii.gz,384.45709228515625,576.8978271484375
images/ISPY2_960963/ISPY2_960963_0002.nii.gz,409.96600341796875,549.4156494140625
images/ISPY2_962153/ISPY2_962153_0005.nii.gz,358.77978515625,482.0660400390625
images/ISPY2_962153/ISPY2_962153_0001.nii.gz,326.4207458496094,483.8548278808594
images/ISPY2_962153/ISPY2_962153_0004.nii.gz,351.4762878417969,482.1725769042969
images/ISPY2_962153/ISPY2_962153_0003.nii.gz,351.0884704589844,485.6885681152344
images/ISPY2_962153/ISPY2_962153_0002.nii.gz,353.3677673339844,510.71112060546875
images/ISPY2_962472/ISPY2_962472_0002.nii.gz,586.9610595703125,375.9495849609375
images/ISPY2_962472/ISPY2_962472_0001.nii.gz,587.1851196289062,377.89495849609375
images/ISPY2_962472/ISPY2_962472_0004.nii.gz,587.2970581054688,366.2135925292969
images/ISPY2_962472/ISPY2_962472_0005.nii.gz,584.650634765625,366.5841064453125
images/ISPY2_962472/ISPY2_962472_0003.nii.gz,585.3312377929688,367.5929870605469
images/ISPY2_962664/ISPY2_962664_0002.nii.gz,857.8342895507812,738.5941162109375
images/ISPY2_962664/ISPY2_962664_0005.nii.gz,874.3733520507812,726.8343505859375
images/ISPY2_962664/ISPY2_962664_0001.nii.gz,801.4644165039062,721.5332641601562
images/ISPY2_962664/ISPY2_962664_0004.nii.gz,873.8848266601562,733.2347412109375
images/ISPY2_962664/ISPY2_962664_0003.nii.gz,865.77734375,731.8042602539062
images/ISPY2_962827/ISPY2_962827_0002.nii.gz,438.37353515625,552.1333618164062
images/ISPY2_962827/ISPY2_962827_0003.nii.gz,431.44122314453125,537.1947631835938
images/ISPY2_962827/ISPY2_962827_0004.nii.gz,437.30987548828125,543.5811157226562
images/ISPY2_962827/ISPY2_962827_0005.nii.gz,437.6920471191406,545.5416259765625
images/ISPY2_962827/ISPY2_962827_0001.nii.gz,430.0054016113281,566.6710205078125
images/ISPY2_963303/ISPY2_963303_0004.nii.gz,134.93788146972656,199.8772735595703
images/ISPY2_963303/ISPY2_963303_0001.nii.gz,128.9306640625,210.71160888671875
images/ISPY2_963303/ISPY2_963303_0003.nii.gz,140.9889373779297,213.4566192626953
images/ISPY2_963303/ISPY2_963303_0002.nii.gz,135.3550262451172,211.12229919433594
images/ISPY2_963303/ISPY2_963303_0005.nii.gz,132.8350067138672,191.78883361816406
images/ISPY2_963604/ISPY2_963604_0002.nii.gz,350.3592529296875,350.32659912109375
images/ISPY2_963604/ISPY2_963604_0001.nii.gz,367.8502197265625,388.0003662109375
images/ISPY2_963604/ISPY2_963604_0005.nii.gz,343.5224914550781,332.190185546875
images/ISPY2_963604/ISPY2_963604_0003.nii.gz,356.527099609375,355.75860595703125
images/ISPY2_963604/ISPY2_963604_0004.nii.gz,350.7015686035156,344.4742736816406
images/ISPY2_965265/ISPY2_965265_0001.nii.gz,16.735794067382812,15.590493202209473
images/ISPY2_965265/ISPY2_965265_0002.nii.gz,18.189205169677734,16.81146812438965
images/ISPY2_965265/ISPY2_965265_0004.nii.gz,18.456464767456055,17.050743103027344
images/ISPY2_965265/ISPY2_965265_0003.nii.gz,18.444555282592773,17.006818771362305
images/ISPY2_965265/ISPY2_965265_0005.nii.gz,19.187986373901367,17.299036026000977
images/ISPY2_966016/ISPY2_966016_0005.nii.gz,295.89434814453125,301.17913818359375
images/ISPY2_966016/ISPY2_966016_0004.nii.gz,290.6974182128906,297.72296142578125
images/ISPY2_966016/ISPY2_966016_0001.nii.gz,252.59910583496094,261.5690612792969
images/ISPY2_966016/ISPY2_966016_0003.nii.gz,292.56182861328125,300.0343933105469
images/ISPY2_966016/ISPY2_966016_0002.nii.gz,281.7864685058594,290.5202941894531
images/ISPY2_970839/ISPY2_970839_0001.nii.gz,219.4289093017578,318.98907470703125
images/ISPY2_970839/ISPY2_970839_0003.nii.gz,223.0088348388672,295.1475524902344
images/ISPY2_970839/ISPY2_970839_0004.nii.gz,222.27256774902344,290.7026062011719
images/ISPY2_970839/ISPY2_970839_0002.nii.gz,225.72698974609375,307.3937683105469
images/ISPY2_970839/ISPY2_970839_0005.nii.gz,217.73291015625,282.421630859375
images/ISPY2_971492/ISPY2_971492_0004.nii.gz,580.4894409179688,851.1217651367188
images/ISPY2_971492/ISPY2_971492_0001.nii.gz,469.17626953125,662.7130126953125
images/ISPY2_971492/ISPY2_971492_0003.nii.gz,560.3134765625,823.4668579101562
images/ISPY2_971492/ISPY2_971492_0005.nii.gz,590.0772705078125,869.701171875
images/ISPY2_971492/ISPY2_971492_0002.nii.gz,534.4032592773438,775.8070068359375
images/ISPY2_972307/ISPY2_972307_0002.nii.gz,281.20965576171875,353.9813537597656
images/ISPY2_972307/ISPY2_972307_0001.nii.gz,267.4327087402344,329.5912170410156
images/ISPY2_972307/ISPY2_972307_0005.nii.gz,290.95440673828125,374.3093566894531
images/ISPY2_972307/ISPY2_972307_0004.nii.gz,294.5985107421875,373.23583984375
images/ISPY2_972307/ISPY2_972307_0003.nii.gz,286.9765319824219,363.6168212890625
images/ISPY2_973837/ISPY2_973837_0003.nii.gz,284.1192321777344,265.9941101074219
images/ISPY2_973837/ISPY2_973837_0004.nii.gz,285.5700378417969,264.964599609375
images/ISPY2_973837/ISPY2_973837_0002.nii.gz,280.25592041015625,264.26593017578125
images/ISPY2_973837/ISPY2_973837_0005.nii.gz,284.0894470214844,266.6460266113281
images/ISPY2_973837/ISPY2_973837_0001.nii.gz,228.25692749023438,207.92774963378906
images/ISPY2_974181/ISPY2_974181_0001.nii.gz,53.98663330078125,67.38799285888672
images/ISPY2_974181/ISPY2_974181_0005.nii.gz,57.2131462097168,78.70378112792969
images/ISPY2_974181/ISPY2_974181_0003.nii.gz,56.58023452758789,76.05874633789062
images/ISPY2_974181/ISPY2_974181_0002.nii.gz,56.014312744140625,73.17594909667969
images/ISPY2_974181/ISPY2_974181_0004.nii.gz,57.45013427734375,77.79786682128906
images/ISPY2_974618/ISPY2_974618_0004.nii.gz,244.15248107910156,267.6800842285156
images/ISPY2_974618/ISPY2_974618_0001.nii.gz,214.0353240966797,240.34268188476562
images/ISPY2_974618/ISPY2_974618_0005.nii.gz,233.70419311523438,255.52606201171875
images/ISPY2_974618/ISPY2_974618_0002.nii.gz,228.78662109375,253.91757202148438
images/ISPY2_974618/ISPY2_974618_0003.nii.gz,233.119384765625,258.212890625
images/ISPY2_981461/ISPY2_981461_0003.nii.gz,424.2033386230469,378.3582458496094
images/ISPY2_981461/ISPY2_981461_0001.nii.gz,340.29412841796875,302.1165466308594
images/ISPY2_981461/ISPY2_981461_0002.nii.gz,418.2271728515625,396.192138671875
images/ISPY2_981461/ISPY2_981461_0005.nii.gz,445.77740478515625,386.939453125
images/ISPY2_981461/ISPY2_981461_0004.nii.gz,436.5108337402344,380.0294494628906
images/ISPY2_981664/ISPY2_981664_0001.nii.gz,475.904052734375,367.5233459472656
images/ISPY2_981664/ISPY2_981664_0004.nii.gz,573.0308227539062,498.610595703125
images/ISPY2_981664/ISPY2_981664_0003.nii.gz,554.1256103515625,476.75067138671875
images/ISPY2_981664/ISPY2_981664_0002.nii.gz,528.2122802734375,448.1834411621094
images/ISPY2_981664/ISPY2_981664_0005.nii.gz,594.5121459960938,508.9084167480469
images/ISPY2_982086/ISPY2_982086_0002.nii.gz,156.9014129638672,215.73825073242188
images/ISPY2_982086/ISPY2_982086_0001.nii.gz,148.4671173095703,215.49803161621094
images/ISPY2_982086/ISPY2_982086_0005.nii.gz,152.87562561035156,201.2185516357422
images/ISPY2_982086/ISPY2_982086_0003.nii.gz,154.4331817626953,207.16973876953125
images/ISPY2_982086/ISPY2_982086_0004.nii.gz,154.04171752929688,202.37802124023438
images/ISPY2_982505/ISPY2_982505_0002.nii.gz,44.85823440551758,50.452659606933594
images/ISPY2_982505/ISPY2_982505_0001.nii.gz,41.78225326538086,46.162086486816406
images/ISPY2_982505/ISPY2_982505_0004.nii.gz,44.38801574707031,51.97920227050781
images/ISPY2_982505/ISPY2_982505_0003.nii.gz,44.08185577392578,50.97367477416992
images/ISPY2_982505/ISPY2_982505_0005.nii.gz,45.26342010498047,53.14445495605469
images/ISPY2_983841/ISPY2_983841_0002.nii.gz,285.02032470703125,487.2509765625
images/ISPY2_983841/ISPY2_983841_0004.nii.gz,292.0850830078125,486.9564208984375
images/ISPY2_983841/ISPY2_983841_0001.nii.gz,272.2056579589844,480.2295837402344
images/ISPY2_983841/ISPY2_983841_0005.nii.gz,292.2409973144531,489.3076477050781
images/ISPY2_983841/ISPY2_983841_0003.nii.gz,290.9928894042969,492.4468994140625
images/ISPY2_986734/ISPY2_986734_0003.nii.gz,419.70013427734375,387.84124755859375
images/ISPY2_986734/ISPY2_986734_0002.nii.gz,397.45733642578125,372.48272705078125
images/ISPY2_986734/ISPY2_986734_0001.nii.gz,322.42608642578125,277.9220275878906
images/ISPY2_986734/ISPY2_986734_0005.nii.gz,441.0121765136719,403.5985107421875
images/ISPY2_986734/ISPY2_986734_0004.nii.gz,431.6013488769531,397.5618591308594
images/ISPY2_987728/ISPY2_987728_0004.nii.gz,114.9893569946289,149.7103271484375
images/ISPY2_987728/ISPY2_987728_0003.nii.gz,110.06814575195312,143.48138427734375
images/ISPY2_987728/ISPY2_987728_0002.nii.gz,113.19602966308594,156.03257751464844
images/ISPY2_987728/ISPY2_987728_0005.nii.gz,112.73860168457031,142.05575561523438
images/ISPY2_987728/ISPY2_987728_0001.nii.gz,109.72645568847656,162.16323852539062
images/ISPY2_987914/ISPY2_987914_0004.nii.gz,172.1294403076172,160.60574340820312
images/ISPY2_987914/ISPY2_987914_0003.nii.gz,170.5662078857422,159.5897216796875
images/ISPY2_987914/ISPY2_987914_0001.nii.gz,149.45274353027344,138.8373260498047
images/ISPY2_987914/ISPY2_987914_0002.nii.gz,162.47300720214844,153.36660766601562
images/ISPY2_987914/ISPY2_987914_0005.nii.gz,172.19288635253906,163.26426696777344
images/ISPY2_987995/ISPY2_987995_0002.nii.gz,555.3134765625,475.3616027832031
images/ISPY2_987995/ISPY2_987995_0001.nii.gz,483.2718200683594,447.13336181640625
images/ISPY2_987995/ISPY2_987995_0005.nii.gz,551.2860717773438,453.67633056640625
images/ISPY2_987995/ISPY2_987995_0003.nii.gz,566.4004516601562,477.02874755859375
images/ISPY2_987995/ISPY2_987995_0004.nii.gz,557.4302978515625,461.1736755371094
images/ISPY2_988443/ISPY2_988443_0001.nii.gz,254.84317016601562,378.53350830078125
images/ISPY2_988443/ISPY2_988443_0002.nii.gz,271.21356201171875,380.5869140625
images/ISPY2_988443/ISPY2_988443_0003.nii.gz,276.85467529296875,387.1752624511719
images/ISPY2_988443/ISPY2_988443_0005.nii.gz,285.9062194824219,395.0382080078125
images/ISPY2_988443/ISPY2_988443_0004.nii.gz,290.779541015625,402.9497375488281
images/ISPY2_988665/ISPY2_988665_0004.nii.gz,356.80499267578125,406.4998779296875
images/ISPY2_988665/ISPY2_988665_0003.nii.gz,372.4102783203125,439.06097412109375
images/ISPY2_988665/ISPY2_988665_0002.nii.gz,340.52545166015625,402.02496337890625
images/ISPY2_988665/ISPY2_988665_0001.nii.gz,330.4377746582031,412.3335876464844
images/ISPY2_988665/ISPY2_988665_0005.nii.gz,382.1213073730469,444.2054138183594
images/ISPY2_990443/ISPY2_990443_0001.nii.gz,44.4601936340332,67.91017150878906
images/ISPY2_990443/ISPY2_990443_0004.nii.gz,51.58210754394531,76.56392669677734
images/ISPY2_990443/ISPY2_990443_0003.nii.gz,50.45184326171875,75.13850402832031
images/ISPY2_990443/ISPY2_990443_0005.nii.gz,52.29924774169922,77.35635375976562
images/ISPY2_990443/ISPY2_990443_0002.nii.gz,48.629112243652344,73.26551818847656
images/ISPY2_991818/ISPY2_991818_0001.nii.gz,551.2545776367188,711.1940307617188
images/ISPY2_991818/ISPY2_991818_0004.nii.gz,546.6129760742188,628.389892578125
images/ISPY2_991818/ISPY2_991818_0003.nii.gz,545.7562255859375,632.427001953125
images/ISPY2_991818/ISPY2_991818_0005.nii.gz,537.2212524414062,612.329833984375
images/ISPY2_991818/ISPY2_991818_0002.nii.gz,551.5884399414062,655.8760375976562
images/ISPY2_992609/ISPY2_992609_0001.nii.gz,525.85107421875,649.516845703125
images/ISPY2_992609/ISPY2_992609_0002.nii.gz,535.7617797851562,621.275634765625
images/ISPY2_992609/ISPY2_992609_0005.nii.gz,536.2857055664062,587.293212890625
images/ISPY2_992609/ISPY2_992609_0004.nii.gz,541.8561401367188,603.3909912109375
images/ISPY2_992609/ISPY2_992609_0003.nii.gz,543.1835327148438,614.0082397460938
images/ISPY2_994987/ISPY2_994987_0002.nii.gz,219.0752716064453,282.7669372558594
images/ISPY2_994987/ISPY2_994987_0005.nii.gz,212.99253845214844,253.54660034179688
images/ISPY2_994987/ISPY2_994987_0003.nii.gz,212.7643280029297,263.33233642578125
images/ISPY2_994987/ISPY2_994987_0004.nii.gz,199.36692810058594,247.00381469726562
images/ISPY2_994987/ISPY2_994987_0001.nii.gz,227.092041015625,289.974365234375
images/ISPY2_995480/ISPY2_995480_0005.nii.gz,82.05689239501953,105.58170318603516
images/ISPY2_995480/ISPY2_995480_0002.nii.gz,79.49747467041016,104.24811553955078
images/ISPY2_995480/ISPY2_995480_0001.nii.gz,76.92747497558594,106.00589752197266
images/ISPY2_995480/ISPY2_995480_0003.nii.gz,81.2012710571289,103.43244934082031
images/ISPY2_995480/ISPY2_995480_0004.nii.gz,81.73826599121094,104.55159759521484
images/ISPY2_997702/ISPY2_997702_0001.nii.gz,320.90716552734375,429.3738098144531
images/ISPY2_997702/ISPY2_997702_0004.nii.gz,361.8038635253906,472.8884582519531
images/ISPY2_997702/ISPY2_997702_0002.nii.gz,350.4952392578125,460.6861877441406
images/ISPY2_997702/ISPY2_997702_0005.nii.gz,358.245361328125,470.02685546875
images/ISPY2_997702/ISPY2_997702_0003.nii.gz,358.34832763671875,476.40435791015625
images/ISPY2_999264/ISPY2_999264_0005.nii.gz,234.49327087402344,224.1226348876953
images/ISPY2_999264/ISPY2_999264_0004.nii.gz,224.88308715820312,216.85821533203125
images/ISPY2_999264/ISPY2_999264_0003.nii.gz,222.191162109375,212.17774963378906
images/ISPY2_999264/ISPY2_999264_0001.nii.gz,197.99462890625,183.3962860107422
images/ISPY2_999264/ISPY2_999264_0002.nii.gz,222.26072692871094,209.2586669921875
images/ISPY2_999733/ISPY2_999733_0003.nii.gz,243.57008361816406,272.027099609375
images/ISPY2_999733/ISPY2_999733_0002.nii.gz,223.96783447265625,250.8574676513672
images/ISPY2_999733/ISPY2_999733_0004.nii.gz,249.16592407226562,272.78887939453125
images/ISPY2_999733/ISPY2_999733_0001.nii.gz,198.70413208007812,219.94082641601562
images/ISPY2_999733/ISPY2_999733_0005.nii.gz,260.13226318359375,283.27105712890625
images/NACT_01/NACT_01_0001.nii.gz,15.13458251953125,16.633371353149414
images/NACT_01/NACT_01_0002.nii.gz,15.5194673538208,17.560333251953125
images/NACT_02/NACT_02_0001.nii.gz,16.134763717651367,20.261474609375
images/NACT_02/NACT_02_0002.nii.gz,16.690078735351562,21.770292282104492
images/NACT_03/NACT_03_0002.nii.gz,21.787050247192383,24.199169158935547
images/NACT_03/NACT_03_0001.nii.gz,20.365676879882812,21.21449089050293
images/NACT_04/NACT_04_0001.nii.gz,17.286558151245117,19.736812591552734
images/NACT_04/NACT_04_0002.nii.gz,17.584667205810547,20.948131561279297
images/NACT_06/NACT_06_0001.nii.gz,14.337634086608887,16.9105167388916
images/NACT_06/NACT_06_0002.nii.gz,15.809597969055176,18.672325134277344
images/NACT_07/NACT_07_0002.nii.gz,22.169757843017578,28.126171112060547
images/NACT_07/NACT_07_0001.nii.gz,21.93585777282715,26.670869827270508
images/NACT_08/NACT_08_0002.nii.gz,19.804296493530273,21.837169647216797
images/NACT_08/NACT_08_0001.nii.gz,18.962596893310547,18.403156280517578
images/NACT_09/NACT_09_0002.nii.gz,287.8337707519531,322.4334716796875
images/NACT_09/NACT_09_0001.nii.gz,291.304443359375,322.5711364746094
images/NACT_11/NACT_11_0001.nii.gz,17.51116180419922,17.86268424987793
images/NACT_11/NACT_11_0002.nii.gz,18.09165382385254,20.159732818603516
images/NACT_12/NACT_12_0002.nii.gz,31.829442977905273,47.101966857910156
images/NACT_12/NACT_12_0001.nii.gz,28.650474548339844,41.618988037109375
images/NACT_13/NACT_13_0001.nii.gz,20.811931610107422,31.66466522216797
images/NACT_13/NACT_13_0002.nii.gz,21.610036849975586,33.85436248779297
images/NACT_14/NACT_14_0001.nii.gz,17.435836791992188,22.649333953857422
images/NACT_14/NACT_14_0002.nii.gz,17.828094482421875,24.264625549316406
images/NACT_15/NACT_15_0002.nii.gz,10.368024826049805,10.28133773803711
images/NACT_15/NACT_15_0001.nii.gz,10.120509147644043,9.759862899780273
images/NACT_17/NACT_17_0001.nii.gz,19.727767944335938,20.20368003845215
images/NACT_17/NACT_17_0002.nii.gz,19.50239372253418,20.33279800415039
images/NACT_18/NACT_18_0001.nii.gz,10.813801765441895,12.15577507019043
images/NACT_18/NACT_18_0002.nii.gz,16.040719985961914,20.431028366088867
images/NACT_18/NACT_18_0003.nii.gz,15.642777442932129,19.842201232910156
images/NACT_19/NACT_19_0001.nii.gz,15.045135498046875,17.7288818359375
images/NACT_19/NACT_19_0002.nii.gz,15.23878002166748,18.77543830871582
images/NACT_20/NACT_20_0001.nii.gz,19.19921112060547,20.075361251831055
images/NACT_20/NACT_20_0003.nii.gz,19.54410171508789,21.19601058959961
images/NACT_20/NACT_20_0002.nii.gz,19.160852432250977,20.393564224243164
images/NACT_21/NACT_21_0002.nii.gz,31.122718811035156,40.936004638671875
images/NACT_21/NACT_21_0001.nii.gz,29.632266998291016,36.75047302246094
images/NACT_22/NACT_22_0002.nii.gz,11.22944164276123,11.03342342376709
images/NACT_22/NACT_22_0001.nii.gz,11.280485153198242,10.780298233032227
images/NACT_23/NACT_23_0002.nii.gz,36.35359573364258,37.71335220336914
images/NACT_23/NACT_23_0001.nii.gz,33.96036911010742,33.23793029785156
images/NACT_23/NACT_23_0003.nii.gz,36.6917610168457,39.43120193481445
images/NACT_24/NACT_24_0002.nii.gz,20.57181167602539,19.933731079101562
images/NACT_24/NACT_24_0001.nii.gz,19.79835319519043,18.317964553833008
images/NACT_25/NACT_25_0001.nii.gz,31.935579299926758,42.24987030029297
images/NACT_25/NACT_25_0002.nii.gz,33.45703125,44.618316650390625
images/NACT_26/NACT_26_0002.nii.gz,22.774682998657227,25.1884708404541
images/NACT_26/NACT_26_0001.nii.gz,21.43767738342285,22.45648765563965
images/NACT_27/NACT_27_0001.nii.gz,14.673547744750977,16.39225196838379
images/NACT_27/NACT_27_0002.nii.gz,15.031023025512695,18.056394577026367
images/NACT_28/NACT_28_0002.nii.gz,17.63747787475586,21.460765838623047
images/NACT_28/NACT_28_0001.nii.gz,17.31143569946289,20.31276512145996
images/NACT_29/NACT_29_0001.nii.gz,10.51112174987793,15.21318244934082
images/NACT_29/NACT_29_0002.nii.gz,11.007001876831055,16.133054733276367
images/NACT_30/NACT_30_0002.nii.gz,25.676252365112305,38.596736907958984
images/NACT_30/NACT_30_0001.nii.gz,24.878053665161133,37.850643157958984
images/NACT_31/NACT_31_0002.nii.gz,19.622684478759766,25.68247413635254
images/NACT_31/NACT_31_0001.nii.gz,18.43604850769043,23.243694305419922
images/NACT_32/NACT_32_0001.nii.gz,13.722936630249023,14.287022590637207
images/NACT_32/NACT_32_0002.nii.gz,14.896912574768066,16.6617488861084
images/NACT_33/NACT_33_0002.nii.gz,11.784201622009277,11.524890899658203
images/NACT_33/NACT_33_0001.nii.gz,11.649764060974121,11.003013610839844
images/NACT_34/NACT_34_0002.nii.gz,37.96037673950195,59.52069854736328
images/NACT_34/NACT_34_0001.nii.gz,37.75986862182617,59.233299255371094
images/NACT_35/NACT_35_0001.nii.gz,13.82612419128418,13.472030639648438
images/NACT_35/NACT_35_0002.nii.gz,14.07840347290039,14.248388290405273
images/NACT_36/NACT_36_0001.nii.gz,25.253881454467773,26.255090713500977
images/NACT_36/NACT_36_0002.nii.gz,26.64722442626953,29.651472091674805
images/NACT_36/NACT_36_0003.nii.gz,27.53330421447754,31.753253936767578
images/NACT_36/NACT_36_0004.nii.gz,26.53420639038086,30.89592170715332
images/NACT_37/NACT_37_0001.nii.gz,21.440067291259766,17.88111114501953
images/NACT_37/NACT_37_0002.nii.gz,22.93659210205078,20.215864181518555
images/NACT_39/NACT_39_0001.nii.gz,21.869081497192383,27.287416458129883
images/NACT_39/NACT_39_0002.nii.gz,24.262479782104492,31.900711059570312
images/NACT_40/NACT_40_0001.nii.gz,12.214917182922363,13.72460651397705
images/NACT_40/NACT_40_0002.nii.gz,12.180458068847656,14.750128746032715
images/NACT_41/NACT_41_0001.nii.gz,18.349227905273438,22.801929473876953
images/NACT_41/NACT_41_0002.nii.gz,18.8942813873291,24.463226318359375
images/NACT_42/NACT_42_0004.nii.gz,25.137516021728516,27.333477020263672
images/NACT_42/NACT_42_0003.nii.gz,24.669458389282227,26.67622184753418
images/NACT_42/NACT_42_0005.nii.gz,24.784103393554688,27.625938415527344
images/NACT_42/NACT_42_0002.nii.gz,24.753276824951172,25.67854118347168
images/NACT_42/NACT_42_0001.nii.gz,25.177608489990234,24.985666275024414
images/NACT_43/NACT_43_0002.nii.gz,19.406150817871094,22.342802047729492
images/NACT_43/NACT_43_0001.nii.gz,18.24860954284668,20.58120346069336
images/NACT_44/NACT_44_0002.nii.gz,16.48992347717285,21.63544464111328
images/NACT_44/NACT_44_0001.nii.gz,16.312850952148438,21.099756240844727
images/NACT_45/NACT_45_0002.nii.gz,23.254901885986328,30.985654830932617
images/NACT_45/NACT_45_0001.nii.gz,22.231985092163086,29.623788833618164
images/NACT_46/NACT_46_0001.nii.gz,17.444276809692383,16.631988525390625
images/NACT_46/NACT_46_0002.nii.gz,18.036945343017578,17.72203254699707
images/NACT_47/NACT_47_0002.nii.gz,12.610520362854004,13.500558853149414
images/NACT_47/NACT_47_0001.nii.gz,12.580307960510254,13.100308418273926
images/NACT_48/NACT_48_0002.nii.gz,28.48596954345703,30.809297561645508
images/NACT_48/NACT_48_0001.nii.gz,27.30597686767578,27.590429306030273
images/NACT_49/NACT_49_0002.nii.gz,12.229482650756836,14.2841215133667
images/NACT_49/NACT_49_0001.nii.gz,11.78369426727295,13.811487197875977
images/NACT_50/NACT_50_0002.nii.gz,19.466354370117188,19.77163314819336
images/NACT_50/NACT_50_0001.nii.gz,19.53069305419922,18.92470359802246
images/NACT_51/NACT_51_0002.nii.gz,31.37710189819336,40.02922821044922
images/NACT_51/NACT_51_0001.nii.gz,26.979116439819336,34.63652801513672
images/NACT_52/NACT_52_0001.nii.gz,30.426841735839844,41.44219207763672
images/NACT_52/NACT_52_0002.nii.gz,32.81855392456055,47.89381790161133
images/NACT_53/NACT_53_0002.nii.gz,12.900590896606445,18.66461181640625
images/NACT_53/NACT_53_0001.nii.gz,12.327609062194824,17.152034759521484
images/NACT_54/NACT_54_0001.nii.gz,22.95575714111328,31.169544219970703
images/NACT_54/NACT_54_0002.nii.gz,23.25261116027832,31.63338279724121
images/NACT_55/NACT_55_0002.nii.gz,20.356271743774414,30.07769203186035
images/NACT_55/NACT_55_0001.nii.gz,18.815889358520508,26.53612518310547
images/NACT_56/NACT_56_0001.nii.gz,13.187296867370605,15.073487281799316
images/NACT_56/NACT_56_0002.nii.gz,12.752062797546387,14.006091117858887
images/NACT_57/NACT_57_0001.nii.gz,15.513178825378418,22.51803970336914
images/NACT_57/NACT_57_0002.nii.gz,15.360047340393066,22.760948181152344
images/NACT_58/NACT_58_0001.nii.gz,34.26450729370117,43.424957275390625
images/NACT_58/NACT_58_0002.nii.gz,36.96687698364258,47.92000961303711
images/NACT_59/NACT_59_0001.nii.gz,13.297672271728516,14.116249084472656
images/NACT_59/NACT_59_0002.nii.gz,13.454317092895508,14.08124828338623
images/NACT_60/NACT_60_0001.nii.gz,11.566313743591309,15.507370948791504
images/NACT_60/NACT_60_0002.nii.gz,11.746546745300293,16.14981460571289
images/NACT_61/NACT_61_0001.nii.gz,16.790077209472656,21.801685333251953
images/NACT_61/NACT_61_0002.nii.gz,17.089427947998047,23.479963302612305
images/NACT_62/NACT_62_0001.nii.gz,21.799917221069336,25.240121841430664
images/NACT_62/NACT_62_0002.nii.gz,22.459989547729492,28.169696807861328
images/NACT_63/NACT_63_0002.nii.gz,14.046597480773926,17.705238342285156
images/NACT_63/NACT_63_0001.nii.gz,13.649812698364258,17.372785568237305
images/NACT_64/NACT_64_0002.nii.gz,20.405933380126953,26.94029426574707
images/NACT_64/NACT_64_0001.nii.gz,19.25002098083496,24.507265090942383
images/NACT_65/NACT_65_0002.nii.gz,16.387866973876953,14.741246223449707
images/NACT_65/NACT_65_0001.nii.gz,15.787853240966797,13.502824783325195
images/NACT_66/NACT_66_0001.nii.gz,24.256404876708984,22.03205680847168
images/NACT_66/NACT_66_0002.nii.gz,24.274131774902344,21.96007537841797
images/NACT_66/NACT_66_0003.nii.gz,24.32115936279297,22.40397834777832
images/NACT_67/NACT_67_0001.nii.gz,23.035064697265625,32.882362365722656
images/NACT_67/NACT_67_0002.nii.gz,23.166805267333984,35.23497772216797
images/NACT_68/NACT_68_0001.nii.gz,16.52959442138672,19.565650939941406
images/NACT_68/NACT_68_0002.nii.gz,16.748973846435547,20.45479393005371
